DROP Database IF EXISTS HospitalDB;
CREATE Database HospitalDB;
USE HospitalDB;

DROP Table IF EXISTS patients;
CREATE Table patients(
patientID       char(50) UNIQUE NOT NULL,
patient_lname   char(50),
patient_fname   char(50),
patient_mname   char(255),
gender          char(25),
patient_dob     date,
PRIMARY KEY(patientID)
);

DROP Table IF EXISTS patient_address; 
CREATE Table patient_address(
patientID   char(50),
city        char(50),
street      char(50),
FOREIGN KEY(patientID) REFERENCES patients(patientID)
);

DROP Table IF EXISTS patient_phoneno;
CREATE Table patient_phoneno(
patientID       char(50),
phone_number    char(50),
foreign key(patientID) references patients(patientID)
);

DROP Table IF EXISTS patient_family;
CREATE Table patient_family(
patientID  char(50),
relativeID char(50),
FOREIGN KEY(patientID) REFERENCES patients(patientID),
FOREIGN KEY(relativeID) REFERENCES patients(patientID)
);

DROP Table IF EXISTS employee;
CREATE Table employee(
employeeID  char(50) UNIQUE NOT NULL,
lname       char(50),
fname       char(50),
position    char(25),
PRIMARY KEY(employeeID)
);

DROP Table IF EXISTS employee_address; 
CREATE Table employee_address(
employeeID  char(50),
city        char(50),
street      char(50),
FOREIGN KEY(employeeID) REFERENCES employee(employeeID)
);

DROP Table IF EXISTS employee_phoneno;
CREATE Table employee_phoneno(
employeeID      char(50),
phone_number    char(50),
FOREIGN KEY(employeeID) REFERENCES employee(employeeID)
);

DROP Table IF EXISTS doctor;
CREATE Table doctor(
employeeID      char(50),
FOREIGN KEY(employeeID) REFERENCES employee(employeeID)
);

DROP Table IF EXISTS doctor_intern;
CREATE Table doctor_intern(
employeeID      char(50),
FOREIGN KEY(employeeID) REFERENCES employee(employeeID)
);

DROP Table IF EXISTS doctor_resident;
CREATE Table doctor_resident(
employeeID      char(50),
FOREIGN KEY(employeeID) REFERENCES employee(employeeID)
);

DROP Table IF EXISTS doctor_consultant;
CREATE Table doctor_consultant(
employeeID      char(50),
specialization  char(50),
FOREIGN KEY(employeeID) REFERENCES employee(employeeID)
);

DROP Table IF EXISTS nurse;
CREATE Table nurse(
employeeID  char(50),
dob         date,
FOREIGN KEY(employeeID) REFERENCES employee(employeeID)
);

DROP Table IF EXISTS nurse_registered;
CREATE Table nurse_registered(
employeeID      char(50),
FOREIGN KEY(employeeID) REFERENCES employee(employeeID)
);

DROP Table IF EXISTS nurse_midwife;
CREATE Table nurse_midwife(
employeeID      char(50),
FOREIGN KEY(employeeID) REFERENCES employee(employeeID)
);

DROP Table IF EXISTS nurse_enrolled;
CREATE Table nurse_enrolled(
employeeID      char(50),
FOREIGN KEY(employeeID) REFERENCES employee(employeeID)
);

DROP Table IF EXISTS medication;
CREATE Table medication(
medID    char(50) UNIQUE NOT NULL,
name     char(50),
stock    int,
PRIMARY KEY(medID)
);

DROP Table IF EXISTS disease;
CREATE Table disease(
dcode   char(50),
name    char(50),
PRIMARY KEY(dcode)
);

DROP Table IF EXISTS treatment;
CREATE Table treatment(
treatmentID     char(50),
name            char(50),
category        char(50),
PRIMARY KEY(treatmentID)
);

DROP Table IF EXISTS results;
CREATE Table results(
treatmentID      char(50),
description      char(255),
FOREIGN KEY(treatmentID) REFERENCES treatment(treatmentID)
);

DROP Table IF EXISTS scans;
CREATE Table scans(
treatmentID      char(50),
image_location   char(255),
FOREIGN KEY(treatmentID) REFERENCES treatment(treatmentID)
);

DROP Table IF EXISTS procedures;
CREATE Table procedures(
procedureID      char(50),
-- treatmentID      char(50),
description      char(255),
PRIMARY KEY(procedureID)
-- FOREIGN KEY(treatmentID) REFERENCES treatment(treatmentID)
);

DROP Table IF EXISTS treatment_given;
CREATE Table treatment_given(
patientID       char(50),
treatmentID     char(50),
treatment_type  char(255),
date_given      date,
FOREIGN KEY(patientID) REFERENCES patients(patientID),
FOREIGN KEY(treatmentID) REFERENCES treatment(treatmentID)
);

DROP Table IF EXISTS vitals;
CREATE Table vitals(
vitalID      char(50),
name         char(50),
description  char(255),
PRIMARY KEY(vitalID)
);

DROP Table IF EXISTS diagnosis;
CREATE Table diagnosis(
diagnosisID      char(50),
description      char(255),
PRIMARY KEY(diagnosisID)
);

DROP Table IF EXISTS patient_doctor;
CREATE Table patient_doctor(
patientID   char(50),
employeeID  char(50),
FOREIGN KEY(patientID) REFERENCES patients(patientID),
FOREIGN KEY(employeeID) REFERENCES employee(employeeID)
);

DROP Table IF EXISTS medication_disease;
CREATE Table medication_disease(
medID   char(50),
dcode   char(50),
FOREIGN KEY(medID) REFERENCES medication(medID),
FOREIGN KEY(dcode) REFERENCES disease(dcode)
);

DROP Table IF EXISTS medication_given;
CREATE Table medication_given(
patientID   char(50),
medID       char(50),
employeeID  char(50),
FOREIGN KEY(patientID) REFERENCES patients(patientID),
FOREIGN KEY(medID) REFERENCES medication(medID),
FOREIGN KEY(employeeID) REFERENCES employee(employeeID)
);

DROP Table IF EXISTS record;
CREATE Table record(
patientID   char(50),
employeeID  char(50),
diagnosisID char(50),
dcode       char(50),
vitalID     char(50),
record_date date,
FOREIGN KEY(patientID) REFERENCES patients(patientID),
FOREIGN KEY(employeeID) REFERENCES employee(employeeID),
FOREIGN KEY(diagnosisID) REFERENCES diagnosis(diagnosisID),
FOREIGN KEY(dcode) REFERENCES disease(dcode),
FOREIGN KEY(vitalID) REFERENCES vitals(vitalID)
);

-- [patient] and [patient_phoneno] data values --

INSERT INTO patients VALUES ('P-00000001', 'Anderson', 'Abraham', 'Andrew', 'male', '1995/3/10');
INSERT INTO patient_address VALUES ('P-00000001', 'Michaelborough', 'Stark Gardens');
INSERT INTO patient_phoneno VALUES ('P-00000001', '+1-(666)-510-0224');
INSERT INTO patients VALUES ('P-00000002', 'Anderson', 'Abigail', 'Angella', 'female', '1984/7/0');
INSERT INTO patient_address VALUES ('P-00000002', 'Port Tyler', 'John Valleys');
INSERT INTO patient_phoneno VALUES ('P-00000002', '+1-(541)-229-8954');
INSERT INTO patients VALUES ('P-00000003', 'Anderson', 'Andrew', 'Abraham', 'male', '1942/1/12');
INSERT INTO patient_address VALUES ('P-00000003', 'Chapmanburgh', 'Vaughan Radial');
INSERT INTO patient_phoneno VALUES ('P-00000003', '+1-(306)-201-7871');
INSERT INTO patients VALUES ('P-00000004', 'Anderson', 'Angella', 'Abigail', 'female', '2012/3/19');
INSERT INTO patient_address VALUES ('P-00000004', 'Ellisonhaven', 'Mckenzie Curve');
INSERT INTO patient_phoneno VALUES ('P-00000004', '+1-(564)-518-0055');
INSERT INTO patients VALUES ('P-00000005', 'Anderson', 'Arnold', 'Abraham', 'male', '1974/3/16');
INSERT INTO patient_address VALUES ('P-00000005', 'Johntown', 'Tanya Way');
INSERT INTO patient_phoneno VALUES ('P-00000005', '+1-(503)-967-7778');
INSERT INTO patients VALUES ('P-00000006', 'Anderson', 'Angelica', 'Abigail', 'female', '1960/0/8');
INSERT INTO patient_address VALUES ('P-00000006', 'North Mark', 'Steven Course');
INSERT INTO patient_phoneno VALUES ('P-00000006', '+1-(114)-086-7881');
INSERT INTO patients VALUES ('P-00000007', 'Anderson', 'Benjamin', 'Abraham', 'male', '1976/0/22');
INSERT INTO patient_address VALUES ('P-00000007', 'Royport', 'Robinson Way');
INSERT INTO patient_phoneno VALUES ('P-00000007', '+1-(533)-528-6643');
INSERT INTO patients VALUES ('P-00000008', 'Anderson', 'Amanda', 'Abigail', 'female', '1963/9/16');
INSERT INTO patient_address VALUES ('P-00000008', 'Sullivanborough', 'Edward Row');
INSERT INTO patient_phoneno VALUES ('P-00000008', '+1-(737)-293-3841');
INSERT INTO patients VALUES ('P-00000009', 'Anderson', 'Bill', 'Abraham', 'male', '1946/0/10');
INSERT INTO patient_address VALUES ('P-00000009', 'Stephenston', 'Gregory Centers');
INSERT INTO patient_phoneno VALUES ('P-00000009', '+1-(641)-854-7844');
INSERT INTO patients VALUES ('P-00000010', 'Anderson', 'Ann', 'Abigail', 'female', '1942/8/23');
INSERT INTO patient_address VALUES ('P-00000010', 'Lake Lisa', 'Craig Forks');
INSERT INTO patient_phoneno VALUES ('P-00000010', '+1-(902)-472-3828');
INSERT INTO patients VALUES ('P-00000011', 'Anderson', 'Boris', 'Abraham', 'male', '1972/6/0');
INSERT INTO patient_address VALUES ('P-00000011', 'Port Stephanie', 'Rogers Valley');
INSERT INTO patient_phoneno VALUES ('P-00000011', '+1-(241)-001-5641');
INSERT INTO patients VALUES ('P-00000012', 'Anderson', 'Becky', 'Abigail', 'female', '1969/10/8');
INSERT INTO patient_address VALUES ('P-00000012', 'South Jamieside', 'Jill Stravenue');
INSERT INTO patient_phoneno VALUES ('P-00000012', '+1-(586)-660-6081');
INSERT INTO patients VALUES ('P-00000013', 'Anderson', 'Carl', 'Abraham', 'male', '1944/4/28');
INSERT INTO patient_address VALUES ('P-00000013', 'Lake Tinamouth', 'Paul Street');
INSERT INTO patient_phoneno VALUES ('P-00000013', '+1-(770)-854-0860');
INSERT INTO patients VALUES ('P-00000014', 'Anderson', 'Bella', 'Abigail', 'female', '1950/4/9');
INSERT INTO patient_address VALUES ('P-00000014', 'Port Anne', 'Megan Lights');
INSERT INTO patient_phoneno VALUES ('P-00000014', '+1-(772)-371-2474');
INSERT INTO patients VALUES ('P-00000015', 'Anderson', 'Clifford', 'Abraham', 'male', '1975/0/25');
INSERT INTO patient_address VALUES ('P-00000015', 'Adamfort', 'Laura Branch');
INSERT INTO patient_phoneno VALUES ('P-00000015', '+1-(458)-394-5730');
INSERT INTO patients VALUES ('P-00000016', 'Anderson', 'Blaire', 'Abigail', 'female', '1952/9/28');
INSERT INTO patient_address VALUES ('P-00000016', 'Lake Danielmouth', 'Mark Center');
INSERT INTO patient_phoneno VALUES ('P-00000016', '+1-(969)-272-0432');
INSERT INTO patients VALUES ('P-00000017', 'Anderson', 'Clyde', 'Abraham', 'male', '1957/8/0');
INSERT INTO patient_address VALUES ('P-00000017', 'Pamelabury', 'Angela River');
INSERT INTO patient_phoneno VALUES ('P-00000017', '+1-(290)-212-3959');
INSERT INTO patients VALUES ('P-00000018', 'Anderson', 'Bonnie', 'Abigail', 'female', '1990/9/15');
INSERT INTO patient_address VALUES ('P-00000018', 'Lake Sarah', 'Atkinson Course');
INSERT INTO patient_phoneno VALUES ('P-00000018', '+1-(304)-011-5282');
INSERT INTO patients VALUES ('P-00000019', 'Anderson', 'Daniel', 'Abraham', 'male', '1946/7/17');
INSERT INTO patient_address VALUES ('P-00000019', 'North Logan', 'Tony Light');
INSERT INTO patient_phoneno VALUES ('P-00000019', '+1-(658)-595-7098');
INSERT INTO patients VALUES ('P-00000020', 'Anderson', 'Brittney', 'Abigail', 'female', '1994/8/24');
INSERT INTO patient_address VALUES ('P-00000020', 'Traciside', 'Hill Lock');
INSERT INTO patient_phoneno VALUES ('P-00000020', '+1-(287)-727-8202');
INSERT INTO patients VALUES ('P-00000021', 'Anderson', 'Dexter', 'Abraham', 'male', '1979/1/4');
INSERT INTO patient_address VALUES ('P-00000021', 'West Tammy', 'Traci Plaza');
INSERT INTO patient_phoneno VALUES ('P-00000021', '+1-(851)-268-0120');
INSERT INTO patients VALUES ('P-00000022', 'Anderson', 'Carly', 'Abigail', 'female', '1979/11/29');
INSERT INTO patient_address VALUES ('P-00000022', 'Bethanyton', 'Moore Stream');
INSERT INTO patient_phoneno VALUES ('P-00000022', '+1-(992)-568-5831');
INSERT INTO patients VALUES ('P-00000023', 'Anderson', 'Douglas', 'Abraham', 'male', '1976/3/18');
INSERT INTO patient_address VALUES ('P-00000023', 'Lake Alyssabury', 'Washington Road');
INSERT INTO patient_phoneno VALUES ('P-00000023', '+1-(300)-046-7186');
INSERT INTO patients VALUES ('P-00000024', 'Anderson', 'Carlene', 'Abigail', 'female', '1963/6/26');
INSERT INTO patient_address VALUES ('P-00000024', 'South Toddport', 'Deborah Turnpike');
INSERT INTO patient_phoneno VALUES ('P-00000024', '+1-(458)-738-6155');
INSERT INTO patients VALUES ('P-00000025', 'Anderson', 'Earl', 'Abraham', 'male', '1978/7/26');
INSERT INTO patient_address VALUES ('P-00000025', 'West Rachel', 'Garrett Valley');
INSERT INTO patient_phoneno VALUES ('P-00000025', '+1-(233)-416-2958');
INSERT INTO patients VALUES ('P-00000026', 'Anderson', 'Carrol', 'Abigail', 'female', '2007/2/5');
INSERT INTO patient_address VALUES ('P-00000026', 'Jarvismouth', 'Kimberly Hill');
INSERT INTO patient_phoneno VALUES ('P-00000026', '+1-(600)-532-2008');
INSERT INTO patients VALUES ('P-00000027', 'Anderson', 'EustisEmanuelErick', 'Abraham', 'male', '1954/7/11');
INSERT INTO patient_address VALUES ('P-00000027', 'North Christopher', 'Valenzuela Pine');
INSERT INTO patient_phoneno VALUES ('P-00000027', '+1-(317)-380-9058');
INSERT INTO patients VALUES ('P-00000028', 'Anderson', 'Christian', 'Abigail', 'female', '1969/8/22');
INSERT INTO patient_address VALUES ('P-00000028', 'Lake Christopherton', 'Jonathan Ways');
INSERT INTO patient_phoneno VALUES ('P-00000028', '+1-(814)-324-9150');
INSERT INTO patients VALUES ('P-00000029', 'Anderson', 'Franklin', 'Abraham', 'male', '2003/9/17');
INSERT INTO patient_address VALUES ('P-00000029', 'Angelicaberg', 'Haynes Via');
INSERT INTO patient_phoneno VALUES ('P-00000029', '+1-(143)-794-7646');
INSERT INTO patients VALUES ('P-00000030', 'Anderson', 'Clowey', 'Abigail', 'female', '2013/10/10');
INSERT INTO patient_address VALUES ('P-00000030', 'South Pamela', 'Mark Fords');
INSERT INTO patient_phoneno VALUES ('P-00000030', '+1-(747)-600-7553');
INSERT INTO patients VALUES ('P-00000031', 'Anderson', 'Fredrick', 'Abraham', 'male', '2004/11/10');
INSERT INTO patient_address VALUES ('P-00000031', 'East Rebecca', 'Steele Rapids');
INSERT INTO patient_phoneno VALUES ('P-00000031', '+1-(204)-874-8896');
INSERT INTO patients VALUES ('P-00000032', 'Anderson', 'Daniella', 'Abigail', 'female', '1999/6/9');
INSERT INTO patient_address VALUES ('P-00000032', 'Lake Toddberg', 'Hutchinson River');
INSERT INTO patient_phoneno VALUES ('P-00000032', '+1-(527)-951-8402');
INSERT INTO patients VALUES ('P-00000033', 'Anderson', 'Garfield', 'Abraham', 'male', '1977/6/13');
INSERT INTO patient_address VALUES ('P-00000033', 'Howardstad', 'Kevin Inlet');
INSERT INTO patient_phoneno VALUES ('P-00000033', '+1-(706)-220-6455');
INSERT INTO patients VALUES ('P-00000034', 'Anderson', 'Emily', 'Abigail', 'female', '2015/12/7');
INSERT INTO patient_address VALUES ('P-00000034', 'Danielleport', 'Jennifer Prairie');
INSERT INTO patient_phoneno VALUES ('P-00000034', '+1-(661)-690-2128');
INSERT INTO patients VALUES ('P-00000035', 'Anderson', 'Greggory', 'Abraham', 'male', '1979/11/19');
INSERT INTO patient_address VALUES ('P-00000035', 'Alvarezmouth', 'Williams Summit');
INSERT INTO patient_phoneno VALUES ('P-00000035', '+1-(679)-080-6899');
INSERT INTO patients VALUES ('P-00000036', 'Anderson', 'Eve', 'Abigail', 'female', '1961/5/29');
INSERT INTO patient_address VALUES ('P-00000036', 'Darrenview', 'Moore Mills');
INSERT INTO patient_phoneno VALUES ('P-00000036', '+1-(458)-690-6594');
INSERT INTO patients VALUES ('P-00000037', 'Anderson', 'Gordon', 'Abraham', 'male', '1986/0/15');
INSERT INTO patient_address VALUES ('P-00000037', 'West Emily', 'Hancock Falls');
INSERT INTO patient_phoneno VALUES ('P-00000037', '+1-(223)-716-6107');
INSERT INTO patients VALUES ('P-00000038', 'Anderson', 'Fiona', 'Abigail', 'female', '1973/4/7');
INSERT INTO patient_address VALUES ('P-00000038', 'North Shane', 'Owen Cape');
INSERT INTO patient_phoneno VALUES ('P-00000038', '+1-(433)-991-4135');
INSERT INTO patients VALUES ('P-00000039', 'Anderson', 'Gabriel', 'Abraham', 'male', '1982/7/8');
INSERT INTO patient_address VALUES ('P-00000039', 'Churchmouth', 'Meyer Camp');
INSERT INTO patient_phoneno VALUES ('P-00000039', '+1-(512)-317-8863');
INSERT INTO patients VALUES ('P-00000040', 'Anderson', 'Gabriella', 'Abigail', 'female', '1967/3/22');
INSERT INTO patient_address VALUES ('P-00000040', 'East Steven', 'Dylan View');
INSERT INTO patient_phoneno VALUES ('P-00000040', '+1-(776)-795-0757');
INSERT INTO patients VALUES ('P-00000041', 'Anderson', 'Garry', 'Abraham', 'male', '1944/0/27');
INSERT INTO patient_address VALUES ('P-00000041', 'Davidmouth', 'Dalton Circle');
INSERT INTO patient_phoneno VALUES ('P-00000041', '+1-(814)-867-4307');
INSERT INTO patients VALUES ('P-00000042', 'Anderson', 'Heather', 'Abigail', 'female', '1992/0/23');
INSERT INTO patient_address VALUES ('P-00000042', 'South Jackieland', 'Brown Isle');
INSERT INTO patient_phoneno VALUES ('P-00000042', '+1-(609)-977-6752');
INSERT INTO patients VALUES ('P-00000043', 'Anderson', 'Howard', 'Abraham', 'male', '2014/9/30');
INSERT INTO patient_address VALUES ('P-00000043', 'New Danielshire', 'Matthew Stravenue');
INSERT INTO patient_phoneno VALUES ('P-00000043', '+1-(767)-356-0149');
INSERT INTO patients VALUES ('P-00000044', 'Anderson', 'Isabelle', 'Abigail', 'female', '1990/11/23');
INSERT INTO patient_address VALUES ('P-00000044', 'Marshallshire', 'Taylor Glens');
INSERT INTO patient_phoneno VALUES ('P-00000044', '+1-(975)-132-2227');
INSERT INTO patients VALUES ('P-00000045', 'Anderson', 'Jack', 'Abraham', 'male', '1945/6/21');
INSERT INTO patient_address VALUES ('P-00000045', 'Phillipshaven', 'Lewis Parkways');
INSERT INTO patient_phoneno VALUES ('P-00000045', '+1-(707)-588-0246');
INSERT INTO patients VALUES ('P-00000046', 'Anderson', 'Jackalin', 'Abigail', 'female', '1949/7/13');
INSERT INTO patient_address VALUES ('P-00000046', 'Port Andrewport', 'Stacey River');
INSERT INTO patient_phoneno VALUES ('P-00000046', '+1-(482)-861-5887');
INSERT INTO patients VALUES ('P-00000047', 'Anderson', 'Jacob', 'Abraham', 'male', '2002/8/8');
INSERT INTO patient_address VALUES ('P-00000047', 'Hoffmanborough', 'Elizabeth Port');
INSERT INTO patient_phoneno VALUES ('P-00000047', '+1-(456)-651-0048');
INSERT INTO patients VALUES ('P-00000048', 'Anderson', 'Jennifer', 'Abigail', 'female', '1977/2/5');
INSERT INTO patient_address VALUES ('P-00000048', 'Jameshaven', 'Blake Junctions');
INSERT INTO patient_phoneno VALUES ('P-00000048', '+1-(249)-028-9977');
INSERT INTO patients VALUES ('P-00000049', 'Anderson', 'Jackson', 'Abraham', 'male', '1992/0/11');
INSERT INTO patient_address VALUES ('P-00000049', 'Smithmouth', 'Ewing Cape');
INSERT INTO patient_phoneno VALUES ('P-00000049', '+1-(950)-867-4983');
INSERT INTO patients VALUES ('P-00000050', 'Anderson', 'Jessica', 'Abigail', 'female', '1952/7/0');
INSERT INTO patient_address VALUES ('P-00000050', 'South Anthony', 'Donna Route');
INSERT INTO patient_phoneno VALUES ('P-00000050', '+1-(836)-829-5596');
INSERT INTO patients VALUES ('P-00000051', 'Anderson', 'Justin', 'Abraham', 'male', '1982/3/16');
INSERT INTO patient_address VALUES ('P-00000051', 'Lake Mark', 'Mcintyre Corners');
INSERT INTO patient_phoneno VALUES ('P-00000051', '+1-(843)-010-2746');
INSERT INTO patients VALUES ('P-00000052', 'Anderson', 'Jhenai', 'Abigail', 'female', '1989/8/30');
INSERT INTO patient_address VALUES ('P-00000052', 'Ramosshire', 'Samantha Fields');
INSERT INTO patient_phoneno VALUES ('P-00000052', '+1-(489)-215-7380');
INSERT INTO patients VALUES ('P-00000053', 'Anderson', 'Kelly', 'Abraham', 'male', '1975/9/5');
INSERT INTO patient_address VALUES ('P-00000053', 'Cathyfurt', 'Pennington Squares');
INSERT INTO patient_phoneno VALUES ('P-00000053', '+1-(381)-035-9428');
INSERT INTO patients VALUES ('P-00000054', 'Anderson', 'Jordan', 'Abigail', 'female', '2017/8/16');
INSERT INTO patient_address VALUES ('P-00000054', 'South Michael', 'Kristen Roads');
INSERT INTO patient_phoneno VALUES ('P-00000054', '+1-(198)-198-8081');
INSERT INTO patients VALUES ('P-00000055', 'Anderson', 'Ken', 'Abraham', 'male', '1958/5/13');
INSERT INTO patient_address VALUES ('P-00000055', 'West Michael', 'Amanda Passage');
INSERT INTO patient_phoneno VALUES ('P-00000055', '+1-(375)-756-0703');
INSERT INTO patients VALUES ('P-00000056', 'Anderson', 'Josie', 'Abigail', 'female', '1958/4/3');
INSERT INTO patient_address VALUES ('P-00000056', 'Dillonburgh', 'Rich Views');
INSERT INTO patient_phoneno VALUES ('P-00000056', '+1-(561)-548-2986');
INSERT INTO patients VALUES ('P-00000057', 'Anderson', 'Kenneth', 'Abraham', 'male', '2006/6/23');
INSERT INTO patient_address VALUES ('P-00000057', 'Port Meghanville', 'Graham Tunnel');
INSERT INTO patient_phoneno VALUES ('P-00000057', '+1-(526)-806-2476');
INSERT INTO patients VALUES ('P-00000058', 'Anderson', 'Jody', 'Abigail', 'female', '1965/6/30');
INSERT INTO patient_address VALUES ('P-00000058', 'North John', 'Edward Loop');
INSERT INTO patient_phoneno VALUES ('P-00000058', '+1-(309)-950-8059');
INSERT INTO patients VALUES ('P-00000059', 'Anderson', 'Kevin', 'Abraham', 'male', '1992/2/7');
INSERT INTO patient_address VALUES ('P-00000059', 'Port Ashleyview', 'Vargas Vista');
INSERT INTO patient_phoneno VALUES ('P-00000059', '+1-(347)-095-4384');
INSERT INTO patients VALUES ('P-00000060', 'Anderson', 'Jody-Ann', 'Abigail', 'female', '1978/0/24');
INSERT INTO patient_address VALUES ('P-00000060', 'New Eric', 'Maxwell Squares');
INSERT INTO patient_phoneno VALUES ('P-00000060', '+1-(229)-218-7279');
INSERT INTO patients VALUES ('P-00000061', 'Anderson', 'Keith', 'Abraham', 'male', '2004/8/28');
INSERT INTO patient_address VALUES ('P-00000061', 'Rodriguezview', 'Welch Point');
INSERT INTO patient_phoneno VALUES ('P-00000061', '+1-(909)-890-9540');
INSERT INTO patients VALUES ('P-00000062', 'Anderson', 'Karlene', 'Abigail', 'female', '1997/5/7');
INSERT INTO patient_address VALUES ('P-00000062', 'Thompsonmouth', 'John Neck');
INSERT INTO patient_phoneno VALUES ('P-00000062', '+1-(469)-332-9022');
INSERT INTO patients VALUES ('P-00000063', 'Anderson', 'Lewis', 'Abraham', 'male', '2012/7/22');
INSERT INTO patient_address VALUES ('P-00000063', 'Susanfurt', 'Wagner Trail');
INSERT INTO patient_phoneno VALUES ('P-00000063', '+1-(362)-699-1031');
INSERT INTO patients VALUES ('P-00000064', 'Anderson', 'Keezia', 'Abigail', 'female', '1974/3/13');
INSERT INTO patient_address VALUES ('P-00000064', 'New Cory', 'Jon Well');
INSERT INTO patient_phoneno VALUES ('P-00000064', '+1-(330)-406-5834');
INSERT INTO patients VALUES ('P-00000065', 'Anderson', 'Logan', 'Abraham', 'male', '1960/5/26');
INSERT INTO patient_address VALUES ('P-00000065', 'Kennedyhaven', 'William Knolls');
INSERT INTO patient_phoneno VALUES ('P-00000065', '+1-(440)-857-0014');
INSERT INTO patients VALUES ('P-00000066', 'Anderson', 'Kelly', 'Abigail', 'female', '2006/1/30');
INSERT INTO patient_address VALUES ('P-00000066', 'Lake Bruceberg', 'Trujillo Dale');
INSERT INTO patient_phoneno VALUES ('P-00000066', '+1-(376)-506-0671');
INSERT INTO patients VALUES ('P-00000067', 'Anderson', 'Marcus', 'Abraham', 'male', '1950/2/20');
INSERT INTO patient_address VALUES ('P-00000067', 'Edwardston', 'Brenda Groves');
INSERT INTO patient_phoneno VALUES ('P-00000067', '+1-(500)-712-3241');
INSERT INTO patients VALUES ('P-00000068', 'Anderson', 'Kelly-Ann', 'Abigail', 'female', '1974/7/2');
INSERT INTO patient_address VALUES ('P-00000068', 'Deckerberg', 'Joshua Lodge');
INSERT INTO patient_phoneno VALUES ('P-00000068', '+1-(868)-783-3121');
INSERT INTO patients VALUES ('P-00000069', 'Anderson', 'Maxwell', 'Abraham', 'male', '1994/4/7');
INSERT INTO patient_address VALUES ('P-00000069', 'Port Melissamouth', 'Kari Turnpike');
INSERT INTO patient_phoneno VALUES ('P-00000069', '+1-(516)-483-4821');
INSERT INTO patients VALUES ('P-00000070', 'Anderson', 'Kimberly', 'Abigail', 'female', '1943/10/20');
INSERT INTO patient_address VALUES ('P-00000070', 'Port Kimberly', 'Ward Summit');
INSERT INTO patient_phoneno VALUES ('P-00000070', '+1-(205)-762-7551');
INSERT INTO patients VALUES ('P-00000071', 'Anderson', 'Mitchum', 'Abraham', 'male', '1965/12/21');
INSERT INTO patient_address VALUES ('P-00000071', 'North Debbieborough', 'Lisa Flats');
INSERT INTO patient_phoneno VALUES ('P-00000071', '+1-(537)-840-1006');
INSERT INTO patients VALUES ('P-00000072', 'Anderson', 'Levi-Ann', 'Abigail', 'female', '1968/6/3');
INSERT INTO patient_address VALUES ('P-00000072', 'Robertstown', 'Baker Path');
INSERT INTO patient_phoneno VALUES ('P-00000072', '+1-(873)-422-6269');
INSERT INTO patients VALUES ('P-00000073', 'Anderson', 'Melvin', 'Abraham', 'male', '1966/1/8');
INSERT INTO patient_address VALUES ('P-00000073', 'Edwardchester', 'Morgan Walk');
INSERT INTO patient_phoneno VALUES ('P-00000073', '+1-(339)-100-2072');
INSERT INTO patients VALUES ('P-00000074', 'Anderson', 'Lisa', 'Abigail', 'female', '1952/11/13');
INSERT INTO patient_address VALUES ('P-00000074', 'Willieton', 'Henson Cliffs');
INSERT INTO patient_phoneno VALUES ('P-00000074', '+1-(244)-077-4467');
INSERT INTO patients VALUES ('P-00000075', 'Anderson', 'Morgan', 'Abraham', 'male', '1976/9/8');
INSERT INTO patient_address VALUES ('P-00000075', 'Rowetown', 'Mack Estate');
INSERT INTO patient_phoneno VALUES ('P-00000075', '+1-(249)-299-8228');
INSERT INTO patients VALUES ('P-00000076', 'Anderson', 'Lucy', 'Abigail', 'female', '1954/1/2');
INSERT INTO patient_address VALUES ('P-00000076', 'North Jasonland', 'Joseph Roads');
INSERT INTO patient_phoneno VALUES ('P-00000076', '+1-(614)-947-6989');
INSERT INTO patients VALUES ('P-00000077', 'Anderson', 'Nelson', 'Abraham', 'male', '1986/12/20');
INSERT INTO patient_address VALUES ('P-00000077', 'Lake Aaronshire', 'Olson Inlet');
INSERT INTO patient_phoneno VALUES ('P-00000077', '+1-(517)-036-0540');
INSERT INTO patients VALUES ('P-00000078', 'Anderson', 'Mary', 'Abigail', 'female', '1994/3/10');
INSERT INTO patient_address VALUES ('P-00000078', 'Stevenside', 'Weaver Ways');
INSERT INTO patient_phoneno VALUES ('P-00000078', '+1-(830)-335-6804');
INSERT INTO patients VALUES ('P-00000079', 'Anderson', 'Javier', 'Abraham', 'male', '1987/5/23');
INSERT INTO patient_address VALUES ('P-00000079', 'South Jeromeshire', 'Nicholas Viaduct');
INSERT INTO patient_phoneno VALUES ('P-00000079', '+1-(448)-437-8040');
INSERT INTO patients VALUES ('P-00000080', 'Anderson', 'Mary-AnnMellisa', 'Abigail', 'female', '1956/12/23');
INSERT INTO patient_address VALUES ('P-00000080', 'East Nathanchester', 'Janet Knoll');
INSERT INTO patient_phoneno VALUES ('P-00000080', '+1-(218)-380-4511');
INSERT INTO patients VALUES ('P-00000081', 'Anderson', 'Jordan', 'Abraham', 'male', '1948/7/26');
INSERT INTO patient_address VALUES ('P-00000081', 'Lake Ryanside', 'Connor Inlet');
INSERT INTO patient_phoneno VALUES ('P-00000081', '+1-(444)-224-4679');
INSERT INTO patients VALUES ('P-00000082', 'Anderson', 'Megan', 'Abigail', 'female', '2002/7/12');
INSERT INTO patient_address VALUES ('P-00000082', 'Castillofort', 'Hill Lodge');
INSERT INTO patient_phoneno VALUES ('P-00000082', '+1-(409)-524-6758');
INSERT INTO patients VALUES ('P-00000083', 'Anderson', 'Oliver', 'Abraham', 'male', '1969/5/0');
INSERT INTO patient_address VALUES ('P-00000083', 'Brandonfurt', 'Gordon Ferry');
INSERT INTO patient_phoneno VALUES ('P-00000083', '+1-(513)-068-0673');
INSERT INTO patients VALUES ('P-00000084', 'Anderson', 'Minerva', 'Abigail', 'female', '2008/3/6');
INSERT INTO patient_address VALUES ('P-00000084', 'Allenburgh', 'Moreno Parkways');
INSERT INTO patient_phoneno VALUES ('P-00000084', '+1-(518)-206-0769');
INSERT INTO patients VALUES ('P-00000085', 'Anderson', 'Osborne', 'Abraham', 'male', '2017/5/9');
INSERT INTO patient_address VALUES ('P-00000085', 'West Toddton', 'Angela Ridge');
INSERT INTO patient_phoneno VALUES ('P-00000085', '+1-(469)-190-4507');
INSERT INTO patients VALUES ('P-00000086', 'Anderson', 'Molly', 'Abigail', 'female', '2002/10/15');
INSERT INTO patient_address VALUES ('P-00000086', 'Brooksburgh', 'Jane Expressway');
INSERT INTO patient_phoneno VALUES ('P-00000086', '+1-(769)-427-5093');
INSERT INTO patients VALUES ('P-00000087', 'Anderson', 'Patrick', 'Abraham', 'male', '1946/5/16');
INSERT INTO patient_address VALUES ('P-00000087', 'Ralphfort', 'Matthews Track');
INSERT INTO patient_phoneno VALUES ('P-00000087', '+1-(543)-112-2981');
INSERT INTO patients VALUES ('P-00000088', 'Anderson', 'Nicoline', 'Abigail', 'female', '1954/0/12');
INSERT INTO patient_address VALUES ('P-00000088', 'South Michelemouth', 'Underwood Grove');
INSERT INTO patient_phoneno VALUES ('P-00000088', '+1-(330)-850-6378');
INSERT INTO patients VALUES ('P-00000089', 'Anderson', 'Paul', 'Abraham', 'male', '2009/12/27');
INSERT INTO patient_address VALUES ('P-00000089', 'East Tammyborough', 'Ward Lock');
INSERT INTO patient_phoneno VALUES ('P-00000089', '+1-(132)-928-3233');
INSERT INTO patients VALUES ('P-00000090', 'Anderson', 'Nelly', 'Abigail', 'female', '1958/10/16');
INSERT INTO patient_address VALUES ('P-00000090', 'Martinport', 'Serrano Trafficway');
INSERT INTO patient_phoneno VALUES ('P-00000090', '+1-(982)-084-4610');
INSERT INTO patients VALUES ('P-00000091', 'Anderson', 'Quinton', 'Abraham', 'male', '1993/6/16');
INSERT INTO patient_address VALUES ('P-00000091', 'Schneiderbury', 'Linda Vista');
INSERT INTO patient_phoneno VALUES ('P-00000091', '+1-(840)-232-1453');
INSERT INTO patients VALUES ('P-00000092', 'Anderson', 'Olive', 'Abigail', 'female', '1943/12/3');
INSERT INTO patient_address VALUES ('P-00000092', 'South Sean', 'Sullivan Road');
INSERT INTO patient_phoneno VALUES ('P-00000092', '+1-(642)-809-2988');
INSERT INTO patients VALUES ('P-00000093', 'Anderson', 'Ray', 'Abraham', 'male', '1973/11/29');
INSERT INTO patient_address VALUES ('P-00000093', 'Chapmanport', 'Alice Shore');
INSERT INTO patient_phoneno VALUES ('P-00000093', '+1-(118)-894-4240');
INSERT INTO patients VALUES ('P-00000094', 'Anderson', 'Patrice', 'Abigail', 'female', '2005/5/2');
INSERT INTO patient_address VALUES ('P-00000094', 'Hobbsburgh', 'Vazquez Valleys');
INSERT INTO patient_phoneno VALUES ('P-00000094', '+1-(206)-750-1131');
INSERT INTO patients VALUES ('P-00000095', 'Anderson', 'Reece', 'Abraham', 'male', '1960/3/24');
INSERT INTO patient_address VALUES ('P-00000095', 'Ethanfurt', 'Daniel Cove');
INSERT INTO patient_phoneno VALUES ('P-00000095', '+1-(314)-823-2357');
INSERT INTO patients VALUES ('P-00000096', 'Anderson', 'Penelope', 'Abigail', 'female', '2007/10/13');
INSERT INTO patient_address VALUES ('P-00000096', 'East Ricardo', 'Hernandez Bridge');
INSERT INTO patient_phoneno VALUES ('P-00000096', '+1-(509)-067-8641');
INSERT INTO patients VALUES ('P-00000097', 'Anderson', 'Robert', 'Abraham', 'male', '1976/5/21');
INSERT INTO patient_address VALUES ('P-00000097', 'East Karenville', 'Cruz Square');
INSERT INTO patient_phoneno VALUES ('P-00000097', '+1-(890)-396-5007');
INSERT INTO patients VALUES ('P-00000098', 'Anderson', 'Rebecca', 'Abigail', 'female', '1997/2/3');
INSERT INTO patient_address VALUES ('P-00000098', 'South Waynemouth', 'Colton Underpass');
INSERT INTO patient_phoneno VALUES ('P-00000098', '+1-(421)-255-4507');
INSERT INTO patients VALUES ('P-00000099', 'Anderson', 'Ronald', 'Abraham', 'male', '1995/12/24');
INSERT INTO patient_address VALUES ('P-00000099', 'Colemanport', 'Robbins Divide');
INSERT INTO patient_phoneno VALUES ('P-00000099', '+1-(204)-610-6157');
INSERT INTO patients VALUES ('P-00000100', 'Anderson', 'Roberta', 'Abigail', 'female', '1983/2/22');
INSERT INTO patient_address VALUES ('P-00000100', 'Smithburgh', 'Rogers Passage');
INSERT INTO patient_phoneno VALUES ('P-00000100', '+1-(265)-193-2339');
INSERT INTO patients VALUES ('P-00000101', 'Anderson', 'Samuel', 'Abraham', 'male', '2013/12/9');
INSERT INTO patient_address VALUES ('P-00000101', 'Deanmouth', 'Carter Rue');
INSERT INTO patient_phoneno VALUES ('P-00000101', '+1-(257)-118-7239');
INSERT INTO patients VALUES ('P-00000102', 'Anderson', 'Samantha', 'Abigail', 'female', '1946/0/16');
INSERT INTO patient_address VALUES ('P-00000102', 'New Jennifermouth', 'Dawn Key');
INSERT INTO patient_phoneno VALUES ('P-00000102', '+1-(503)-519-2655');
INSERT INTO patients VALUES ('P-00000103', 'Anderson', 'Simon', 'Abraham', 'male', '2007/0/2');
INSERT INTO patient_address VALUES ('P-00000103', 'Susanmouth', 'Zachary Lane');
INSERT INTO patient_phoneno VALUES ('P-00000103', '+1-(119)-978-9057');
INSERT INTO patients VALUES ('P-00000104', 'Anderson', 'Sara', 'Abigail', 'female', '2016/9/5');
INSERT INTO patient_address VALUES ('P-00000104', 'Buckleyburgh', 'Stacey Corner');
INSERT INTO patient_phoneno VALUES ('P-00000104', '+1-(182)-442-4973');
INSERT INTO patients VALUES ('P-00000105', 'Anderson', 'Timothy', 'Abraham', 'male', '1996/2/25');
INSERT INTO patient_address VALUES ('P-00000105', 'West Alan', 'Leon Terrace');
INSERT INTO patient_phoneno VALUES ('P-00000105', '+1-(242)-824-0520');
INSERT INTO patients VALUES ('P-00000106', 'Anderson', 'Simone', 'Abigail', 'female', '1986/2/25');
INSERT INTO patient_address VALUES ('P-00000106', 'Port Georgeville', 'Miller Valleys');
INSERT INTO patient_phoneno VALUES ('P-00000106', '+1-(545)-822-9824');
INSERT INTO patients VALUES ('P-00000107', 'Anderson', 'Tyrese', 'Abraham', 'male', '2005/12/19');
INSERT INTO patient_address VALUES ('P-00000107', 'West Thomasshire', 'Greer Rapids');
INSERT INTO patient_phoneno VALUES ('P-00000107', '+1-(798)-012-4911');
INSERT INTO patients VALUES ('P-00000108', 'Anderson', 'Susane', 'Abigail', 'female', '1986/8/21');
INSERT INTO patient_address VALUES ('P-00000108', 'Johnsonton', 'James Junctions');
INSERT INTO patient_phoneno VALUES ('P-00000108', '+1-(155)-136-6824');
INSERT INTO patients VALUES ('P-00000109', 'Anderson', 'Uther', 'Abraham', 'male', '1986/4/12');
INSERT INTO patient_address VALUES ('P-00000109', 'Lake Carrie', 'Hernandez Isle');
INSERT INTO patient_phoneno VALUES ('P-00000109', '+1-(136)-053-4658');
INSERT INTO patients VALUES ('P-00000110', 'Anderson', 'Taylor', 'Abigail', 'female', '1999/0/0');
INSERT INTO patient_address VALUES ('P-00000110', 'Jeffreystad', 'Huynh Grove');
INSERT INTO patient_phoneno VALUES ('P-00000110', '+1-(388)-614-8238');
INSERT INTO patients VALUES ('P-00000111', 'Anderson', 'Vincent', 'Abraham', 'male', '1963/4/29');
INSERT INTO patient_address VALUES ('P-00000111', 'Christopherburgh', 'Anthony Mews');
INSERT INTO patient_phoneno VALUES ('P-00000111', '+1-(118)-434-5624');
INSERT INTO patients VALUES ('P-00000112', 'Anderson', 'Tiffany', 'Abigail', 'female', '1960/10/20');
INSERT INTO patient_address VALUES ('P-00000112', 'Gonzaleztown', 'Jamie Haven');
INSERT INTO patient_phoneno VALUES ('P-00000112', '+1-(300)-609-8407');
INSERT INTO patients VALUES ('P-00000113', 'Anderson', 'Wallace', 'Abraham', 'male', '1957/3/5');
INSERT INTO patient_address VALUES ('P-00000113', 'Tylerton', 'Williams Club');
INSERT INTO patient_phoneno VALUES ('P-00000113', '+1-(319)-870-6349');
INSERT INTO patients VALUES ('P-00000114', 'Anderson', 'Trisha', 'Abigail', 'female', '2003/3/20');
INSERT INTO patient_address VALUES ('P-00000114', 'Rebeccaburgh', 'Scott Trace');
INSERT INTO patient_phoneno VALUES ('P-00000114', '+1-(239)-770-4426');
INSERT INTO patients VALUES ('P-00000115', 'Anderson', 'Watson', 'Abraham', 'male', '2004/6/21');
INSERT INTO patient_address VALUES ('P-00000115', 'Parkerburgh', 'Howe Walk');
INSERT INTO patient_phoneno VALUES ('P-00000115', '+1-(656)-250-0302');
INSERT INTO patients VALUES ('P-00000116', 'Anderson', 'Trudy', 'Abigail', 'female', '1949/3/15');
INSERT INTO patient_address VALUES ('P-00000116', 'Port Taylorfort', 'Jerry Ports');
INSERT INTO patient_phoneno VALUES ('P-00000116', '+1-(517)-393-4781');
INSERT INTO patients VALUES ('P-00000117', 'Anderson', 'Wendel', 'Abraham', 'male', '2005/6/28');
INSERT INTO patient_address VALUES ('P-00000117', 'Marthabury', 'Martin Land');
INSERT INTO patient_phoneno VALUES ('P-00000117', '+1-(308)-170-4392');
INSERT INTO patients VALUES ('P-00000118', 'Anderson', 'Trudy-Ann', 'Abigail', 'female', '2006/12/12');
INSERT INTO patient_address VALUES ('P-00000118', 'Christinahaven', 'Berger Wall');
INSERT INTO patient_phoneno VALUES ('P-00000118', '+1-(184)-863-4819');
INSERT INTO patients VALUES ('P-00000119', 'Anderson', 'West', 'Abraham', 'male', '1954/2/14');
INSERT INTO patient_address VALUES ('P-00000119', 'Lake Haileyshire', 'Denise Well');
INSERT INTO patient_phoneno VALUES ('P-00000119', '+1-(543)-611-8655');
INSERT INTO patients VALUES ('P-00000120', 'Anderson', 'Ulga', 'Abigail', 'female', '2008/3/17');
INSERT INTO patient_address VALUES ('P-00000120', 'North Sabrina', 'Berry Manors');
INSERT INTO patient_phoneno VALUES ('P-00000120', '+1-(577)-304-6366');
INSERT INTO patients VALUES ('P-00000121', 'Anderson', 'Wilbert', 'Abraham', 'male', '1998/7/19');
INSERT INTO patient_address VALUES ('P-00000121', 'Port Matthew', 'Haley Terrace');
INSERT INTO patient_phoneno VALUES ('P-00000121', '+1-(100)-953-0900');
INSERT INTO patients VALUES ('P-00000122', 'Anderson', 'Valentine', 'Abigail', 'female', '1954/11/22');
INSERT INTO patient_address VALUES ('P-00000122', 'West Bryanmouth', 'Jacqueline Drive');
INSERT INTO patient_phoneno VALUES ('P-00000122', '+1-(958)-179-8928');
INSERT INTO patients VALUES ('P-00000123', 'Anderson', 'Willis', 'Abraham', 'male', '1964/10/13');
INSERT INTO patient_address VALUES ('P-00000123', 'Robertfort', 'Candice Wall');
INSERT INTO patient_phoneno VALUES ('P-00000123', '+1-(350)-940-3316');
INSERT INTO patients VALUES ('P-00000124', 'Anderson', 'Victoria', 'Abigail', 'female', '2008/2/9');
INSERT INTO patient_address VALUES ('P-00000124', 'Heatherton', 'Clark Circles');
INSERT INTO patient_phoneno VALUES ('P-00000124', '+1-(713)-759-8497');
INSERT INTO patients VALUES ('P-00000125', 'Anderson', 'William', 'Abraham', 'male', '1956/6/13');
INSERT INTO patient_address VALUES ('P-00000125', 'Simsborough', 'Joseph Forest');
INSERT INTO patient_phoneno VALUES ('P-00000125', '+1-(210)-496-5051');
INSERT INTO patients VALUES ('P-00000126', 'Anderson', 'Wanda', 'Abigail', 'female', '2013/1/2');
INSERT INTO patient_address VALUES ('P-00000126', 'Lawrenceport', 'Adriana Passage');
INSERT INTO patient_phoneno VALUES ('P-00000126', '+1-(689)-733-0103');
INSERT INTO patients VALUES ('P-00000127', 'Anderson', 'Wilson', 'Abraham', 'male', '2013/8/10');
INSERT INTO patient_address VALUES ('P-00000127', 'West Jeffreyhaven', 'Bradley Views');
INSERT INTO patient_phoneno VALUES ('P-00000127', '+1-(578)-818-2932');
INSERT INTO patients VALUES ('P-00000128', 'Anderson', 'Wendy', 'Abigail', 'female', '2015/6/24');
INSERT INTO patient_address VALUES ('P-00000128', 'Jenniferview', 'Rivera Inlet');
INSERT INTO patient_phoneno VALUES ('P-00000128', '+1-(995)-119-2401');
INSERT INTO patients VALUES ('P-00000129', 'Anderson', 'Xander', 'Abraham', 'male', '1984/12/19');
INSERT INTO patient_address VALUES ('P-00000129', 'Lauriefort', 'Gallagher Bridge');
INSERT INTO patient_phoneno VALUES ('P-00000129', '+1-(971)-451-3441');
INSERT INTO patients VALUES ('P-00000130', 'Anderson', 'Yvone', 'Abigail', 'female', '1999/3/13');
INSERT INTO patient_address VALUES ('P-00000130', 'East Michelleburgh', 'Mendez Villages');
INSERT INTO patient_phoneno VALUES ('P-00000130', '+1-(104)-997-3438');
INSERT INTO patients VALUES ('P-00000131', 'Anderson', 'Xavier', 'Abraham', 'male', '1986/7/19');
INSERT INTO patient_address VALUES ('P-00000131', 'Lake Erika', 'Becker Track');
INSERT INTO patient_phoneno VALUES ('P-00000131', '+1-(567)-190-6851');
INSERT INTO patients VALUES ('P-00000132', 'Anderson', 'Zoey', 'Abigail', 'female', '2010/3/22');
INSERT INTO patient_address VALUES ('P-00000132', 'Santosstad', 'Ruiz Keys');
INSERT INTO patient_phoneno VALUES ('P-00000132', '+1-(536)-272-3961');
INSERT INTO patients VALUES ('P-00000133', 'Anderson', 'Zackery', 'Abraham', 'male', '1954/12/3');
INSERT INTO patient_address VALUES ('P-00000133', 'Tiffanyport', 'Perry Valleys');
INSERT INTO patient_phoneno VALUES ('P-00000133', '+1-(792)-329-3926');
INSERT INTO patients VALUES ('P-00000134', 'Anderson', 'Zackery', 'Abraham', 'male', '1956/5/11');
INSERT INTO patient_address VALUES ('P-00000134', 'Vargasborough', 'Smith Villages');
INSERT INTO patient_phoneno VALUES ('P-00000134', '+1-(446)-039-2587');
INSERT INTO patients VALUES ('P-00000135', 'Andrews', 'Abraham', 'Andrew', 'male', '1998/4/7');
INSERT INTO patient_address VALUES ('P-00000135', 'South David', 'Taylor Springs');
INSERT INTO patient_phoneno VALUES ('P-00000135', '+1-(854)-840-3416');
INSERT INTO patients VALUES ('P-00000136', 'Andrews', 'Abigail', 'Angella', 'female', '1985/9/17');
INSERT INTO patient_address VALUES ('P-00000136', 'North Luisstad', 'Heather Falls');
INSERT INTO patient_phoneno VALUES ('P-00000136', '+1-(209)-326-5297');
INSERT INTO patients VALUES ('P-00000137', 'Andrews', 'Andrew', 'Abraham', 'male', '1985/5/26');
INSERT INTO patient_address VALUES ('P-00000137', 'North Margaretstad', 'Jackson Dale');
INSERT INTO patient_phoneno VALUES ('P-00000137', '+1-(183)-821-2632');
INSERT INTO patients VALUES ('P-00000138', 'Andrews', 'Angella', 'Abigail', 'female', '2009/2/2');
INSERT INTO patient_address VALUES ('P-00000138', 'Lake Garyside', 'Lewis Crescent');
INSERT INTO patient_phoneno VALUES ('P-00000138', '+1-(289)-591-3663');
INSERT INTO patients VALUES ('P-00000139', 'Andrews', 'Arnold', 'Abraham', 'male', '1946/7/30');
INSERT INTO patient_address VALUES ('P-00000139', 'Mariatown', 'Olson Passage');
INSERT INTO patient_phoneno VALUES ('P-00000139', '+1-(954)-879-2985');
INSERT INTO patients VALUES ('P-00000140', 'Andrews', 'Angelica', 'Abigail', 'female', '2000/6/17');
INSERT INTO patient_address VALUES ('P-00000140', 'Mariahbury', 'Mcpherson Landing');
INSERT INTO patient_phoneno VALUES ('P-00000140', '+1-(186)-567-7548');
INSERT INTO patients VALUES ('P-00000141', 'Andrews', 'Benjamin', 'Abraham', 'male', '1985/10/17');
INSERT INTO patient_address VALUES ('P-00000141', 'Harrischester', 'Christine Alley');
INSERT INTO patient_phoneno VALUES ('P-00000141', '+1-(954)-304-5639');
INSERT INTO patients VALUES ('P-00000142', 'Andrews', 'Amanda', 'Abigail', 'female', '1959/12/12');
INSERT INTO patient_address VALUES ('P-00000142', 'East Alexis', 'Medina Courts');
INSERT INTO patient_phoneno VALUES ('P-00000142', '+1-(503)-319-5461');
INSERT INTO patients VALUES ('P-00000143', 'Andrews', 'Bill', 'Abraham', 'male', '1976/2/13');
INSERT INTO patient_address VALUES ('P-00000143', 'New Jamesborough', 'Mckinney Centers');
INSERT INTO patient_phoneno VALUES ('P-00000143', '+1-(253)-613-5587');
INSERT INTO patients VALUES ('P-00000144', 'Andrews', 'Ann', 'Abigail', 'female', '1971/3/4');
INSERT INTO patient_address VALUES ('P-00000144', 'South Garychester', 'Melinda Mills');
INSERT INTO patient_phoneno VALUES ('P-00000144', '+1-(441)-385-5904');
INSERT INTO patients VALUES ('P-00000145', 'Andrews', 'Boris', 'Abraham', 'male', '1991/0/4');
INSERT INTO patient_address VALUES ('P-00000145', 'Lake Justinview', 'Lisa River');
INSERT INTO patient_phoneno VALUES ('P-00000145', '+1-(736)-033-0321');
INSERT INTO patients VALUES ('P-00000146', 'Andrews', 'Becky', 'Abigail', 'female', '1977/4/1');
INSERT INTO patient_address VALUES ('P-00000146', 'Calderonland', 'Ward Lodge');
INSERT INTO patient_phoneno VALUES ('P-00000146', '+1-(725)-054-1122');
INSERT INTO patients VALUES ('P-00000147', 'Andrews', 'Carl', 'Abraham', 'male', '1946/9/4');
INSERT INTO patient_address VALUES ('P-00000147', 'Jonesfort', 'Pierce Pines');
INSERT INTO patient_phoneno VALUES ('P-00000147', '+1-(450)-747-1510');
INSERT INTO patients VALUES ('P-00000148', 'Andrews', 'Bella', 'Abigail', 'female', '1992/1/17');
INSERT INTO patient_address VALUES ('P-00000148', 'Nashberg', 'Joshua Loaf');
INSERT INTO patient_phoneno VALUES ('P-00000148', '+1-(393)-973-8364');
INSERT INTO patients VALUES ('P-00000149', 'Andrews', 'Clifford', 'Abraham', 'male', '1957/4/25');
INSERT INTO patient_address VALUES ('P-00000149', 'West Heathermouth', 'Tiffany Corners');
INSERT INTO patient_phoneno VALUES ('P-00000149', '+1-(848)-353-7981');
INSERT INTO patients VALUES ('P-00000150', 'Andrews', 'Blaire', 'Abigail', 'female', '2007/1/20');
INSERT INTO patient_address VALUES ('P-00000150', 'Diazhaven', 'Hernandez Roads');
INSERT INTO patient_phoneno VALUES ('P-00000150', '+1-(755)-649-4249');
INSERT INTO patients VALUES ('P-00000151', 'Andrews', 'Clyde', 'Abraham', 'male', '1951/12/14');
INSERT INTO patient_address VALUES ('P-00000151', 'Jeremychester', 'Myers Mill');
INSERT INTO patient_phoneno VALUES ('P-00000151', '+1-(259)-089-5963');
INSERT INTO patients VALUES ('P-00000152', 'Andrews', 'Bonnie', 'Abigail', 'female', '1944/11/10');
INSERT INTO patient_address VALUES ('P-00000152', 'Everettville', 'Michael Radial');
INSERT INTO patient_phoneno VALUES ('P-00000152', '+1-(794)-110-3110');
INSERT INTO patients VALUES ('P-00000153', 'Andrews', 'Daniel', 'Abraham', 'male', '2009/7/4');
INSERT INTO patient_address VALUES ('P-00000153', 'New Heatherfort', 'Hall Streets');
INSERT INTO patient_phoneno VALUES ('P-00000153', '+1-(469)-700-4033');
INSERT INTO patients VALUES ('P-00000154', 'Andrews', 'Brittney', 'Abigail', 'female', '1947/8/17');
INSERT INTO patient_address VALUES ('P-00000154', 'Damonchester', 'Gonzales Squares');
INSERT INTO patient_phoneno VALUES ('P-00000154', '+1-(672)-684-2240');
INSERT INTO patients VALUES ('P-00000155', 'Andrews', 'Dexter', 'Abraham', 'male', '1981/5/9');
INSERT INTO patient_address VALUES ('P-00000155', 'Port Bethany', 'Eric Springs');
INSERT INTO patient_phoneno VALUES ('P-00000155', '+1-(169)-754-2926');
INSERT INTO patients VALUES ('P-00000156', 'Andrews', 'Carly', 'Abigail', 'female', '1990/2/16');
INSERT INTO patient_address VALUES ('P-00000156', 'South Christina', 'Kelly Mountains');
INSERT INTO patient_phoneno VALUES ('P-00000156', '+1-(768)-481-6639');
INSERT INTO patients VALUES ('P-00000157', 'Andrews', 'Douglas', 'Abraham', 'male', '1982/3/12');
INSERT INTO patient_address VALUES ('P-00000157', 'West Veronicachester', 'White Hills');
INSERT INTO patient_phoneno VALUES ('P-00000157', '+1-(864)-019-8915');
INSERT INTO patients VALUES ('P-00000158', 'Andrews', 'Carlene', 'Abigail', 'female', '1972/11/15');
INSERT INTO patient_address VALUES ('P-00000158', 'Amyfort', 'Hanna Isle');
INSERT INTO patient_phoneno VALUES ('P-00000158', '+1-(356)-650-1545');
INSERT INTO patients VALUES ('P-00000159', 'Andrews', 'Earl', 'Abraham', 'male', '1949/8/21');
INSERT INTO patient_address VALUES ('P-00000159', 'Justinbury', 'Sean Light');
INSERT INTO patient_phoneno VALUES ('P-00000159', '+1-(719)-417-0153');
INSERT INTO patients VALUES ('P-00000160', 'Andrews', 'Carrol', 'Abigail', 'female', '1973/11/22');
INSERT INTO patient_address VALUES ('P-00000160', 'North Betty', 'Willis Club');
INSERT INTO patient_phoneno VALUES ('P-00000160', '+1-(108)-156-9193');
INSERT INTO patients VALUES ('P-00000161', 'Andrews', 'EustisEmanuelErick', 'Abraham', 'male', '1961/9/21');
INSERT INTO patient_address VALUES ('P-00000161', 'Taylorbury', 'Pierce Viaduct');
INSERT INTO patient_phoneno VALUES ('P-00000161', '+1-(655)-583-4107');
INSERT INTO patients VALUES ('P-00000162', 'Andrews', 'Christian', 'Abigail', 'female', '1991/3/1');
INSERT INTO patient_address VALUES ('P-00000162', 'Williamton', 'Madison Valleys');
INSERT INTO patient_phoneno VALUES ('P-00000162', '+1-(819)-278-2741');
INSERT INTO patients VALUES ('P-00000163', 'Andrews', 'Franklin', 'Abraham', 'male', '1956/10/14');
INSERT INTO patient_address VALUES ('P-00000163', 'Penningtonburgh', 'Christopher Highway');
INSERT INTO patient_phoneno VALUES ('P-00000163', '+1-(748)-509-9835');
INSERT INTO patients VALUES ('P-00000164', 'Andrews', 'Clowey', 'Abigail', 'female', '1942/3/15');
INSERT INTO patient_address VALUES ('P-00000164', 'Griffintown', 'Martinez Greens');
INSERT INTO patient_phoneno VALUES ('P-00000164', '+1-(778)-474-7249');
INSERT INTO patients VALUES ('P-00000165', 'Andrews', 'Fredrick', 'Abraham', 'male', '1968/3/19');
INSERT INTO patient_address VALUES ('P-00000165', 'West Jacobshire', 'Roberson Forest');
INSERT INTO patient_phoneno VALUES ('P-00000165', '+1-(757)-350-6436');
INSERT INTO patients VALUES ('P-00000166', 'Andrews', 'Daniella', 'Abigail', 'female', '1998/7/15');
INSERT INTO patient_address VALUES ('P-00000166', 'Watkinsmouth', 'Sherri Landing');
INSERT INTO patient_phoneno VALUES ('P-00000166', '+1-(274)-754-9386');
INSERT INTO patients VALUES ('P-00000167', 'Andrews', 'Garfield', 'Abraham', 'male', '1949/7/29');
INSERT INTO patient_address VALUES ('P-00000167', 'South Stephen', 'Smith Summit');
INSERT INTO patient_phoneno VALUES ('P-00000167', '+1-(175)-745-4177');
INSERT INTO patients VALUES ('P-00000168', 'Andrews', 'Emily', 'Abigail', 'female', '1987/4/17');
INSERT INTO patient_address VALUES ('P-00000168', 'Stacyhaven', 'Christine Courts');
INSERT INTO patient_phoneno VALUES ('P-00000168', '+1-(256)-667-8560');
INSERT INTO patients VALUES ('P-00000169', 'Andrews', 'Greggory', 'Abraham', 'male', '1966/6/13');
INSERT INTO patient_address VALUES ('P-00000169', 'Robinsonberg', 'Hogan Meadow');
INSERT INTO patient_phoneno VALUES ('P-00000169', '+1-(541)-981-8182');
INSERT INTO patients VALUES ('P-00000170', 'Andrews', 'Eve', 'Abigail', 'female', '1963/12/28');
INSERT INTO patient_address VALUES ('P-00000170', 'New Alexander', 'Robert Highway');
INSERT INTO patient_phoneno VALUES ('P-00000170', '+1-(846)-193-3595');
INSERT INTO patients VALUES ('P-00000171', 'Andrews', 'Gordon', 'Abraham', 'male', '1946/2/22');
INSERT INTO patient_address VALUES ('P-00000171', 'Amyport', 'Key Estates');
INSERT INTO patient_phoneno VALUES ('P-00000171', '+1-(552)-397-0487');
INSERT INTO patients VALUES ('P-00000172', 'Andrews', 'Fiona', 'Abigail', 'female', '1972/7/10');
INSERT INTO patient_address VALUES ('P-00000172', 'Jaredton', 'Ingram Motorway');
INSERT INTO patient_phoneno VALUES ('P-00000172', '+1-(520)-502-3427');
INSERT INTO patients VALUES ('P-00000173', 'Andrews', 'Gabriel', 'Abraham', 'male', '1966/9/27');
INSERT INTO patient_address VALUES ('P-00000173', 'Newmantown', 'Jennifer Inlet');
INSERT INTO patient_phoneno VALUES ('P-00000173', '+1-(385)-467-3947');
INSERT INTO patients VALUES ('P-00000174', 'Andrews', 'Gabriella', 'Abigail', 'female', '1975/10/3');
INSERT INTO patient_address VALUES ('P-00000174', 'Jamesberg', 'Sean Spring');
INSERT INTO patient_phoneno VALUES ('P-00000174', '+1-(993)-271-3957');
INSERT INTO patients VALUES ('P-00000175', 'Andrews', 'Garry', 'Abraham', 'male', '1986/2/12');
INSERT INTO patient_address VALUES ('P-00000175', 'Deleonton', 'Mariah Mountain');
INSERT INTO patient_phoneno VALUES ('P-00000175', '+1-(838)-869-7243');
INSERT INTO patients VALUES ('P-00000176', 'Andrews', 'Heather', 'Abigail', 'female', '1994/10/6');
INSERT INTO patient_address VALUES ('P-00000176', 'North Destiny', 'Smith Ridge');
INSERT INTO patient_phoneno VALUES ('P-00000176', '+1-(540)-823-1855');
INSERT INTO patients VALUES ('P-00000177', 'Andrews', 'Howard', 'Abraham', 'male', '1988/4/23');
INSERT INTO patient_address VALUES ('P-00000177', 'Karenborough', 'Knight Walk');
INSERT INTO patient_phoneno VALUES ('P-00000177', '+1-(129)-883-8796');
INSERT INTO patients VALUES ('P-00000178', 'Andrews', 'Isabelle', 'Abigail', 'female', '1977/5/0');
INSERT INTO patient_address VALUES ('P-00000178', 'South Alexander', 'Mary Mission');
INSERT INTO patient_phoneno VALUES ('P-00000178', '+1-(714)-928-8819');
INSERT INTO patients VALUES ('P-00000179', 'Andrews', 'Jack', 'Abraham', 'male', '1944/1/30');
INSERT INTO patient_address VALUES ('P-00000179', 'Crystalshire', 'Andrew Well');
INSERT INTO patient_phoneno VALUES ('P-00000179', '+1-(102)-611-0583');
INSERT INTO patients VALUES ('P-00000180', 'Andrews', 'Jackalin', 'Abigail', 'female', '1996/3/6');
INSERT INTO patient_address VALUES ('P-00000180', 'Travisview', 'Zavala Highway');
INSERT INTO patient_phoneno VALUES ('P-00000180', '+1-(221)-810-8612');
INSERT INTO patients VALUES ('P-00000181', 'Andrews', 'Jacob', 'Abraham', 'male', '1993/2/24');
INSERT INTO patient_address VALUES ('P-00000181', 'Lake Kellymouth', 'Gregory Cape');
INSERT INTO patient_phoneno VALUES ('P-00000181', '+1-(530)-662-3658');
INSERT INTO patients VALUES ('P-00000182', 'Andrews', 'Jennifer', 'Abigail', 'female', '2007/9/26');
INSERT INTO patient_address VALUES ('P-00000182', 'Amyshire', 'Janice Plaza');
INSERT INTO patient_phoneno VALUES ('P-00000182', '+1-(317)-191-4515');
INSERT INTO patients VALUES ('P-00000183', 'Andrews', 'Jackson', 'Abraham', 'male', '1984/1/22');
INSERT INTO patient_address VALUES ('P-00000183', 'South Randyhaven', 'Cynthia Place');
INSERT INTO patient_phoneno VALUES ('P-00000183', '+1-(457)-089-4864');
INSERT INTO patients VALUES ('P-00000184', 'Andrews', 'Jessica', 'Abigail', 'female', '2004/9/0');
INSERT INTO patient_address VALUES ('P-00000184', 'South Kristina', 'Torres Via');
INSERT INTO patient_phoneno VALUES ('P-00000184', '+1-(697)-743-1514');
INSERT INTO patients VALUES ('P-00000185', 'Andrews', 'Justin', 'Abraham', 'male', '1944/3/16');
INSERT INTO patient_address VALUES ('P-00000185', 'North Charlesstad', 'Michael Plaza');
INSERT INTO patient_phoneno VALUES ('P-00000185', '+1-(447)-132-2650');
INSERT INTO patients VALUES ('P-00000186', 'Andrews', 'Jhenai', 'Abigail', 'female', '2011/11/22');
INSERT INTO patient_address VALUES ('P-00000186', 'Port Richardberg', 'Austin Pine');
INSERT INTO patient_phoneno VALUES ('P-00000186', '+1-(972)-371-1424');
INSERT INTO patients VALUES ('P-00000187', 'Andrews', 'Kelly', 'Abraham', 'male', '1998/0/8');
INSERT INTO patient_address VALUES ('P-00000187', 'North Chrisberg', 'Howell Underpass');
INSERT INTO patient_phoneno VALUES ('P-00000187', '+1-(763)-013-2259');
INSERT INTO patients VALUES ('P-00000188', 'Andrews', 'Jordan', 'Abigail', 'female', '1970/1/2');
INSERT INTO patient_address VALUES ('P-00000188', 'South Patricia', 'Carroll Trace');
INSERT INTO patient_phoneno VALUES ('P-00000188', '+1-(450)-586-9176');
INSERT INTO patients VALUES ('P-00000189', 'Andrews', 'Ken', 'Abraham', 'male', '1976/11/25');
INSERT INTO patient_address VALUES ('P-00000189', 'West Sandraberg', 'Gail Rest');
INSERT INTO patient_phoneno VALUES ('P-00000189', '+1-(420)-537-0251');
INSERT INTO patients VALUES ('P-00000190', 'Andrews', 'Josie', 'Abigail', 'female', '2014/7/12');
INSERT INTO patient_address VALUES ('P-00000190', 'Lisaland', 'Lutz Trace');
INSERT INTO patient_phoneno VALUES ('P-00000190', '+1-(346)-058-8269');
INSERT INTO patients VALUES ('P-00000191', 'Andrews', 'Kenneth', 'Abraham', 'male', '2012/12/18');
INSERT INTO patient_address VALUES ('P-00000191', 'East Julieborough', 'Lopez Unions');
INSERT INTO patient_phoneno VALUES ('P-00000191', '+1-(520)-741-4716');
INSERT INTO patients VALUES ('P-00000192', 'Andrews', 'Jody', 'Abigail', 'female', '2000/2/28');
INSERT INTO patient_address VALUES ('P-00000192', 'Jenniferview', 'Jeffrey Points');
INSERT INTO patient_phoneno VALUES ('P-00000192', '+1-(424)-764-0089');
INSERT INTO patients VALUES ('P-00000193', 'Andrews', 'Kevin', 'Abraham', 'male', '1958/4/29');
INSERT INTO patient_address VALUES ('P-00000193', 'Veronicachester', 'Ross Roads');
INSERT INTO patient_phoneno VALUES ('P-00000193', '+1-(933)-048-4418');
INSERT INTO patients VALUES ('P-00000194', 'Andrews', 'Jody-Ann', 'Abigail', 'female', '1952/12/15');
INSERT INTO patient_address VALUES ('P-00000194', 'South Kevin', 'Walton Fork');
INSERT INTO patient_phoneno VALUES ('P-00000194', '+1-(938)-113-4651');
INSERT INTO patients VALUES ('P-00000195', 'Andrews', 'Keith', 'Abraham', 'male', '1952/2/19');
INSERT INTO patient_address VALUES ('P-00000195', 'Pughburgh', 'Flores Manor');
INSERT INTO patient_phoneno VALUES ('P-00000195', '+1-(112)-031-4055');
INSERT INTO patients VALUES ('P-00000196', 'Andrews', 'Karlene', 'Abigail', 'female', '1993/1/19');
INSERT INTO patient_address VALUES ('P-00000196', 'Janetside', 'Moore Island');
INSERT INTO patient_phoneno VALUES ('P-00000196', '+1-(994)-787-3717');
INSERT INTO patients VALUES ('P-00000197', 'Andrews', 'Lewis', 'Abraham', 'male', '2014/12/13');
INSERT INTO patient_address VALUES ('P-00000197', 'South Deborahstad', 'James Fords');
INSERT INTO patient_phoneno VALUES ('P-00000197', '+1-(107)-352-2939');
INSERT INTO patients VALUES ('P-00000198', 'Andrews', 'Keezia', 'Abigail', 'female', '1975/8/16');
INSERT INTO patient_address VALUES ('P-00000198', 'Allenport', 'Moreno Coves');
INSERT INTO patient_phoneno VALUES ('P-00000198', '+1-(863)-894-9424');
INSERT INTO patients VALUES ('P-00000199', 'Andrews', 'Logan', 'Abraham', 'male', '1953/10/2');
INSERT INTO patient_address VALUES ('P-00000199', 'East Amandachester', 'Timothy Dam');
INSERT INTO patient_phoneno VALUES ('P-00000199', '+1-(580)-376-3740');
INSERT INTO patients VALUES ('P-00000200', 'Andrews', 'Kelly', 'Abigail', 'female', '1946/3/27');
INSERT INTO patient_address VALUES ('P-00000200', 'Port Samanthaport', 'Andre Highway');
INSERT INTO patient_phoneno VALUES ('P-00000200', '+1-(968)-020-3202');
INSERT INTO patients VALUES ('P-00000201', 'Andrews', 'Marcus', 'Abraham', 'male', '1963/2/14');
INSERT INTO patient_address VALUES ('P-00000201', 'Liustad', 'Hunt Knolls');
INSERT INTO patient_phoneno VALUES ('P-00000201', '+1-(719)-561-9448');
INSERT INTO patients VALUES ('P-00000202', 'Andrews', 'Kelly-Ann', 'Abigail', 'female', '2001/1/16');
INSERT INTO patient_address VALUES ('P-00000202', 'South Carolynmouth', 'Andrews Walk');
INSERT INTO patient_phoneno VALUES ('P-00000202', '+1-(573)-823-6167');
INSERT INTO patients VALUES ('P-00000203', 'Andrews', 'Maxwell', 'Abraham', 'male', '1949/3/19');
INSERT INTO patient_address VALUES ('P-00000203', 'Conwaymouth', 'Patty Plains');
INSERT INTO patient_phoneno VALUES ('P-00000203', '+1-(234)-418-0854');
INSERT INTO patients VALUES ('P-00000204', 'Andrews', 'Kimberly', 'Abigail', 'female', '1946/4/8');
INSERT INTO patient_address VALUES ('P-00000204', 'Amandaberg', 'Hale Plaza');
INSERT INTO patient_phoneno VALUES ('P-00000204', '+1-(908)-675-1709');
INSERT INTO patients VALUES ('P-00000205', 'Andrews', 'Mitchum', 'Abraham', 'male', '1968/7/25');
INSERT INTO patient_address VALUES ('P-00000205', 'Katherineshire', 'Lopez Throughway');
INSERT INTO patient_phoneno VALUES ('P-00000205', '+1-(997)-821-5606');
INSERT INTO patients VALUES ('P-00000206', 'Andrews', 'Levi-Ann', 'Abigail', 'female', '1951/6/7');
INSERT INTO patient_address VALUES ('P-00000206', 'Jefffurt', 'Miller Expressway');
INSERT INTO patient_phoneno VALUES ('P-00000206', '+1-(875)-169-2140');
INSERT INTO patients VALUES ('P-00000207', 'Andrews', 'Melvin', 'Abraham', 'male', '1977/8/24');
INSERT INTO patient_address VALUES ('P-00000207', 'Howardside', 'Kathryn Crossing');
INSERT INTO patient_phoneno VALUES ('P-00000207', '+1-(992)-613-5193');
INSERT INTO patients VALUES ('P-00000208', 'Andrews', 'Lisa', 'Abigail', 'female', '1972/9/10');
INSERT INTO patient_address VALUES ('P-00000208', 'New Briannatown', 'Mcclain Village');
INSERT INTO patient_phoneno VALUES ('P-00000208', '+1-(569)-464-1371');
INSERT INTO patients VALUES ('P-00000209', 'Andrews', 'Morgan', 'Abraham', 'male', '1965/2/10');
INSERT INTO patient_address VALUES ('P-00000209', 'Grahamborough', 'Diaz Meadow');
INSERT INTO patient_phoneno VALUES ('P-00000209', '+1-(564)-391-9095');
INSERT INTO patients VALUES ('P-00000210', 'Andrews', 'Lucy', 'Abigail', 'female', '1992/0/15');
INSERT INTO patient_address VALUES ('P-00000210', 'Port Kathleenstad', 'Brittany Courts');
INSERT INTO patient_phoneno VALUES ('P-00000210', '+1-(582)-975-2331');
INSERT INTO patients VALUES ('P-00000211', 'Andrews', 'Nelson', 'Abraham', 'male', '1992/5/7');
INSERT INTO patient_address VALUES ('P-00000211', 'Lake Nicolefort', 'Kim Estate');
INSERT INTO patient_phoneno VALUES ('P-00000211', '+1-(820)-742-1819');
INSERT INTO patients VALUES ('P-00000212', 'Andrews', 'Mary', 'Abigail', 'female', '1946/2/11');
INSERT INTO patient_address VALUES ('P-00000212', 'Harrisland', 'Fisher Groves');
INSERT INTO patient_phoneno VALUES ('P-00000212', '+1-(539)-527-3898');
INSERT INTO patients VALUES ('P-00000213', 'Andrews', 'Javier', 'Abraham', 'male', '2010/7/19');
INSERT INTO patient_address VALUES ('P-00000213', 'Port Jessica', 'Quinn Lakes');
INSERT INTO patient_phoneno VALUES ('P-00000213', '+1-(403)-389-9920');
INSERT INTO patients VALUES ('P-00000214', 'Andrews', 'Mary-AnnMellisa', 'Abigail', 'female', '2003/1/28');
INSERT INTO patient_address VALUES ('P-00000214', 'Joannbury', 'Kenneth Islands');
INSERT INTO patient_phoneno VALUES ('P-00000214', '+1-(460)-772-4725');
INSERT INTO patients VALUES ('P-00000215', 'Andrews', 'Jordan', 'Abraham', 'male', '2017/0/19');
INSERT INTO patient_address VALUES ('P-00000215', 'Amymouth', 'Marie Valleys');
INSERT INTO patient_phoneno VALUES ('P-00000215', '+1-(667)-399-7650');
INSERT INTO patients VALUES ('P-00000216', 'Andrews', 'Megan', 'Abigail', 'female', '2008/12/13');
INSERT INTO patient_address VALUES ('P-00000216', 'North Daniellechester', 'Perkins Crossing');
INSERT INTO patient_phoneno VALUES ('P-00000216', '+1-(862)-080-2216');
INSERT INTO patients VALUES ('P-00000217', 'Andrews', 'Oliver', 'Abraham', 'male', '1950/0/5');
INSERT INTO patient_address VALUES ('P-00000217', 'New Cheryl', 'Samantha Estate');
INSERT INTO patient_phoneno VALUES ('P-00000217', '+1-(891)-706-2587');
INSERT INTO patients VALUES ('P-00000218', 'Andrews', 'Minerva', 'Abigail', 'female', '1988/3/4');
INSERT INTO patient_address VALUES ('P-00000218', 'Ortegaberg', 'Rebekah Haven');
INSERT INTO patient_phoneno VALUES ('P-00000218', '+1-(436)-854-6674');
INSERT INTO patients VALUES ('P-00000219', 'Andrews', 'Osborne', 'Abraham', 'male', '2012/11/12');
INSERT INTO patient_address VALUES ('P-00000219', 'Edwardbury', 'Rachel Branch');
INSERT INTO patient_phoneno VALUES ('P-00000219', '+1-(969)-679-4409');
INSERT INTO patients VALUES ('P-00000220', 'Andrews', 'Molly', 'Abigail', 'female', '2014/1/24');
INSERT INTO patient_address VALUES ('P-00000220', 'East Karenshire', 'Graham Ford');
INSERT INTO patient_phoneno VALUES ('P-00000220', '+1-(249)-035-2863');
INSERT INTO patients VALUES ('P-00000221', 'Andrews', 'Patrick', 'Abraham', 'male', '2002/11/26');
INSERT INTO patient_address VALUES ('P-00000221', 'Jaredhaven', 'Frank Spring');
INSERT INTO patient_phoneno VALUES ('P-00000221', '+1-(201)-079-9325');
INSERT INTO patients VALUES ('P-00000222', 'Andrews', 'Nicoline', 'Abigail', 'female', '1957/2/10');
INSERT INTO patient_address VALUES ('P-00000222', 'New Kristinside', 'Webster Ville');
INSERT INTO patient_phoneno VALUES ('P-00000222', '+1-(850)-044-5719');
INSERT INTO patients VALUES ('P-00000223', 'Andrews', 'Paul', 'Abraham', 'male', '1991/9/13');
INSERT INTO patient_address VALUES ('P-00000223', 'Lisaport', 'Stokes Flat');
INSERT INTO patient_phoneno VALUES ('P-00000223', '+1-(970)-964-4675');
INSERT INTO patients VALUES ('P-00000224', 'Andrews', 'Nelly', 'Abigail', 'female', '2014/4/28');
INSERT INTO patient_address VALUES ('P-00000224', 'Port Jermaine', 'Williams Gardens');
INSERT INTO patient_phoneno VALUES ('P-00000224', '+1-(524)-132-1601');
INSERT INTO patients VALUES ('P-00000225', 'Andrews', 'Quinton', 'Abraham', 'male', '2000/9/2');
INSERT INTO patient_address VALUES ('P-00000225', 'New Jesse', 'Anthony Park');
INSERT INTO patient_phoneno VALUES ('P-00000225', '+1-(488)-341-1892');
INSERT INTO patients VALUES ('P-00000226', 'Andrews', 'Olive', 'Abigail', 'female', '1947/12/26');
INSERT INTO patient_address VALUES ('P-00000226', 'New Deborahbury', 'Laura Avenue');
INSERT INTO patient_phoneno VALUES ('P-00000226', '+1-(226)-124-8701');
INSERT INTO patients VALUES ('P-00000227', 'Andrews', 'Ray', 'Abraham', 'male', '1956/3/9');
INSERT INTO patient_address VALUES ('P-00000227', 'Port Selenaborough', 'Cole Keys');
INSERT INTO patient_phoneno VALUES ('P-00000227', '+1-(590)-322-9524');
INSERT INTO patients VALUES ('P-00000228', 'Andrews', 'Patrice', 'Abigail', 'female', '2001/9/30');
INSERT INTO patient_address VALUES ('P-00000228', 'Vanessaton', 'Christopher Ridge');
INSERT INTO patient_phoneno VALUES ('P-00000228', '+1-(504)-507-7467');
INSERT INTO patients VALUES ('P-00000229', 'Andrews', 'Reece', 'Abraham', 'male', '1999/2/19');
INSERT INTO patient_address VALUES ('P-00000229', 'Barbaraview', 'Brian Crescent');
INSERT INTO patient_phoneno VALUES ('P-00000229', '+1-(882)-906-0038');
INSERT INTO patients VALUES ('P-00000230', 'Andrews', 'Penelope', 'Abigail', 'female', '1965/7/10');
INSERT INTO patient_address VALUES ('P-00000230', 'North Angela', 'Salas Mills');
INSERT INTO patient_phoneno VALUES ('P-00000230', '+1-(288)-555-5247');
INSERT INTO patients VALUES ('P-00000231', 'Andrews', 'Robert', 'Abraham', 'male', '1949/4/25');
INSERT INTO patient_address VALUES ('P-00000231', 'Vaughanfort', 'Page Trail');
INSERT INTO patient_phoneno VALUES ('P-00000231', '+1-(256)-992-4954');
INSERT INTO patients VALUES ('P-00000232', 'Andrews', 'Rebecca', 'Abigail', 'female', '2009/5/0');
INSERT INTO patient_address VALUES ('P-00000232', 'New Elijah', 'Gloria Pass');
INSERT INTO patient_phoneno VALUES ('P-00000232', '+1-(343)-525-4670');
INSERT INTO patients VALUES ('P-00000233', 'Andrews', 'Ronald', 'Abraham', 'male', '1961/3/0');
INSERT INTO patient_address VALUES ('P-00000233', 'Port Karen', 'Claudia Junction');
INSERT INTO patient_phoneno VALUES ('P-00000233', '+1-(885)-432-7788');
INSERT INTO patients VALUES ('P-00000234', 'Andrews', 'Roberta', 'Abigail', 'female', '1959/11/11');
INSERT INTO patient_address VALUES ('P-00000234', 'New Justinmouth', 'Bradley Ford');
INSERT INTO patient_phoneno VALUES ('P-00000234', '+1-(847)-634-9081');
INSERT INTO patients VALUES ('P-00000235', 'Andrews', 'Samuel', 'Abraham', 'male', '1951/9/28');
INSERT INTO patient_address VALUES ('P-00000235', 'Lake Hannah', 'Williams Common');
INSERT INTO patient_phoneno VALUES ('P-00000235', '+1-(118)-413-5887');
INSERT INTO patients VALUES ('P-00000236', 'Andrews', 'Samantha', 'Abigail', 'female', '1944/4/16');
INSERT INTO patient_address VALUES ('P-00000236', 'Courtneychester', 'Lisa Keys');
INSERT INTO patient_phoneno VALUES ('P-00000236', '+1-(276)-808-3806');
INSERT INTO patients VALUES ('P-00000237', 'Andrews', 'Simon', 'Abraham', 'male', '1951/11/0');
INSERT INTO patient_address VALUES ('P-00000237', 'South Joshua', 'Nicholson Square');
INSERT INTO patient_phoneno VALUES ('P-00000237', '+1-(655)-185-1087');
INSERT INTO patients VALUES ('P-00000238', 'Andrews', 'Sara', 'Abigail', 'female', '2017/9/26');
INSERT INTO patient_address VALUES ('P-00000238', 'Clintonland', 'Rachel Park');
INSERT INTO patient_phoneno VALUES ('P-00000238', '+1-(399)-861-4192');
INSERT INTO patients VALUES ('P-00000239', 'Andrews', 'Timothy', 'Abraham', 'male', '1942/1/17');
INSERT INTO patient_address VALUES ('P-00000239', 'West Johnfort', 'Samuel Pines');
INSERT INTO patient_phoneno VALUES ('P-00000239', '+1-(417)-033-5027');
INSERT INTO patients VALUES ('P-00000240', 'Andrews', 'Simone', 'Abigail', 'female', '2012/0/5');
INSERT INTO patient_address VALUES ('P-00000240', 'New Erika', 'Irwin Mews');
INSERT INTO patient_phoneno VALUES ('P-00000240', '+1-(874)-042-3920');
INSERT INTO patients VALUES ('P-00000241', 'Andrews', 'Tyrese', 'Abraham', 'male', '1989/6/16');
INSERT INTO patient_address VALUES ('P-00000241', 'Roberttown', 'Hale Cliffs');
INSERT INTO patient_phoneno VALUES ('P-00000241', '+1-(342)-658-0954');
INSERT INTO patients VALUES ('P-00000242', 'Andrews', 'Susane', 'Abigail', 'female', '1980/6/2');
INSERT INTO patient_address VALUES ('P-00000242', 'Danielland', 'Patricia Mill');
INSERT INTO patient_phoneno VALUES ('P-00000242', '+1-(660)-913-9385');
INSERT INTO patients VALUES ('P-00000243', 'Andrews', 'Uther', 'Abraham', 'male', '2017/3/3');
INSERT INTO patient_address VALUES ('P-00000243', 'New Christopher', 'Carrie Parks');
INSERT INTO patient_phoneno VALUES ('P-00000243', '+1-(393)-704-1399');
INSERT INTO patients VALUES ('P-00000244', 'Andrews', 'Taylor', 'Abigail', 'female', '1957/8/14');
INSERT INTO patient_address VALUES ('P-00000244', 'Michaelhaven', 'Caroline Hollow');
INSERT INTO patient_phoneno VALUES ('P-00000244', '+1-(983)-490-3695');
INSERT INTO patients VALUES ('P-00000245', 'Andrews', 'Vincent', 'Abraham', 'male', '1994/3/18');
INSERT INTO patient_address VALUES ('P-00000245', 'New Samanthafurt', 'Shirley Lights');
INSERT INTO patient_phoneno VALUES ('P-00000245', '+1-(521)-251-5543');
INSERT INTO patients VALUES ('P-00000246', 'Andrews', 'Tiffany', 'Abigail', 'female', '2005/2/1');
INSERT INTO patient_address VALUES ('P-00000246', 'Williamsborough', 'Elizabeth Bypass');
INSERT INTO patient_phoneno VALUES ('P-00000246', '+1-(384)-416-4082');
INSERT INTO patients VALUES ('P-00000247', 'Andrews', 'Wallace', 'Abraham', 'male', '1992/7/25');
INSERT INTO patient_address VALUES ('P-00000247', 'East Williamstad', 'Chelsea Walk');
INSERT INTO patient_phoneno VALUES ('P-00000247', '+1-(924)-732-4542');
INSERT INTO patients VALUES ('P-00000248', 'Andrews', 'Trisha', 'Abigail', 'female', '1952/12/30');
INSERT INTO patient_address VALUES ('P-00000248', 'Travisport', 'Katelyn Trail');
INSERT INTO patient_phoneno VALUES ('P-00000248', '+1-(491)-957-3468');
INSERT INTO patients VALUES ('P-00000249', 'Andrews', 'Watson', 'Abraham', 'male', '1970/12/10');
INSERT INTO patient_address VALUES ('P-00000249', 'Kathleenport', 'Fuller Alley');
INSERT INTO patient_phoneno VALUES ('P-00000249', '+1-(888)-893-9696');
INSERT INTO patients VALUES ('P-00000250', 'Andrews', 'Trudy', 'Abigail', 'female', '1975/7/5');
INSERT INTO patient_address VALUES ('P-00000250', 'North Darrell', 'Johnson Lakes');
INSERT INTO patient_phoneno VALUES ('P-00000250', '+1-(99)-817-5728');
INSERT INTO patients VALUES ('P-00000251', 'Andrews', 'Wendel', 'Abraham', 'male', '1999/10/11');
INSERT INTO patient_address VALUES ('P-00000251', 'Richardsontown', 'Taylor Loaf');
INSERT INTO patient_phoneno VALUES ('P-00000251', '+1-(327)-543-6480');
INSERT INTO patients VALUES ('P-00000252', 'Andrews', 'Trudy-Ann', 'Abigail', 'female', '1961/8/9');
INSERT INTO patient_address VALUES ('P-00000252', 'New Peterstad', 'Crawford Mountain');
INSERT INTO patient_phoneno VALUES ('P-00000252', '+1-(321)-890-8386');
INSERT INTO patients VALUES ('P-00000253', 'Andrews', 'West', 'Abraham', 'male', '1980/2/18');
INSERT INTO patient_address VALUES ('P-00000253', 'Sarahmouth', 'Justin Turnpike');
INSERT INTO patient_phoneno VALUES ('P-00000253', '+1-(807)-851-0412');
INSERT INTO patients VALUES ('P-00000254', 'Andrews', 'Ulga', 'Abigail', 'female', '1977/4/7');
INSERT INTO patient_address VALUES ('P-00000254', 'Petersenberg', 'John Mills');
INSERT INTO patient_phoneno VALUES ('P-00000254', '+1-(822)-485-6419');
INSERT INTO patients VALUES ('P-00000255', 'Andrews', 'Wilbert', 'Abraham', 'male', '2000/8/23');
INSERT INTO patient_address VALUES ('P-00000255', 'Douglasville', 'Warren Lane');
INSERT INTO patient_phoneno VALUES ('P-00000255', '+1-(639)-314-9772');
INSERT INTO patients VALUES ('P-00000256', 'Andrews', 'Valentine', 'Abigail', 'female', '1976/5/26');
INSERT INTO patient_address VALUES ('P-00000256', 'Cervanteschester', 'Eric Turnpike');
INSERT INTO patient_phoneno VALUES ('P-00000256', '+1-(226)-987-5088');
INSERT INTO patients VALUES ('P-00000257', 'Andrews', 'Willis', 'Abraham', 'male', '1981/0/12');
INSERT INTO patient_address VALUES ('P-00000257', 'South Grace', 'Singleton Center');
INSERT INTO patient_phoneno VALUES ('P-00000257', '+1-(383)-992-7768');
INSERT INTO patients VALUES ('P-00000258', 'Andrews', 'Victoria', 'Abigail', 'female', '1965/11/23');
INSERT INTO patient_address VALUES ('P-00000258', 'New Patrick', 'Jessica Circle');
INSERT INTO patient_phoneno VALUES ('P-00000258', '+1-(509)-953-3819');
INSERT INTO patients VALUES ('P-00000259', 'Andrews', 'William', 'Abraham', 'male', '1992/11/6');
INSERT INTO patient_address VALUES ('P-00000259', 'West Gregoryhaven', 'Pineda Shoal');
INSERT INTO patient_phoneno VALUES ('P-00000259', '+1-(781)-899-6797');
INSERT INTO patients VALUES ('P-00000260', 'Andrews', 'Wanda', 'Abigail', 'female', '1984/0/3');
INSERT INTO patient_address VALUES ('P-00000260', 'West Megan', 'Erika Rapids');
INSERT INTO patient_phoneno VALUES ('P-00000260', '+1-(829)-242-0794');
INSERT INTO patients VALUES ('P-00000261', 'Andrews', 'Wilson', 'Abraham', 'male', '1969/7/4');
INSERT INTO patient_address VALUES ('P-00000261', 'Lake Edward', 'Wright Springs');
INSERT INTO patient_phoneno VALUES ('P-00000261', '+1-(509)-433-9064');
INSERT INTO patients VALUES ('P-00000262', 'Andrews', 'Wendy', 'Abigail', 'female', '2006/1/25');
INSERT INTO patient_address VALUES ('P-00000262', 'Meganmouth', 'Fowler Views');
INSERT INTO patient_phoneno VALUES ('P-00000262', '+1-(130)-910-3400');
INSERT INTO patients VALUES ('P-00000263', 'Andrews', 'Xander', 'Abraham', 'male', '2005/7/1');
INSERT INTO patient_address VALUES ('P-00000263', 'New Davidville', 'Sheila Hollow');
INSERT INTO patient_phoneno VALUES ('P-00000263', '+1-(997)-537-3802');
INSERT INTO patients VALUES ('P-00000264', 'Andrews', 'Yvone', 'Abigail', 'female', '1956/8/22');
INSERT INTO patient_address VALUES ('P-00000264', 'Nelsonland', 'Jacob Alley');
INSERT INTO patient_phoneno VALUES ('P-00000264', '+1-(258)-031-1554');
INSERT INTO patients VALUES ('P-00000265', 'Andrews', 'Xavier', 'Abraham', 'male', '1996/0/13');
INSERT INTO patient_address VALUES ('P-00000265', 'Lake Leslie', 'Sherry Villages');
INSERT INTO patient_phoneno VALUES ('P-00000265', '+1-(135)-653-7332');
INSERT INTO patients VALUES ('P-00000266', 'Andrews', 'Zoey', 'Abigail', 'female', '2004/12/13');
INSERT INTO patient_address VALUES ('P-00000266', 'Boyleburgh', 'Andres Course');
INSERT INTO patient_phoneno VALUES ('P-00000266', '+1-(184)-046-4231');
INSERT INTO patients VALUES ('P-00000267', 'Andrews', 'Zackery', 'Abraham', 'male', '1995/5/2');
INSERT INTO patient_address VALUES ('P-00000267', 'West April', 'Gary Mountains');
INSERT INTO patient_phoneno VALUES ('P-00000267', '+1-(368)-682-3532');
INSERT INTO patients VALUES ('P-00000268', 'Andrews', 'Zackery', 'Abraham', 'male', '1944/10/10');
INSERT INTO patient_address VALUES ('P-00000268', 'West Charles', 'Washington Mountains');
INSERT INTO patient_phoneno VALUES ('P-00000268', '+1-(249)-987-5439');
INSERT INTO patients VALUES ('P-00000269', 'Beckford', 'Abraham', 'Andrew', 'male', '1975/12/23');
INSERT INTO patient_address VALUES ('P-00000269', 'North Jennifertown', 'Perez Neck');
INSERT INTO patient_phoneno VALUES ('P-00000269', '+1-(916)-691-4086');
INSERT INTO patients VALUES ('P-00000270', 'Beckford', 'Abigail', 'Angella', 'female', '1983/5/11');
INSERT INTO patient_address VALUES ('P-00000270', 'West Jeanetteshire', 'Wheeler Knolls');
INSERT INTO patient_phoneno VALUES ('P-00000270', '+1-(493)-685-8177');
INSERT INTO patients VALUES ('P-00000271', 'Beckford', 'Andrew', 'Abraham', 'male', '1976/12/6');
INSERT INTO patient_address VALUES ('P-00000271', 'Russellstad', 'Cassandra Lodge');
INSERT INTO patient_phoneno VALUES ('P-00000271', '+1-(560)-247-7989');
INSERT INTO patients VALUES ('P-00000272', 'Beckford', 'Angella', 'Abigail', 'female', '1980/8/25');
INSERT INTO patient_address VALUES ('P-00000272', 'Andersenburgh', 'Patterson Turnpike');
INSERT INTO patient_phoneno VALUES ('P-00000272', '+1-(413)-333-5176');
INSERT INTO patients VALUES ('P-00000273', 'Beckford', 'Arnold', 'Abraham', 'male', '1963/2/21');
INSERT INTO patient_address VALUES ('P-00000273', 'Bellview', 'Whitney Throughway');
INSERT INTO patient_phoneno VALUES ('P-00000273', '+1-(740)-955-7523');
INSERT INTO patients VALUES ('P-00000274', 'Beckford', 'Angelica', 'Abigail', 'female', '2016/7/17');
INSERT INTO patient_address VALUES ('P-00000274', 'East Mariabury', 'Luis Plains');
INSERT INTO patient_phoneno VALUES ('P-00000274', '+1-(730)-151-2959');
INSERT INTO patients VALUES ('P-00000275', 'Beckford', 'Benjamin', 'Abraham', 'male', '1966/7/10');
INSERT INTO patient_address VALUES ('P-00000275', 'New Mark', 'Cook Hill');
INSERT INTO patient_phoneno VALUES ('P-00000275', '+1-(750)-109-7392');
INSERT INTO patients VALUES ('P-00000276', 'Beckford', 'Amanda', 'Abigail', 'female', '2009/1/3');
INSERT INTO patient_address VALUES ('P-00000276', 'North Michaeltown', 'Paul Springs');
INSERT INTO patient_phoneno VALUES ('P-00000276', '+1-(324)-547-7913');
INSERT INTO patients VALUES ('P-00000277', 'Beckford', 'Bill', 'Abraham', 'male', '1994/4/3');
INSERT INTO patient_address VALUES ('P-00000277', 'East Melissaville', 'John Bridge');
INSERT INTO patient_phoneno VALUES ('P-00000277', '+1-(527)-297-2732');
INSERT INTO patients VALUES ('P-00000278', 'Beckford', 'Ann', 'Abigail', 'female', '2011/3/14');
INSERT INTO patient_address VALUES ('P-00000278', 'Port Hollyburgh', 'Yoder Divide');
INSERT INTO patient_phoneno VALUES ('P-00000278', '+1-(755)-895-9299');
INSERT INTO patients VALUES ('P-00000279', 'Beckford', 'Boris', 'Abraham', 'male', '2002/1/8');
INSERT INTO patient_address VALUES ('P-00000279', 'Burkeberg', 'William Path');
INSERT INTO patient_phoneno VALUES ('P-00000279', '+1-(134)-099-0130');
INSERT INTO patients VALUES ('P-00000280', 'Beckford', 'Becky', 'Abigail', 'female', '2016/4/0');
INSERT INTO patient_address VALUES ('P-00000280', 'Cardenasberg', 'Brandi Estates');
INSERT INTO patient_phoneno VALUES ('P-00000280', '+1-(946)-029-3136');
INSERT INTO patients VALUES ('P-00000281', 'Beckford', 'Carl', 'Abraham', 'male', '1966/4/21');
INSERT INTO patient_address VALUES ('P-00000281', 'East Alexandratown', 'Karen Isle');
INSERT INTO patient_phoneno VALUES ('P-00000281', '+1-(200)-111-6479');
INSERT INTO patients VALUES ('P-00000282', 'Beckford', 'Bella', 'Abigail', 'female', '2007/11/9');
INSERT INTO patient_address VALUES ('P-00000282', 'Mooreburgh', 'Pierce Union');
INSERT INTO patient_phoneno VALUES ('P-00000282', '+1-(196)-580-9112');
INSERT INTO patients VALUES ('P-00000283', 'Beckford', 'Clifford', 'Abraham', 'male', '1958/3/16');
INSERT INTO patient_address VALUES ('P-00000283', 'Port Mariahchester', 'Leslie Mall');
INSERT INTO patient_phoneno VALUES ('P-00000283', '+1-(213)-658-0320');
INSERT INTO patients VALUES ('P-00000284', 'Beckford', 'Blaire', 'Abigail', 'female', '1990/12/17');
INSERT INTO patient_address VALUES ('P-00000284', 'Lake Brendaside', 'Olivia Inlet');
INSERT INTO patient_phoneno VALUES ('P-00000284', '+1-(867)-651-8613');
INSERT INTO patients VALUES ('P-00000285', 'Beckford', 'Clyde', 'Abraham', 'male', '2006/5/15');
INSERT INTO patient_address VALUES ('P-00000285', 'Karastad', 'Steele Prairie');
INSERT INTO patient_phoneno VALUES ('P-00000285', '+1-(873)-872-8394');
INSERT INTO patients VALUES ('P-00000286', 'Beckford', 'Bonnie', 'Abigail', 'female', '1995/9/27');
INSERT INTO patient_address VALUES ('P-00000286', 'Daniellefort', 'Jessica Rapids');
INSERT INTO patient_phoneno VALUES ('P-00000286', '+1-(224)-567-0169');
INSERT INTO patients VALUES ('P-00000287', 'Beckford', 'Daniel', 'Abraham', 'male', '1990/5/9');
INSERT INTO patient_address VALUES ('P-00000287', 'West Donaldside', 'Macdonald Hills');
INSERT INTO patient_phoneno VALUES ('P-00000287', '+1-(149)-392-3637');
INSERT INTO patients VALUES ('P-00000288', 'Beckford', 'Brittney', 'Abigail', 'female', '1977/6/24');
INSERT INTO patient_address VALUES ('P-00000288', 'Loganmouth', 'Debra Inlet');
INSERT INTO patient_phoneno VALUES ('P-00000288', '+1-(289)-912-5492');
INSERT INTO patients VALUES ('P-00000289', 'Beckford', 'Dexter', 'Abraham', 'male', '1986/5/8');
INSERT INTO patient_address VALUES ('P-00000289', 'North Eddieside', 'Williams Mountains');
INSERT INTO patient_phoneno VALUES ('P-00000289', '+1-(429)-076-9109');
INSERT INTO patients VALUES ('P-00000290', 'Beckford', 'Carly', 'Abigail', 'female', '1956/6/0');
INSERT INTO patient_address VALUES ('P-00000290', 'Port Frank', 'Phelps Centers');
INSERT INTO patient_phoneno VALUES ('P-00000290', '+1-(505)-215-8681');
INSERT INTO patients VALUES ('P-00000291', 'Beckford', 'Douglas', 'Abraham', 'male', '2001/0/17');
INSERT INTO patient_address VALUES ('P-00000291', 'West Scottberg', 'Erik Curve');
INSERT INTO patient_phoneno VALUES ('P-00000291', '+1-(437)-149-4704');
INSERT INTO patients VALUES ('P-00000292', 'Beckford', 'Carlene', 'Abigail', 'female', '1948/7/28');
INSERT INTO patient_address VALUES ('P-00000292', 'Nicholsbury', 'Pena Harbor');
INSERT INTO patient_phoneno VALUES ('P-00000292', '+1-(231)-776-3379');
INSERT INTO patients VALUES ('P-00000293', 'Beckford', 'Earl', 'Abraham', 'male', '1981/5/13');
INSERT INTO patient_address VALUES ('P-00000293', 'Port Judith', 'Morgan Corner');
INSERT INTO patient_phoneno VALUES ('P-00000293', '+1-(669)-673-2597');
INSERT INTO patients VALUES ('P-00000294', 'Beckford', 'Carrol', 'Abigail', 'female', '1947/3/16');
INSERT INTO patient_address VALUES ('P-00000294', 'Albertborough', 'Blackburn Roads');
INSERT INTO patient_phoneno VALUES ('P-00000294', '+1-(682)-064-9920');
INSERT INTO patients VALUES ('P-00000295', 'Beckford', 'EustisEmanuelErick', 'Abraham', 'male', '2005/8/16');
INSERT INTO patient_address VALUES ('P-00000295', 'Lake Allen', 'Alvarez Square');
INSERT INTO patient_phoneno VALUES ('P-00000295', '+1-(266)-737-4972');
INSERT INTO patients VALUES ('P-00000296', 'Beckford', 'Christian', 'Abigail', 'female', '1943/8/16');
INSERT INTO patient_address VALUES ('P-00000296', 'New Nicholasfurt', 'Shelby Trafficway');
INSERT INTO patient_phoneno VALUES ('P-00000296', '+1-(836)-127-7493');
INSERT INTO patients VALUES ('P-00000297', 'Beckford', 'Franklin', 'Abraham', 'male', '2011/12/22');
INSERT INTO patient_address VALUES ('P-00000297', 'New Kathryn', 'Davidson Stream');
INSERT INTO patient_phoneno VALUES ('P-00000297', '+1-(483)-196-3019');
INSERT INTO patients VALUES ('P-00000298', 'Beckford', 'Clowey', 'Abigail', 'female', '2005/4/29');
INSERT INTO patient_address VALUES ('P-00000298', 'West Robinview', 'Vanessa Rue');
INSERT INTO patient_phoneno VALUES ('P-00000298', '+1-(861)-664-9727');
INSERT INTO patients VALUES ('P-00000299', 'Beckford', 'Fredrick', 'Abraham', 'male', '1986/10/9');
INSERT INTO patient_address VALUES ('P-00000299', 'Buckleytown', 'Joseph Light');
INSERT INTO patient_phoneno VALUES ('P-00000299', '+1-(580)-617-2762');
INSERT INTO patients VALUES ('P-00000300', 'Beckford', 'Daniella', 'Abigail', 'female', '1989/7/25');
INSERT INTO patient_address VALUES ('P-00000300', 'East Andreport', 'Forbes Prairie');
INSERT INTO patient_phoneno VALUES ('P-00000300', '+1-(740)-571-8743');
INSERT INTO patients VALUES ('P-00000301', 'Beckford', 'Garfield', 'Abraham', 'male', '1985/11/27');
INSERT INTO patient_address VALUES ('P-00000301', 'Tylerstad', 'Torres Plains');
INSERT INTO patient_phoneno VALUES ('P-00000301', '+1-(137)-929-1345');
INSERT INTO patients VALUES ('P-00000302', 'Beckford', 'Emily', 'Abigail', 'female', '1980/7/5');
INSERT INTO patient_address VALUES ('P-00000302', 'South Cameron', 'Tammy Meadow');
INSERT INTO patient_phoneno VALUES ('P-00000302', '+1-(378)-246-1364');
INSERT INTO patients VALUES ('P-00000303', 'Beckford', 'Greggory', 'Abraham', 'male', '1997/7/27');
INSERT INTO patient_address VALUES ('P-00000303', 'New Lindseybury', 'Anna Estate');
INSERT INTO patient_phoneno VALUES ('P-00000303', '+1-(809)-312-5104');
INSERT INTO patients VALUES ('P-00000304', 'Beckford', 'Eve', 'Abigail', 'female', '2008/10/8');
INSERT INTO patient_address VALUES ('P-00000304', 'East Johnland', 'Maurice Roads');
INSERT INTO patient_phoneno VALUES ('P-00000304', '+1-(426)-365-1182');
INSERT INTO patients VALUES ('P-00000305', 'Beckford', 'Gordon', 'Abraham', 'male', '2015/0/20');
INSERT INTO patient_address VALUES ('P-00000305', 'Christophermouth', 'Bond Manor');
INSERT INTO patient_phoneno VALUES ('P-00000305', '+1-(639)-553-8660');
INSERT INTO patients VALUES ('P-00000306', 'Beckford', 'Fiona', 'Abigail', 'female', '1989/2/15');
INSERT INTO patient_address VALUES ('P-00000306', 'South Jonathanview', 'Ortega Rapid');
INSERT INTO patient_phoneno VALUES ('P-00000306', '+1-(599)-176-5211');
INSERT INTO patients VALUES ('P-00000307', 'Beckford', 'Gabriel', 'Abraham', 'male', '1961/4/1');
INSERT INTO patient_address VALUES ('P-00000307', 'South Steven', 'Cortez Run');
INSERT INTO patient_phoneno VALUES ('P-00000307', '+1-(620)-584-1334');
INSERT INTO patients VALUES ('P-00000308', 'Beckford', 'Gabriella', 'Abigail', 'female', '1960/6/12');
INSERT INTO patient_address VALUES ('P-00000308', 'Davisfort', 'Gibbs Mountains');
INSERT INTO patient_phoneno VALUES ('P-00000308', '+1-(608)-878-7858');
INSERT INTO patients VALUES ('P-00000309', 'Beckford', 'Garry', 'Abraham', 'male', '1971/8/8');
INSERT INTO patient_address VALUES ('P-00000309', 'New Ryanberg', 'Riley Village');
INSERT INTO patient_phoneno VALUES ('P-00000309', '+1-(933)-302-7597');
INSERT INTO patients VALUES ('P-00000310', 'Beckford', 'Heather', 'Abigail', 'female', '1946/5/15');
INSERT INTO patient_address VALUES ('P-00000310', 'North Heather', 'Willis Hollow');
INSERT INTO patient_phoneno VALUES ('P-00000310', '+1-(792)-448-9947');
INSERT INTO patients VALUES ('P-00000311', 'Beckford', 'Howard', 'Abraham', 'male', '1956/12/19');
INSERT INTO patient_address VALUES ('P-00000311', 'Jillianton', 'Jenkins Locks');
INSERT INTO patient_phoneno VALUES ('P-00000311', '+1-(698)-981-5144');
INSERT INTO patients VALUES ('P-00000312', 'Beckford', 'Isabelle', 'Abigail', 'female', '1974/9/27');
INSERT INTO patient_address VALUES ('P-00000312', 'West Jonathan', 'Valenzuela Mountains');
INSERT INTO patient_phoneno VALUES ('P-00000312', '+1-(982)-603-8387');
INSERT INTO patients VALUES ('P-00000313', 'Beckford', 'Jack', 'Abraham', 'male', '1997/0/24');
INSERT INTO patient_address VALUES ('P-00000313', 'Brandonberg', 'Kaitlyn Well');
INSERT INTO patient_phoneno VALUES ('P-00000313', '+1-(719)-501-3400');
INSERT INTO patients VALUES ('P-00000314', 'Beckford', 'Jackalin', 'Abigail', 'female', '1952/4/30');
INSERT INTO patient_address VALUES ('P-00000314', 'New Kristinchester', 'Davenport Station');
INSERT INTO patient_phoneno VALUES ('P-00000314', '+1-(990)-216-5268');
INSERT INTO patients VALUES ('P-00000315', 'Beckford', 'Jacob', 'Abraham', 'male', '1976/0/12');
INSERT INTO patient_address VALUES ('P-00000315', 'Port Chadfurt', 'Juan Points');
INSERT INTO patient_phoneno VALUES ('P-00000315', '+1-(148)-064-6179');
INSERT INTO patients VALUES ('P-00000316', 'Beckford', 'Jennifer', 'Abigail', 'female', '2017/11/23');
INSERT INTO patient_address VALUES ('P-00000316', 'Ninaton', 'Mills Tunnel');
INSERT INTO patient_phoneno VALUES ('P-00000316', '+1-(285)-452-5276');
INSERT INTO patients VALUES ('P-00000317', 'Beckford', 'Jackson', 'Abraham', 'male', '2015/3/1');
INSERT INTO patient_address VALUES ('P-00000317', 'New Jeffreyville', 'Angela Roads');
INSERT INTO patient_phoneno VALUES ('P-00000317', '+1-(226)-179-4327');
INSERT INTO patients VALUES ('P-00000318', 'Beckford', 'Jessica', 'Abigail', 'female', '2002/1/8');
INSERT INTO patient_address VALUES ('P-00000318', 'Howardport', 'Miller Lights');
INSERT INTO patient_phoneno VALUES ('P-00000318', '+1-(329)-928-6103');
INSERT INTO patients VALUES ('P-00000319', 'Beckford', 'Justin', 'Abraham', 'male', '1991/4/29');
INSERT INTO patient_address VALUES ('P-00000319', 'East Daniel', 'Ricky Crossroad');
INSERT INTO patient_phoneno VALUES ('P-00000319', '+1-(628)-285-4444');
INSERT INTO patients VALUES ('P-00000320', 'Beckford', 'Jhenai', 'Abigail', 'female', '1975/10/28');
INSERT INTO patient_address VALUES ('P-00000320', 'Danielleton', 'David Mill');
INSERT INTO patient_phoneno VALUES ('P-00000320', '+1-(402)-723-1908');
INSERT INTO patients VALUES ('P-00000321', 'Beckford', 'Kelly', 'Abraham', 'male', '1953/4/12');
INSERT INTO patient_address VALUES ('P-00000321', 'Lake Jennifer', 'Stephanie Mission');
INSERT INTO patient_phoneno VALUES ('P-00000321', '+1-(532)-470-8970');
INSERT INTO patients VALUES ('P-00000322', 'Beckford', 'Jordan', 'Abigail', 'female', '2013/11/5');
INSERT INTO patient_address VALUES ('P-00000322', 'Richardsland', 'Matthew Corner');
INSERT INTO patient_phoneno VALUES ('P-00000322', '+1-(653)-740-1110');
INSERT INTO patients VALUES ('P-00000323', 'Beckford', 'Ken', 'Abraham', 'male', '1974/1/8');
INSERT INTO patient_address VALUES ('P-00000323', 'New Josephland', 'Mark Neck');
INSERT INTO patient_phoneno VALUES ('P-00000323', '+1-(918)-292-7511');
INSERT INTO patients VALUES ('P-00000324', 'Beckford', 'Josie', 'Abigail', 'female', '1947/10/22');
INSERT INTO patient_address VALUES ('P-00000324', 'Blackville', 'Curry Hollow');
INSERT INTO patient_phoneno VALUES ('P-00000324', '+1-(746)-908-2978');
INSERT INTO patients VALUES ('P-00000325', 'Beckford', 'Kenneth', 'Abraham', 'male', '1983/8/20');
INSERT INTO patient_address VALUES ('P-00000325', 'Mcdowellberg', 'Aimee Junction');
INSERT INTO patient_phoneno VALUES ('P-00000325', '+1-(452)-047-6469');
INSERT INTO patients VALUES ('P-00000326', 'Beckford', 'Jody', 'Abigail', 'female', '1948/0/29');
INSERT INTO patient_address VALUES ('P-00000326', 'Ericafort', 'Lindsey Junctions');
INSERT INTO patient_phoneno VALUES ('P-00000326', '+1-(448)-544-1456');
INSERT INTO patients VALUES ('P-00000327', 'Beckford', 'Kevin', 'Abraham', 'male', '1985/2/3');
INSERT INTO patient_address VALUES ('P-00000327', 'West Angela', 'Torres Shoals');
INSERT INTO patient_phoneno VALUES ('P-00000327', '+1-(824)-093-8621');
INSERT INTO patients VALUES ('P-00000328', 'Beckford', 'Jody-Ann', 'Abigail', 'female', '1988/7/11');
INSERT INTO patient_address VALUES ('P-00000328', 'Jonfurt', 'Hawkins View');
INSERT INTO patient_phoneno VALUES ('P-00000328', '+1-(873)-467-3792');
INSERT INTO patients VALUES ('P-00000329', 'Beckford', 'Keith', 'Abraham', 'male', '1961/6/10');
INSERT INTO patient_address VALUES ('P-00000329', 'Sherriberg', 'James Turnpike');
INSERT INTO patient_phoneno VALUES ('P-00000329', '+1-(601)-447-3958');
INSERT INTO patients VALUES ('P-00000330', 'Beckford', 'Karlene', 'Abigail', 'female', '1973/10/14');
INSERT INTO patient_address VALUES ('P-00000330', 'North Janetport', 'Patterson Inlet');
INSERT INTO patient_phoneno VALUES ('P-00000330', '+1-(809)-642-9238');
INSERT INTO patients VALUES ('P-00000331', 'Beckford', 'Lewis', 'Abraham', 'male', '1956/1/3');
INSERT INTO patient_address VALUES ('P-00000331', 'Angelamouth', 'Margaret Mills');
INSERT INTO patient_phoneno VALUES ('P-00000331', '+1-(806)-577-5225');
INSERT INTO patients VALUES ('P-00000332', 'Beckford', 'Keezia', 'Abigail', 'female', '1945/6/15');
INSERT INTO patient_address VALUES ('P-00000332', 'Alexandraberg', 'Maria Causeway');
INSERT INTO patient_phoneno VALUES ('P-00000332', '+1-(107)-239-7238');
INSERT INTO patients VALUES ('P-00000333', 'Beckford', 'Logan', 'Abraham', 'male', '1994/9/9');
INSERT INTO patient_address VALUES ('P-00000333', 'New Paul', 'Pamela Burg');
INSERT INTO patient_phoneno VALUES ('P-00000333', '+1-(893)-870-5001');
INSERT INTO patients VALUES ('P-00000334', 'Beckford', 'Kelly', 'Abigail', 'female', '1952/4/22');
INSERT INTO patient_address VALUES ('P-00000334', 'Ernestview', 'Deanna Loop');
INSERT INTO patient_phoneno VALUES ('P-00000334', '+1-(99)-194-5267');
INSERT INTO patients VALUES ('P-00000335', 'Beckford', 'Marcus', 'Abraham', 'male', '1970/0/13');
INSERT INTO patient_address VALUES ('P-00000335', 'Lake Laurieberg', 'Boyd Summit');
INSERT INTO patient_phoneno VALUES ('P-00000335', '+1-(196)-247-7567');
INSERT INTO patients VALUES ('P-00000336', 'Beckford', 'Kelly-Ann', 'Abigail', 'female', '2005/7/28');
INSERT INTO patient_address VALUES ('P-00000336', 'Robinsonstad', 'Munoz Manors');
INSERT INTO patient_phoneno VALUES ('P-00000336', '+1-(371)-981-5399');
INSERT INTO patients VALUES ('P-00000337', 'Beckford', 'Maxwell', 'Abraham', 'male', '2001/3/23');
INSERT INTO patient_address VALUES ('P-00000337', 'East Ericstad', 'Kane Park');
INSERT INTO patient_phoneno VALUES ('P-00000337', '+1-(672)-148-5433');
INSERT INTO patients VALUES ('P-00000338', 'Beckford', 'Kimberly', 'Abigail', 'female', '2016/5/9');
INSERT INTO patient_address VALUES ('P-00000338', 'Youngville', 'Katherine Shoal');
INSERT INTO patient_phoneno VALUES ('P-00000338', '+1-(765)-257-7497');
INSERT INTO patients VALUES ('P-00000339', 'Beckford', 'Mitchum', 'Abraham', 'male', '1992/0/13');
INSERT INTO patient_address VALUES ('P-00000339', 'Taylorburgh', 'Meyers Streets');
INSERT INTO patient_phoneno VALUES ('P-00000339', '+1-(556)-609-4858');
INSERT INTO patients VALUES ('P-00000340', 'Beckford', 'Levi-Ann', 'Abigail', 'female', '1994/6/10');
INSERT INTO patient_address VALUES ('P-00000340', 'North Shannon', 'Troy Highway');
INSERT INTO patient_phoneno VALUES ('P-00000340', '+1-(254)-985-2130');
INSERT INTO patients VALUES ('P-00000341', 'Beckford', 'Melvin', 'Abraham', 'male', '2012/4/25');
INSERT INTO patient_address VALUES ('P-00000341', 'South Tiffanychester', 'Sanchez Mills');
INSERT INTO patient_phoneno VALUES ('P-00000341', '+1-(547)-042-6557');
INSERT INTO patients VALUES ('P-00000342', 'Beckford', 'Lisa', 'Abigail', 'female', '1993/3/8');
INSERT INTO patient_address VALUES ('P-00000342', 'Wongchester', 'Mcgrath Cliffs');
INSERT INTO patient_phoneno VALUES ('P-00000342', '+1-(837)-490-7833');
INSERT INTO patients VALUES ('P-00000343', 'Beckford', 'Morgan', 'Abraham', 'male', '1963/0/4');
INSERT INTO patient_address VALUES ('P-00000343', 'Isaiahberg', 'Melendez Island');
INSERT INTO patient_phoneno VALUES ('P-00000343', '+1-(955)-763-4329');
INSERT INTO patients VALUES ('P-00000344', 'Beckford', 'Lucy', 'Abigail', 'female', '1964/5/9');
INSERT INTO patient_address VALUES ('P-00000344', 'Watersside', 'Bradley Villages');
INSERT INTO patient_phoneno VALUES ('P-00000344', '+1-(444)-334-9707');
INSERT INTO patients VALUES ('P-00000345', 'Beckford', 'Nelson', 'Abraham', 'male', '1965/0/11');
INSERT INTO patient_address VALUES ('P-00000345', 'Nicolechester', 'Benjamin Vista');
INSERT INTO patient_phoneno VALUES ('P-00000345', '+1-(504)-554-2962');
INSERT INTO patients VALUES ('P-00000346', 'Beckford', 'Mary', 'Abigail', 'female', '1977/6/28');
INSERT INTO patient_address VALUES ('P-00000346', 'Mclaughlinburgh', 'Emily Highway');
INSERT INTO patient_phoneno VALUES ('P-00000346', '+1-(835)-406-6229');
INSERT INTO patients VALUES ('P-00000347', 'Beckford', 'Javier', 'Abraham', 'male', '1946/9/7');
INSERT INTO patient_address VALUES ('P-00000347', 'Christianfurt', 'Pamela Forges');
INSERT INTO patient_phoneno VALUES ('P-00000347', '+1-(432)-258-1765');
INSERT INTO patients VALUES ('P-00000348', 'Beckford', 'Mary-AnnMellisa', 'Abigail', 'female', '1972/1/1');
INSERT INTO patient_address VALUES ('P-00000348', 'Ryantown', 'Savannah Ranch');
INSERT INTO patient_phoneno VALUES ('P-00000348', '+1-(416)-377-3395');
INSERT INTO patients VALUES ('P-00000349', 'Beckford', 'Jordan', 'Abraham', 'male', '2007/5/14');
INSERT INTO patient_address VALUES ('P-00000349', 'Chelseaside', 'Emma Neck');
INSERT INTO patient_phoneno VALUES ('P-00000349', '+1-(360)-863-9638');
INSERT INTO patients VALUES ('P-00000350', 'Beckford', 'Megan', 'Abigail', 'female', '2005/0/2');
INSERT INTO patient_address VALUES ('P-00000350', 'South Kylie', 'Sutton Junction');
INSERT INTO patient_phoneno VALUES ('P-00000350', '+1-(374)-110-7594');
INSERT INTO patients VALUES ('P-00000351', 'Beckford', 'Oliver', 'Abraham', 'male', '1996/10/14');
INSERT INTO patient_address VALUES ('P-00000351', 'Lake Sandraview', 'Amanda Gardens');
INSERT INTO patient_phoneno VALUES ('P-00000351', '+1-(609)-126-6786');
INSERT INTO patients VALUES ('P-00000352', 'Beckford', 'Minerva', 'Abigail', 'female', '1966/1/2');
INSERT INTO patient_address VALUES ('P-00000352', 'Lorishire', 'Sarah Villages');
INSERT INTO patient_phoneno VALUES ('P-00000352', '+1-(140)-906-6246');
INSERT INTO patients VALUES ('P-00000353', 'Beckford', 'Osborne', 'Abraham', 'male', '1961/3/20');
INSERT INTO patient_address VALUES ('P-00000353', 'Sandrahaven', 'Anderson Corner');
INSERT INTO patient_phoneno VALUES ('P-00000353', '+1-(689)-780-4744');
INSERT INTO patients VALUES ('P-00000354', 'Beckford', 'Molly', 'Abigail', 'female', '2006/5/27');
INSERT INTO patient_address VALUES ('P-00000354', 'West Tamaraville', 'Braun Cove');
INSERT INTO patient_phoneno VALUES ('P-00000354', '+1-(819)-851-3028');
INSERT INTO patients VALUES ('P-00000355', 'Beckford', 'Patrick', 'Abraham', 'male', '1944/8/28');
INSERT INTO patient_address VALUES ('P-00000355', 'Seanhaven', 'Wolfe Bridge');
INSERT INTO patient_phoneno VALUES ('P-00000355', '+1-(450)-456-7820');
INSERT INTO patients VALUES ('P-00000356', 'Beckford', 'Nicoline', 'Abigail', 'female', '1969/10/7');
INSERT INTO patient_address VALUES ('P-00000356', 'South Saraport', 'Kendra Mills');
INSERT INTO patient_phoneno VALUES ('P-00000356', '+1-(755)-862-6948');
INSERT INTO patients VALUES ('P-00000357', 'Beckford', 'Paul', 'Abraham', 'male', '1984/9/17');
INSERT INTO patient_address VALUES ('P-00000357', 'Riceside', 'Diana Land');
INSERT INTO patient_phoneno VALUES ('P-00000357', '+1-(354)-402-0879');
INSERT INTO patients VALUES ('P-00000358', 'Beckford', 'Nelly', 'Abigail', 'female', '1973/12/10');
INSERT INTO patient_address VALUES ('P-00000358', 'New Bradmouth', 'Jose Haven');
INSERT INTO patient_phoneno VALUES ('P-00000358', '+1-(754)-597-9008');
INSERT INTO patients VALUES ('P-00000359', 'Beckford', 'Quinton', 'Abraham', 'male', '1953/1/5');
INSERT INTO patient_address VALUES ('P-00000359', 'Port Bobbychester', 'Ramsey Extension');
INSERT INTO patient_phoneno VALUES ('P-00000359', '+1-(831)-021-1144');
INSERT INTO patients VALUES ('P-00000360', 'Beckford', 'Olive', 'Abigail', 'female', '1978/6/2');
INSERT INTO patient_address VALUES ('P-00000360', 'West Courtneymouth', 'Reed Skyway');
INSERT INTO patient_phoneno VALUES ('P-00000360', '+1-(423)-615-6223');
INSERT INTO patients VALUES ('P-00000361', 'Beckford', 'Ray', 'Abraham', 'male', '1961/4/14');
INSERT INTO patient_address VALUES ('P-00000361', 'Cruzberg', 'Valenzuela Vista');
INSERT INTO patient_phoneno VALUES ('P-00000361', '+1-(840)-469-2177');
INSERT INTO patients VALUES ('P-00000362', 'Beckford', 'Patrice', 'Abigail', 'female', '2004/7/0');
INSERT INTO patient_address VALUES ('P-00000362', 'Juanport', 'Eric Mountain');
INSERT INTO patient_phoneno VALUES ('P-00000362', '+1-(101)-995-3407');
INSERT INTO patients VALUES ('P-00000363', 'Beckford', 'Reece', 'Abraham', 'male', '1994/2/15');
INSERT INTO patient_address VALUES ('P-00000363', 'Port Meredithchester', 'Rhonda Spurs');
INSERT INTO patient_phoneno VALUES ('P-00000363', '+1-(171)-159-8427');
INSERT INTO patients VALUES ('P-00000364', 'Beckford', 'Penelope', 'Abigail', 'female', '1990/3/1');
INSERT INTO patient_address VALUES ('P-00000364', 'Jordanport', 'Smith Junction');
INSERT INTO patient_phoneno VALUES ('P-00000364', '+1-(384)-149-1494');
INSERT INTO patients VALUES ('P-00000365', 'Beckford', 'Robert', 'Abraham', 'male', '2003/4/13');
INSERT INTO patient_address VALUES ('P-00000365', 'Matthewsland', 'Carter Plains');
INSERT INTO patient_phoneno VALUES ('P-00000365', '+1-(812)-695-2414');
INSERT INTO patients VALUES ('P-00000366', 'Beckford', 'Rebecca', 'Abigail', 'female', '1970/6/7');
INSERT INTO patient_address VALUES ('P-00000366', 'Candiceside', 'Logan Mountains');
INSERT INTO patient_phoneno VALUES ('P-00000366', '+1-(732)-605-8652');
INSERT INTO patients VALUES ('P-00000367', 'Beckford', 'Ronald', 'Abraham', 'male', '2011/12/13');
INSERT INTO patient_address VALUES ('P-00000367', 'Brownbury', 'Jenna Mill');
INSERT INTO patient_phoneno VALUES ('P-00000367', '+1-(105)-791-4775');
INSERT INTO patients VALUES ('P-00000368', 'Beckford', 'Roberta', 'Abigail', 'female', '1995/6/5');
INSERT INTO patient_address VALUES ('P-00000368', 'Mcgeeview', 'Baker Dam');
INSERT INTO patient_phoneno VALUES ('P-00000368', '+1-(479)-883-3683');
INSERT INTO patients VALUES ('P-00000369', 'Beckford', 'Samuel', 'Abraham', 'male', '2008/1/4');
INSERT INTO patient_address VALUES ('P-00000369', 'East Isabellaberg', 'Brooks Way');
INSERT INTO patient_phoneno VALUES ('P-00000369', '+1-(855)-275-3563');
INSERT INTO patients VALUES ('P-00000370', 'Beckford', 'Samantha', 'Abigail', 'female', '1961/6/3');
INSERT INTO patient_address VALUES ('P-00000370', 'Andrewstad', 'Lorraine Mountain');
INSERT INTO patient_phoneno VALUES ('P-00000370', '+1-(919)-253-0742');
INSERT INTO patients VALUES ('P-00000371', 'Beckford', 'Simon', 'Abraham', 'male', '1944/2/12');
INSERT INTO patient_address VALUES ('P-00000371', 'South Kimberlyhaven', 'James Mill');
INSERT INTO patient_phoneno VALUES ('P-00000371', '+1-(487)-955-4374');
INSERT INTO patients VALUES ('P-00000372', 'Beckford', 'Sara', 'Abigail', 'female', '1982/3/0');
INSERT INTO patient_address VALUES ('P-00000372', 'Lake James', 'Kristina Oval');
INSERT INTO patient_phoneno VALUES ('P-00000372', '+1-(240)-777-6066');
INSERT INTO patients VALUES ('P-00000373', 'Beckford', 'Timothy', 'Abraham', 'male', '1948/7/20');
INSERT INTO patient_address VALUES ('P-00000373', 'Tracyside', 'Sharon Lake');
INSERT INTO patient_phoneno VALUES ('P-00000373', '+1-(386)-196-8657');
INSERT INTO patients VALUES ('P-00000374', 'Beckford', 'Simone', 'Abigail', 'female', '1995/3/17');
INSERT INTO patient_address VALUES ('P-00000374', 'Walkerborough', 'White Road');
INSERT INTO patient_phoneno VALUES ('P-00000374', '+1-(620)-597-2187');
INSERT INTO patients VALUES ('P-00000375', 'Beckford', 'Tyrese', 'Abraham', 'male', '1997/4/12');
INSERT INTO patient_address VALUES ('P-00000375', 'Trujillofort', 'Long Street');
INSERT INTO patient_phoneno VALUES ('P-00000375', '+1-(596)-548-3119');
INSERT INTO patients VALUES ('P-00000376', 'Beckford', 'Susane', 'Abigail', 'female', '2015/8/8');
INSERT INTO patient_address VALUES ('P-00000376', 'Larryfort', 'Daniel Village');
INSERT INTO patient_phoneno VALUES ('P-00000376', '+1-(630)-184-7646');
INSERT INTO patients VALUES ('P-00000377', 'Beckford', 'Uther', 'Abraham', 'male', '2000/7/1');
INSERT INTO patient_address VALUES ('P-00000377', 'Wattsshire', 'Anita Coves');
INSERT INTO patient_phoneno VALUES ('P-00000377', '+1-(315)-160-5103');
INSERT INTO patients VALUES ('P-00000378', 'Beckford', 'Taylor', 'Abigail', 'female', '1976/0/5');
INSERT INTO patient_address VALUES ('P-00000378', 'Nicoleton', 'Peter Shoal');
INSERT INTO patient_phoneno VALUES ('P-00000378', '+1-(742)-174-1678');
INSERT INTO patients VALUES ('P-00000379', 'Beckford', 'Vincent', 'Abraham', 'male', '1973/7/13');
INSERT INTO patient_address VALUES ('P-00000379', 'West Mary', 'Veronica Crossroad');
INSERT INTO patient_phoneno VALUES ('P-00000379', '+1-(871)-653-2378');
INSERT INTO patients VALUES ('P-00000380', 'Beckford', 'Tiffany', 'Abigail', 'female', '1957/3/10');
INSERT INTO patient_address VALUES ('P-00000380', 'South Stephanie', 'Sean Greens');
INSERT INTO patient_phoneno VALUES ('P-00000380', '+1-(908)-664-8400');
INSERT INTO patients VALUES ('P-00000381', 'Beckford', 'Wallace', 'Abraham', 'male', '1991/10/5');
INSERT INTO patient_address VALUES ('P-00000381', 'Samanthatown', 'Carter Manor');
INSERT INTO patient_phoneno VALUES ('P-00000381', '+1-(648)-490-8867');
INSERT INTO patients VALUES ('P-00000382', 'Beckford', 'Trisha', 'Abigail', 'female', '1992/0/29');
INSERT INTO patient_address VALUES ('P-00000382', 'East Alicia', 'Dave Drives');
INSERT INTO patient_phoneno VALUES ('P-00000382', '+1-(464)-486-7496');
INSERT INTO patients VALUES ('P-00000383', 'Beckford', 'Watson', 'Abraham', 'male', '2012/8/11');
INSERT INTO patient_address VALUES ('P-00000383', 'New Rebecca', 'Williams Estate');
INSERT INTO patient_phoneno VALUES ('P-00000383', '+1-(197)-624-8023');
INSERT INTO patients VALUES ('P-00000384', 'Beckford', 'Trudy', 'Abigail', 'female', '1996/4/26');
INSERT INTO patient_address VALUES ('P-00000384', 'New Victor', 'Morrison Manor');
INSERT INTO patient_phoneno VALUES ('P-00000384', '+1-(357)-817-5991');
INSERT INTO patients VALUES ('P-00000385', 'Beckford', 'Wendel', 'Abraham', 'male', '1972/9/6');
INSERT INTO patient_address VALUES ('P-00000385', 'West Daleborough', 'Hannah Street');
INSERT INTO patient_phoneno VALUES ('P-00000385', '+1-(216)-234-4733');
INSERT INTO patients VALUES ('P-00000386', 'Beckford', 'Trudy-Ann', 'Abigail', 'female', '1970/7/24');
INSERT INTO patient_address VALUES ('P-00000386', 'Lake Robert', 'Robert Summit');
INSERT INTO patient_phoneno VALUES ('P-00000386', '+1-(324)-563-4480');
INSERT INTO patients VALUES ('P-00000387', 'Beckford', 'West', 'Abraham', 'male', '1959/12/15');
INSERT INTO patient_address VALUES ('P-00000387', 'West Kelly', 'Kaitlyn Road');
INSERT INTO patient_phoneno VALUES ('P-00000387', '+1-(581)-572-8251');
INSERT INTO patients VALUES ('P-00000388', 'Beckford', 'Ulga', 'Abigail', 'female', '2011/3/13');
INSERT INTO patient_address VALUES ('P-00000388', 'Cummingsburgh', 'Joshua Circles');
INSERT INTO patient_phoneno VALUES ('P-00000388', '+1-(660)-247-7302');
INSERT INTO patients VALUES ('P-00000389', 'Beckford', 'Wilbert', 'Abraham', 'male', '1986/3/8');
INSERT INTO patient_address VALUES ('P-00000389', 'North Tylerbury', 'Ferguson Inlet');
INSERT INTO patient_phoneno VALUES ('P-00000389', '+1-(283)-978-3632');
INSERT INTO patients VALUES ('P-00000390', 'Beckford', 'Valentine', 'Abigail', 'female', '1948/7/1');
INSERT INTO patient_address VALUES ('P-00000390', 'East Danielle', 'Johnson Mountain');
INSERT INTO patient_phoneno VALUES ('P-00000390', '+1-(578)-430-7545');
INSERT INTO patients VALUES ('P-00000391', 'Beckford', 'Willis', 'Abraham', 'male', '1946/2/0');
INSERT INTO patient_address VALUES ('P-00000391', 'Vasquezfort', 'Herrera Ranch');
INSERT INTO patient_phoneno VALUES ('P-00000391', '+1-(310)-580-1132');
INSERT INTO patients VALUES ('P-00000392', 'Beckford', 'Victoria', 'Abigail', 'female', '1984/8/20');
INSERT INTO patient_address VALUES ('P-00000392', 'Townsendborough', 'Dixon Skyway');
INSERT INTO patient_phoneno VALUES ('P-00000392', '+1-(409)-982-9916');
INSERT INTO patients VALUES ('P-00000393', 'Beckford', 'William', 'Abraham', 'male', '1984/8/20');
INSERT INTO patient_address VALUES ('P-00000393', 'South Juliamouth', 'Rebecca Grove');
INSERT INTO patient_phoneno VALUES ('P-00000393', '+1-(923)-991-3896');
INSERT INTO patients VALUES ('P-00000394', 'Beckford', 'Wanda', 'Abigail', 'female', '1952/5/8');
INSERT INTO patient_address VALUES ('P-00000394', 'Fordborough', 'Gregory Spur');
INSERT INTO patient_phoneno VALUES ('P-00000394', '+1-(488)-424-1252');
INSERT INTO patients VALUES ('P-00000395', 'Beckford', 'Wilson', 'Abraham', 'male', '1960/12/10');
INSERT INTO patient_address VALUES ('P-00000395', 'Robbinston', 'Sullivan Forges');
INSERT INTO patient_phoneno VALUES ('P-00000395', '+1-(124)-451-2755');
INSERT INTO patients VALUES ('P-00000396', 'Beckford', 'Wendy', 'Abigail', 'female', '1944/11/23');
INSERT INTO patient_address VALUES ('P-00000396', 'New Sheila', 'Danielle Forges');
INSERT INTO patient_phoneno VALUES ('P-00000396', '+1-(897)-676-3357');
INSERT INTO patients VALUES ('P-00000397', 'Beckford', 'Xander', 'Abraham', 'male', '1981/4/30');
INSERT INTO patient_address VALUES ('P-00000397', 'Port Shawnatown', 'Jonathan Mews');
INSERT INTO patient_phoneno VALUES ('P-00000397', '+1-(707)-487-1782');
INSERT INTO patients VALUES ('P-00000398', 'Beckford', 'Yvone', 'Abigail', 'female', '1988/5/17');
INSERT INTO patient_address VALUES ('P-00000398', 'Harperfurt', 'Rosario Overpass');
INSERT INTO patient_phoneno VALUES ('P-00000398', '+1-(274)-440-0101');
INSERT INTO patients VALUES ('P-00000399', 'Beckford', 'Xavier', 'Abraham', 'male', '1956/1/19');
INSERT INTO patient_address VALUES ('P-00000399', 'West Angela', 'Eaton Wells');
INSERT INTO patient_phoneno VALUES ('P-00000399', '+1-(492)-562-6140');
INSERT INTO patients VALUES ('P-00000400', 'Beckford', 'Zoey', 'Abigail', 'female', '2013/4/1');
INSERT INTO patient_address VALUES ('P-00000400', 'Gardnerburgh', 'William Inlet');
INSERT INTO patient_phoneno VALUES ('P-00000400', '+1-(303)-151-7693');
INSERT INTO patients VALUES ('P-00000401', 'Beckford', 'Zackery', 'Abraham', 'male', '2009/0/11');
INSERT INTO patient_address VALUES ('P-00000401', 'Loganstad', 'Troy Junction');
INSERT INTO patient_phoneno VALUES ('P-00000401', '+1-(567)-538-1897');
INSERT INTO patients VALUES ('P-00000402', 'Beckford', 'Zackery', 'Abraham', 'male', '1976/1/7');
INSERT INTO patient_address VALUES ('P-00000402', 'Lake Rachel', 'Diana Path');
INSERT INTO patient_phoneno VALUES ('P-00000402', '+1-(381)-528-2049');
INSERT INTO patients VALUES ('P-00000403', 'Brooks', 'Abraham', 'Andrew', 'male', '2004/11/3');
INSERT INTO patient_address VALUES ('P-00000403', 'North Sharon', 'Miller Meadow');
INSERT INTO patient_phoneno VALUES ('P-00000403', '+1-(389)-381-5619');
INSERT INTO patients VALUES ('P-00000404', 'Brooks', 'Abigail', 'Angella', 'female', '1998/2/17');
INSERT INTO patient_address VALUES ('P-00000404', 'East Dustin', 'Nicholas Plaza');
INSERT INTO patient_phoneno VALUES ('P-00000404', '+1-(451)-361-5231');
INSERT INTO patients VALUES ('P-00000405', 'Brooks', 'Andrew', 'Abraham', 'male', '2007/12/30');
INSERT INTO patient_address VALUES ('P-00000405', 'Sanfordborough', 'Lewis Drive');
INSERT INTO patient_phoneno VALUES ('P-00000405', '+1-(788)-575-7605');
INSERT INTO patients VALUES ('P-00000406', 'Brooks', 'Angella', 'Abigail', 'female', '2000/7/16');
INSERT INTO patient_address VALUES ('P-00000406', 'Sherrychester', 'Holmes Mews');
INSERT INTO patient_phoneno VALUES ('P-00000406', '+1-(653)-121-1222');
INSERT INTO patients VALUES ('P-00000407', 'Brooks', 'Arnold', 'Abraham', 'male', '1973/8/5');
INSERT INTO patient_address VALUES ('P-00000407', 'Lake Janice', 'Todd Tunnel');
INSERT INTO patient_phoneno VALUES ('P-00000407', '+1-(914)-740-8296');
INSERT INTO patients VALUES ('P-00000408', 'Brooks', 'Angelica', 'Abigail', 'female', '2008/5/2');
INSERT INTO patient_address VALUES ('P-00000408', 'Jessicaberg', 'William Neck');
INSERT INTO patient_phoneno VALUES ('P-00000408', '+1-(823)-959-9782');
INSERT INTO patients VALUES ('P-00000409', 'Brooks', 'Benjamin', 'Abraham', 'male', '2013/12/2');
INSERT INTO patient_address VALUES ('P-00000409', 'Russellstad', 'Sims Locks');
INSERT INTO patient_phoneno VALUES ('P-00000409', '+1-(652)-409-5500');
INSERT INTO patients VALUES ('P-00000410', 'Brooks', 'Amanda', 'Abigail', 'female', '1987/4/28');
INSERT INTO patient_address VALUES ('P-00000410', 'East Brian', 'Kathleen Courts');
INSERT INTO patient_phoneno VALUES ('P-00000410', '+1-(449)-688-8357');
INSERT INTO patients VALUES ('P-00000411', 'Brooks', 'Bill', 'Abraham', 'male', '1965/3/28');
INSERT INTO patient_address VALUES ('P-00000411', 'New Joseph', 'Richardson Mall');
INSERT INTO patient_phoneno VALUES ('P-00000411', '+1-(246)-020-9708');
INSERT INTO patients VALUES ('P-00000412', 'Brooks', 'Ann', 'Abigail', 'female', '1977/3/11');
INSERT INTO patient_address VALUES ('P-00000412', 'Williamhaven', 'Foster Junction');
INSERT INTO patient_phoneno VALUES ('P-00000412', '+1-(346)-135-0220');
INSERT INTO patients VALUES ('P-00000413', 'Brooks', 'Boris', 'Abraham', 'male', '1981/9/0');
INSERT INTO patient_address VALUES ('P-00000413', 'Lake Angelton', 'Clements Ferry');
INSERT INTO patient_phoneno VALUES ('P-00000413', '+1-(666)-412-9200');
INSERT INTO patients VALUES ('P-00000414', 'Brooks', 'Becky', 'Abigail', 'female', '1948/7/30');
INSERT INTO patient_address VALUES ('P-00000414', 'South Sherylhaven', 'Jacob Wells');
INSERT INTO patient_phoneno VALUES ('P-00000414', '+1-(583)-326-7043');
INSERT INTO patients VALUES ('P-00000415', 'Brooks', 'Carl', 'Abraham', 'male', '2017/4/7');
INSERT INTO patient_address VALUES ('P-00000415', 'West Sarah', 'Hayes Plaza');
INSERT INTO patient_phoneno VALUES ('P-00000415', '+1-(137)-411-3244');
INSERT INTO patients VALUES ('P-00000416', 'Brooks', 'Bella', 'Abigail', 'female', '1983/5/28');
INSERT INTO patient_address VALUES ('P-00000416', 'North Johnstad', 'Bright Hills');
INSERT INTO patient_phoneno VALUES ('P-00000416', '+1-(698)-453-6196');
INSERT INTO patients VALUES ('P-00000417', 'Brooks', 'Clifford', 'Abraham', 'male', '1949/2/27');
INSERT INTO patient_address VALUES ('P-00000417', 'East Yolandashire', 'Rodriguez Ramp');
INSERT INTO patient_phoneno VALUES ('P-00000417', '+1-(497)-931-9630');
INSERT INTO patients VALUES ('P-00000418', 'Brooks', 'Blaire', 'Abigail', 'female', '1966/12/28');
INSERT INTO patient_address VALUES ('P-00000418', 'Rachelfort', 'Megan Crescent');
INSERT INTO patient_phoneno VALUES ('P-00000418', '+1-(636)-412-6232');
INSERT INTO patients VALUES ('P-00000419', 'Brooks', 'Clyde', 'Abraham', 'male', '1965/1/1');
INSERT INTO patient_address VALUES ('P-00000419', 'New Cherylstad', 'Jeffrey Lodge');
INSERT INTO patient_phoneno VALUES ('P-00000419', '+1-(653)-551-4700');
INSERT INTO patients VALUES ('P-00000420', 'Brooks', 'Bonnie', 'Abigail', 'female', '1985/6/20');
INSERT INTO patient_address VALUES ('P-00000420', 'Jonesland', 'Curtis Path');
INSERT INTO patient_phoneno VALUES ('P-00000420', '+1-(257)-399-2991');
INSERT INTO patients VALUES ('P-00000421', 'Brooks', 'Daniel', 'Abraham', 'male', '1947/7/15');
INSERT INTO patient_address VALUES ('P-00000421', 'East David', 'Kathleen Creek');
INSERT INTO patient_phoneno VALUES ('P-00000421', '+1-(642)-354-7533');
INSERT INTO patients VALUES ('P-00000422', 'Brooks', 'Brittney', 'Abigail', 'female', '2004/11/28');
INSERT INTO patient_address VALUES ('P-00000422', 'South Jonathan', 'Martin Corner');
INSERT INTO patient_phoneno VALUES ('P-00000422', '+1-(259)-179-4601');
INSERT INTO patients VALUES ('P-00000423', 'Brooks', 'Dexter', 'Abraham', 'male', '2015/6/19');
INSERT INTO patient_address VALUES ('P-00000423', 'West Davidview', 'Jones Inlet');
INSERT INTO patient_phoneno VALUES ('P-00000423', '+1-(623)-302-5764');
INSERT INTO patients VALUES ('P-00000424', 'Brooks', 'Carly', 'Abigail', 'female', '1951/0/10');
INSERT INTO patient_address VALUES ('P-00000424', 'North Derrick', 'Cross Divide');
INSERT INTO patient_phoneno VALUES ('P-00000424', '+1-(124)-716-6989');
INSERT INTO patients VALUES ('P-00000425', 'Brooks', 'Douglas', 'Abraham', 'male', '1962/12/1');
INSERT INTO patient_address VALUES ('P-00000425', 'Adamstown', 'Jennifer Manors');
INSERT INTO patient_phoneno VALUES ('P-00000425', '+1-(712)-980-8353');
INSERT INTO patients VALUES ('P-00000426', 'Brooks', 'Carlene', 'Abigail', 'female', '1958/0/22');
INSERT INTO patient_address VALUES ('P-00000426', 'East Stephanie', 'Teresa Summit');
INSERT INTO patient_phoneno VALUES ('P-00000426', '+1-(809)-307-3974');
INSERT INTO patients VALUES ('P-00000427', 'Brooks', 'Earl', 'Abraham', 'male', '2002/10/22');
INSERT INTO patient_address VALUES ('P-00000427', 'Port Jacob', 'Lewis Cape');
INSERT INTO patient_phoneno VALUES ('P-00000427', '+1-(125)-203-9926');
INSERT INTO patients VALUES ('P-00000428', 'Brooks', 'Carrol', 'Abigail', 'female', '1946/11/7');
INSERT INTO patient_address VALUES ('P-00000428', 'Port Robert', 'Gonzalez Cove');
INSERT INTO patient_phoneno VALUES ('P-00000428', '+1-(788)-414-3645');
INSERT INTO patients VALUES ('P-00000429', 'Brooks', 'EustisEmanuelErick', 'Abraham', 'male', '1968/1/26');
INSERT INTO patient_address VALUES ('P-00000429', 'New Rachaelton', 'John Ford');
INSERT INTO patient_phoneno VALUES ('P-00000429', '+1-(279)-915-3084');
INSERT INTO patients VALUES ('P-00000430', 'Brooks', 'Christian', 'Abigail', 'female', '2002/11/26');
INSERT INTO patient_address VALUES ('P-00000430', 'Denisestad', 'Jennifer Glens');
INSERT INTO patient_phoneno VALUES ('P-00000430', '+1-(628)-806-8046');
INSERT INTO patients VALUES ('P-00000431', 'Brooks', 'Franklin', 'Abraham', 'male', '2007/9/29');
INSERT INTO patient_address VALUES ('P-00000431', 'Kimberlyland', 'Theresa Trace');
INSERT INTO patient_phoneno VALUES ('P-00000431', '+1-(890)-029-9238');
INSERT INTO patients VALUES ('P-00000432', 'Brooks', 'Clowey', 'Abigail', 'female', '2017/0/29');
INSERT INTO patient_address VALUES ('P-00000432', 'West Michaelburgh', 'Wagner Fork');
INSERT INTO patient_phoneno VALUES ('P-00000432', '+1-(975)-795-2141');
INSERT INTO patients VALUES ('P-00000433', 'Brooks', 'Fredrick', 'Abraham', 'male', '1960/11/23');
INSERT INTO patient_address VALUES ('P-00000433', 'Ryanside', 'Rosario Curve');
INSERT INTO patient_phoneno VALUES ('P-00000433', '+1-(745)-502-1360');
INSERT INTO patients VALUES ('P-00000434', 'Brooks', 'Daniella', 'Abigail', 'female', '1948/5/19');
INSERT INTO patient_address VALUES ('P-00000434', 'New Deannaberg', 'Lee Landing');
INSERT INTO patient_phoneno VALUES ('P-00000434', '+1-(254)-898-7445');
INSERT INTO patients VALUES ('P-00000435', 'Brooks', 'Garfield', 'Abraham', 'male', '1973/11/11');
INSERT INTO patient_address VALUES ('P-00000435', 'Erinchester', 'Ruiz Expressway');
INSERT INTO patient_phoneno VALUES ('P-00000435', '+1-(721)-800-3807');
INSERT INTO patients VALUES ('P-00000436', 'Brooks', 'Emily', 'Abigail', 'female', '1992/9/29');
INSERT INTO patient_address VALUES ('P-00000436', 'South Franklinshire', 'Scott Valley');
INSERT INTO patient_phoneno VALUES ('P-00000436', '+1-(241)-236-7417');
INSERT INTO patients VALUES ('P-00000437', 'Brooks', 'Greggory', 'Abraham', 'male', '2008/12/16');
INSERT INTO patient_address VALUES ('P-00000437', 'Smithside', 'Peterson Spring');
INSERT INTO patient_phoneno VALUES ('P-00000437', '+1-(242)-553-6674');
INSERT INTO patients VALUES ('P-00000438', 'Brooks', 'Eve', 'Abigail', 'female', '1993/7/8');
INSERT INTO patient_address VALUES ('P-00000438', 'Kingborough', 'Lopez Skyway');
INSERT INTO patient_phoneno VALUES ('P-00000438', '+1-(719)-175-8267');
INSERT INTO patients VALUES ('P-00000439', 'Brooks', 'Gordon', 'Abraham', 'male', '1949/0/30');
INSERT INTO patient_address VALUES ('P-00000439', 'New William', 'Powell Valley');
INSERT INTO patient_phoneno VALUES ('P-00000439', '+1-(358)-260-8685');
INSERT INTO patients VALUES ('P-00000440', 'Brooks', 'Fiona', 'Abigail', 'female', '1982/7/24');
INSERT INTO patient_address VALUES ('P-00000440', 'Port Elizabeth', 'Justin Walk');
INSERT INTO patient_phoneno VALUES ('P-00000440', '+1-(386)-598-5535');
INSERT INTO patients VALUES ('P-00000441', 'Brooks', 'Gabriel', 'Abraham', 'male', '1969/7/28');
INSERT INTO patient_address VALUES ('P-00000441', 'Mortontown', 'Tamara Lights');
INSERT INTO patient_phoneno VALUES ('P-00000441', '+1-(881)-016-6687');
INSERT INTO patients VALUES ('P-00000442', 'Brooks', 'Gabriella', 'Abigail', 'female', '1959/3/26');
INSERT INTO patient_address VALUES ('P-00000442', 'East Michael', 'Amy Fall');
INSERT INTO patient_phoneno VALUES ('P-00000442', '+1-(703)-165-7890');
INSERT INTO patients VALUES ('P-00000443', 'Brooks', 'Garry', 'Abraham', 'male', '1974/1/23');
INSERT INTO patient_address VALUES ('P-00000443', 'Clarkeberg', 'Vanessa Branch');
INSERT INTO patient_phoneno VALUES ('P-00000443', '+1-(473)-208-9509');
INSERT INTO patients VALUES ('P-00000444', 'Brooks', 'Heather', 'Abigail', 'female', '1955/11/10');
INSERT INTO patient_address VALUES ('P-00000444', 'West Dean', 'Gay Harbor');
INSERT INTO patient_phoneno VALUES ('P-00000444', '+1-(720)-995-4280');
INSERT INTO patients VALUES ('P-00000445', 'Brooks', 'Howard', 'Abraham', 'male', '1972/3/4');
INSERT INTO patient_address VALUES ('P-00000445', 'Codyfort', 'Cannon Junctions');
INSERT INTO patient_phoneno VALUES ('P-00000445', '+1-(602)-539-9151');
INSERT INTO patients VALUES ('P-00000446', 'Brooks', 'Isabelle', 'Abigail', 'female', '1951/10/15');
INSERT INTO patient_address VALUES ('P-00000446', 'Scottfort', 'Elizabeth Mountain');
INSERT INTO patient_phoneno VALUES ('P-00000446', '+1-(413)-623-8853');
INSERT INTO patients VALUES ('P-00000447', 'Brooks', 'Jack', 'Abraham', 'male', '1945/8/8');
INSERT INTO patient_address VALUES ('P-00000447', 'Katelynland', 'Watson Landing');
INSERT INTO patient_phoneno VALUES ('P-00000447', '+1-(428)-600-7816');
INSERT INTO patients VALUES ('P-00000448', 'Brooks', 'Jackalin', 'Abigail', 'female', '1993/4/23');
INSERT INTO patient_address VALUES ('P-00000448', 'Poncemouth', 'Ruiz Stravenue');
INSERT INTO patient_phoneno VALUES ('P-00000448', '+1-(950)-249-6860');
INSERT INTO patients VALUES ('P-00000449', 'Brooks', 'Jacob', 'Abraham', 'male', '1978/2/21');
INSERT INTO patient_address VALUES ('P-00000449', 'Kellychester', 'Williams Pike');
INSERT INTO patient_phoneno VALUES ('P-00000449', '+1-(490)-994-1269');
INSERT INTO patients VALUES ('P-00000450', 'Brooks', 'Jennifer', 'Abigail', 'female', '1948/3/10');
INSERT INTO patient_address VALUES ('P-00000450', 'North Ericbury', 'Thompson Villages');
INSERT INTO patient_phoneno VALUES ('P-00000450', '+1-(189)-059-5238');
INSERT INTO patients VALUES ('P-00000451', 'Brooks', 'Jackson', 'Abraham', 'male', '1993/6/14');
INSERT INTO patient_address VALUES ('P-00000451', 'Lake Justinside', 'Welch Villages');
INSERT INTO patient_phoneno VALUES ('P-00000451', '+1-(703)-702-8110');
INSERT INTO patients VALUES ('P-00000452', 'Brooks', 'Jessica', 'Abigail', 'female', '1943/10/11');
INSERT INTO patient_address VALUES ('P-00000452', 'Davidborough', 'Kara Streets');
INSERT INTO patient_phoneno VALUES ('P-00000452', '+1-(500)-258-9254');
INSERT INTO patients VALUES ('P-00000453', 'Brooks', 'Justin', 'Abraham', 'male', '1947/7/12');
INSERT INTO patient_address VALUES ('P-00000453', 'Williamsville', 'Adams Fall');
INSERT INTO patient_phoneno VALUES ('P-00000453', '+1-(508)-168-9469');
INSERT INTO patients VALUES ('P-00000454', 'Brooks', 'Jhenai', 'Abigail', 'female', '2017/1/17');
INSERT INTO patient_address VALUES ('P-00000454', 'West Brent', 'Harmon Ridge');
INSERT INTO patient_phoneno VALUES ('P-00000454', '+1-(485)-085-0192');
INSERT INTO patients VALUES ('P-00000455', 'Brooks', 'Kelly', 'Abraham', 'male', '1969/9/14');
INSERT INTO patient_address VALUES ('P-00000455', 'Lopezburgh', 'Bradley Lodge');
INSERT INTO patient_phoneno VALUES ('P-00000455', '+1-(560)-287-1744');
INSERT INTO patients VALUES ('P-00000456', 'Brooks', 'Jordan', 'Abigail', 'female', '1947/2/6');
INSERT INTO patient_address VALUES ('P-00000456', 'North Robintown', 'Deborah Courts');
INSERT INTO patient_phoneno VALUES ('P-00000456', '+1-(451)-626-8372');
INSERT INTO patients VALUES ('P-00000457', 'Brooks', 'Ken', 'Abraham', 'male', '1943/11/6');
INSERT INTO patient_address VALUES ('P-00000457', 'Reynoldsborough', 'Andrea Bypass');
INSERT INTO patient_phoneno VALUES ('P-00000457', '+1-(458)-011-6585');
INSERT INTO patients VALUES ('P-00000458', 'Brooks', 'Josie', 'Abigail', 'female', '1990/11/12');
INSERT INTO patient_address VALUES ('P-00000458', 'Smithchester', 'Rose Valleys');
INSERT INTO patient_phoneno VALUES ('P-00000458', '+1-(196)-307-3723');
INSERT INTO patients VALUES ('P-00000459', 'Brooks', 'Kenneth', 'Abraham', 'male', '2007/5/23');
INSERT INTO patient_address VALUES ('P-00000459', 'West Annstad', 'Wendy Fields');
INSERT INTO patient_phoneno VALUES ('P-00000459', '+1-(253)-310-6414');
INSERT INTO patients VALUES ('P-00000460', 'Brooks', 'Jody', 'Abigail', 'female', '1983/8/3');
INSERT INTO patient_address VALUES ('P-00000460', 'Port Jacquelinechester', 'William Manors');
INSERT INTO patient_phoneno VALUES ('P-00000460', '+1-(424)-183-8134');
INSERT INTO patients VALUES ('P-00000461', 'Brooks', 'Kevin', 'Abraham', 'male', '1974/0/24');
INSERT INTO patient_address VALUES ('P-00000461', 'Martinezview', 'Angel Canyon');
INSERT INTO patient_phoneno VALUES ('P-00000461', '+1-(419)-609-7079');
INSERT INTO patients VALUES ('P-00000462', 'Brooks', 'Jody-Ann', 'Abigail', 'female', '1949/9/20');
INSERT INTO patient_address VALUES ('P-00000462', 'Heidihaven', 'Tyler Lodge');
INSERT INTO patient_phoneno VALUES ('P-00000462', '+1-(282)-866-9959');
INSERT INTO patients VALUES ('P-00000463', 'Brooks', 'Keith', 'Abraham', 'male', '1997/1/2');
INSERT INTO patient_address VALUES ('P-00000463', 'East Kelly', 'Brandon Ford');
INSERT INTO patient_phoneno VALUES ('P-00000463', '+1-(358)-148-7344');
INSERT INTO patients VALUES ('P-00000464', 'Brooks', 'Karlene', 'Abigail', 'female', '1955/1/29');
INSERT INTO patient_address VALUES ('P-00000464', 'North Josephmouth', 'Foley Pine');
INSERT INTO patient_phoneno VALUES ('P-00000464', '+1-(628)-911-9241');
INSERT INTO patients VALUES ('P-00000465', 'Brooks', 'Lewis', 'Abraham', 'male', '2017/9/12');
INSERT INTO patient_address VALUES ('P-00000465', 'Davisport', 'Taylor Trafficway');
INSERT INTO patient_phoneno VALUES ('P-00000465', '+1-(203)-514-5455');
INSERT INTO patients VALUES ('P-00000466', 'Brooks', 'Keezia', 'Abigail', 'female', '1981/2/1');
INSERT INTO patient_address VALUES ('P-00000466', 'Patriciaville', 'Campos Cliff');
INSERT INTO patient_phoneno VALUES ('P-00000466', '+1-(548)-740-0212');
INSERT INTO patients VALUES ('P-00000467', 'Brooks', 'Logan', 'Abraham', 'male', '1979/3/30');
INSERT INTO patient_address VALUES ('P-00000467', 'West Seanberg', 'Jean Curve');
INSERT INTO patient_phoneno VALUES ('P-00000467', '+1-(300)-299-4440');
INSERT INTO patients VALUES ('P-00000468', 'Brooks', 'Kelly', 'Abigail', 'female', '2017/6/18');
INSERT INTO patient_address VALUES ('P-00000468', 'East Melanie', 'Williams Junctions');
INSERT INTO patient_phoneno VALUES ('P-00000468', '+1-(948)-793-5653');
INSERT INTO patients VALUES ('P-00000469', 'Brooks', 'Marcus', 'Abraham', 'male', '1994/2/18');
INSERT INTO patient_address VALUES ('P-00000469', 'Port Tinatown', 'Andrew Trace');
INSERT INTO patient_phoneno VALUES ('P-00000469', '+1-(999)-345-2829');
INSERT INTO patients VALUES ('P-00000470', 'Brooks', 'Kelly-Ann', 'Abigail', 'female', '1997/5/14');
INSERT INTO patient_address VALUES ('P-00000470', 'Lake Samantha', 'Evan Springs');
INSERT INTO patient_phoneno VALUES ('P-00000470', '+1-(666)-130-9730');
INSERT INTO patients VALUES ('P-00000471', 'Brooks', 'Maxwell', 'Abraham', 'male', '2008/12/9');
INSERT INTO patient_address VALUES ('P-00000471', 'Lynchland', 'Jennifer Plaza');
INSERT INTO patient_phoneno VALUES ('P-00000471', '+1-(813)-319-0169');
INSERT INTO patients VALUES ('P-00000472', 'Brooks', 'Kimberly', 'Abigail', 'female', '2013/3/9');
INSERT INTO patient_address VALUES ('P-00000472', 'South Cynthiashire', 'Mitchell Turnpike');
INSERT INTO patient_phoneno VALUES ('P-00000472', '+1-(372)-383-7878');
INSERT INTO patients VALUES ('P-00000473', 'Brooks', 'Mitchum', 'Abraham', 'male', '1954/11/10');
INSERT INTO patient_address VALUES ('P-00000473', 'Dickersonview', 'Alex Harbors');
INSERT INTO patient_phoneno VALUES ('P-00000473', '+1-(317)-184-3808');
INSERT INTO patients VALUES ('P-00000474', 'Brooks', 'Levi-Ann', 'Abigail', 'female', '1963/6/0');
INSERT INTO patient_address VALUES ('P-00000474', 'South Richardview', 'Thomas Views');
INSERT INTO patient_phoneno VALUES ('P-00000474', '+1-(718)-050-1881');
INSERT INTO patients VALUES ('P-00000475', 'Brooks', 'Melvin', 'Abraham', 'male', '1942/12/12');
INSERT INTO patient_address VALUES ('P-00000475', 'Jeremyview', 'Wheeler Forest');
INSERT INTO patient_phoneno VALUES ('P-00000475', '+1-(565)-193-8381');
INSERT INTO patients VALUES ('P-00000476', 'Brooks', 'Lisa', 'Abigail', 'female', '1964/4/27');
INSERT INTO patient_address VALUES ('P-00000476', 'Port Sandrachester', 'Raymond Walk');
INSERT INTO patient_phoneno VALUES ('P-00000476', '+1-(257)-726-7213');
INSERT INTO patients VALUES ('P-00000477', 'Brooks', 'Morgan', 'Abraham', 'male', '2017/2/4');
INSERT INTO patient_address VALUES ('P-00000477', 'Port Natashabury', 'Anna Rapid');
INSERT INTO patient_phoneno VALUES ('P-00000477', '+1-(591)-580-1485');
INSERT INTO patients VALUES ('P-00000478', 'Brooks', 'Lucy', 'Abigail', 'female', '1947/10/0');
INSERT INTO patient_address VALUES ('P-00000478', 'Ritterview', 'Turner Hollow');
INSERT INTO patient_phoneno VALUES ('P-00000478', '+1-(876)-199-3331');
INSERT INTO patients VALUES ('P-00000479', 'Brooks', 'Nelson', 'Abraham', 'male', '1955/8/17');
INSERT INTO patient_address VALUES ('P-00000479', 'Port Bobby', 'Rangel Curve');
INSERT INTO patient_phoneno VALUES ('P-00000479', '+1-(152)-430-5907');
INSERT INTO patients VALUES ('P-00000480', 'Brooks', 'Mary', 'Abigail', 'female', '1954/8/17');
INSERT INTO patient_address VALUES ('P-00000480', 'Carlafort', 'Colleen Harbor');
INSERT INTO patient_phoneno VALUES ('P-00000480', '+1-(967)-048-2605');
INSERT INTO patients VALUES ('P-00000481', 'Brooks', 'Javier', 'Abraham', 'male', '2017/1/10');
INSERT INTO patient_address VALUES ('P-00000481', 'Jessicafort', 'Katherine Harbors');
INSERT INTO patient_phoneno VALUES ('P-00000481', '+1-(263)-673-5890');
INSERT INTO patients VALUES ('P-00000482', 'Brooks', 'Mary-AnnMellisa', 'Abigail', 'female', '2000/2/11');
INSERT INTO patient_address VALUES ('P-00000482', 'Ayersport', 'Yolanda Underpass');
INSERT INTO patient_phoneno VALUES ('P-00000482', '+1-(321)-049-7951');
INSERT INTO patients VALUES ('P-00000483', 'Brooks', 'Jordan', 'Abraham', 'male', '1985/9/27');
INSERT INTO patient_address VALUES ('P-00000483', 'West Jennifer', 'Hernandez Island');
INSERT INTO patient_phoneno VALUES ('P-00000483', '+1-(135)-862-8696');
INSERT INTO patients VALUES ('P-00000484', 'Brooks', 'Megan', 'Abigail', 'female', '1966/10/13');
INSERT INTO patient_address VALUES ('P-00000484', 'North Ashley', 'Myers Brooks');
INSERT INTO patient_phoneno VALUES ('P-00000484', '+1-(498)-781-8102');
INSERT INTO patients VALUES ('P-00000485', 'Brooks', 'Oliver', 'Abraham', 'male', '2011/11/17');
INSERT INTO patient_address VALUES ('P-00000485', 'Moorehaven', 'Anita Burgs');
INSERT INTO patient_phoneno VALUES ('P-00000485', '+1-(539)-618-7492');
INSERT INTO patients VALUES ('P-00000486', 'Brooks', 'Minerva', 'Abigail', 'female', '1989/12/18');
INSERT INTO patient_address VALUES ('P-00000486', 'Bradleymouth', 'Cody Stream');
INSERT INTO patient_phoneno VALUES ('P-00000486', '+1-(879)-348-2990');
INSERT INTO patients VALUES ('P-00000487', 'Brooks', 'Osborne', 'Abraham', 'male', '1959/2/10');
INSERT INTO patient_address VALUES ('P-00000487', 'Mccormickburgh', 'Aaron Pass');
INSERT INTO patient_phoneno VALUES ('P-00000487', '+1-(302)-981-3050');
INSERT INTO patients VALUES ('P-00000488', 'Brooks', 'Molly', 'Abigail', 'female', '1955/7/6');
INSERT INTO patient_address VALUES ('P-00000488', 'Port Nicholasfurt', 'Porter Green');
INSERT INTO patient_phoneno VALUES ('P-00000488', '+1-(409)-372-9962');
INSERT INTO patients VALUES ('P-00000489', 'Brooks', 'Patrick', 'Abraham', 'male', '1980/10/2');
INSERT INTO patient_address VALUES ('P-00000489', 'Josephton', 'Johnson Mission');
INSERT INTO patient_phoneno VALUES ('P-00000489', '+1-(384)-071-3505');
INSERT INTO patients VALUES ('P-00000490', 'Brooks', 'Nicoline', 'Abigail', 'female', '1972/12/28');
INSERT INTO patient_address VALUES ('P-00000490', 'Leslieport', 'Kellie Canyon');
INSERT INTO patient_phoneno VALUES ('P-00000490', '+1-(281)-204-0520');
INSERT INTO patients VALUES ('P-00000491', 'Brooks', 'Paul', 'Abraham', 'male', '1957/0/16');
INSERT INTO patient_address VALUES ('P-00000491', 'Johnview', 'Katie Loop');
INSERT INTO patient_phoneno VALUES ('P-00000491', '+1-(316)-620-4790');
INSERT INTO patients VALUES ('P-00000492', 'Brooks', 'Nelly', 'Abigail', 'female', '1988/10/26');
INSERT INTO patient_address VALUES ('P-00000492', 'Port Abigail', 'Anderson Throughway');
INSERT INTO patient_phoneno VALUES ('P-00000492', '+1-(831)-384-4414');
INSERT INTO patients VALUES ('P-00000493', 'Brooks', 'Quinton', 'Abraham', 'male', '1986/0/25');
INSERT INTO patient_address VALUES ('P-00000493', 'Mcdonaldhaven', 'Hodges Mill');
INSERT INTO patient_phoneno VALUES ('P-00000493', '+1-(898)-037-7574');
INSERT INTO patients VALUES ('P-00000494', 'Brooks', 'Olive', 'Abigail', 'female', '2010/7/9');
INSERT INTO patient_address VALUES ('P-00000494', 'Lunaland', 'Fernandez Bridge');
INSERT INTO patient_phoneno VALUES ('P-00000494', '+1-(135)-775-0554');
INSERT INTO patients VALUES ('P-00000495', 'Brooks', 'Ray', 'Abraham', 'male', '1977/2/28');
INSERT INTO patient_address VALUES ('P-00000495', 'West Joel', 'Gregory Burg');
INSERT INTO patient_phoneno VALUES ('P-00000495', '+1-(521)-000-2041');
INSERT INTO patients VALUES ('P-00000496', 'Brooks', 'Patrice', 'Abigail', 'female', '1965/9/28');
INSERT INTO patient_address VALUES ('P-00000496', 'Port Matthew', 'Jessica Corners');
INSERT INTO patient_phoneno VALUES ('P-00000496', '+1-(821)-084-7841');
INSERT INTO patients VALUES ('P-00000497', 'Brooks', 'Reece', 'Abraham', 'male', '1993/9/29');
INSERT INTO patient_address VALUES ('P-00000497', 'New Kristenside', 'Rodriguez Corner');
INSERT INTO patient_phoneno VALUES ('P-00000497', '+1-(149)-260-3093');
INSERT INTO patients VALUES ('P-00000498', 'Brooks', 'Penelope', 'Abigail', 'female', '1946/0/18');
INSERT INTO patient_address VALUES ('P-00000498', 'Port Faith', 'Massey Villages');
INSERT INTO patient_phoneno VALUES ('P-00000498', '+1-(744)-424-0238');
INSERT INTO patients VALUES ('P-00000499', 'Brooks', 'Robert', 'Abraham', 'male', '1997/9/4');
INSERT INTO patient_address VALUES ('P-00000499', 'North Juliemouth', 'Michael Fords');
INSERT INTO patient_phoneno VALUES ('P-00000499', '+1-(165)-174-6859');
INSERT INTO patients VALUES ('P-00000500', 'Brooks', 'Rebecca', 'Abigail', 'female', '1945/9/8');
INSERT INTO patient_address VALUES ('P-00000500', 'Brittanyville', 'Victoria Gardens');
INSERT INTO patient_phoneno VALUES ('P-00000500', '+1-(692)-425-3539');

INSERT INTO employee VALUES ('D-00000001', 'Sara', 'Gillespie', 'Doctor');
INSERT INTO doctor VALUES ('D-00000001');
INSERT INTO employee_address VALUES ('D-00000001', 'Ruizmouth', '3624 Hunt Parkways Apt. 745');
INSERT INTO employee_phoneno VALUES ('D-00000001', '+1-(504)-640-8367');
INSERT INTO doctor_resident VALUES ('D-00000001');
INSERT INTO employee VALUES ('D-00000002', 'Thomas', 'Blackwell', 'Doctor');
INSERT INTO doctor VALUES ('D-00000002');
INSERT INTO employee_address VALUES ('D-00000002', 'Lake Amber', '7784 Bruce Inlet Apt. 768');
INSERT INTO employee_phoneno VALUES ('D-00000002', '+1-(619)-852-2513');
INSERT INTO doctor_consultant VALUES ('D-00000002', 'Dermatology');
INSERT INTO employee VALUES ('D-00000003', 'Justin', 'Vance', 'Doctor');
INSERT INTO doctor VALUES ('D-00000003');
INSERT INTO employee_address VALUES ('D-00000003', 'Michaeltown', '604 Steven Manors Apt. 665');
INSERT INTO employee_phoneno VALUES ('D-00000003', '+1-(451)-641-7974');
INSERT INTO doctor_intern VALUES ('D-00000003');
INSERT INTO employee VALUES ('D-00000004', 'Robin', 'Hernandez', 'Doctor');
INSERT INTO doctor VALUES ('D-00000004');
INSERT INTO employee_address VALUES ('D-00000004', 'Parksport', '95507 Smith Burgs Suite 049');
INSERT INTO employee_phoneno VALUES ('D-00000004', '+1-(137)-424-8301');
INSERT INTO doctor_resident VALUES ('D-00000004');
INSERT INTO employee VALUES ('D-00000005', 'Victor', 'Welch', 'Doctor');
INSERT INTO doctor VALUES ('D-00000005');
INSERT INTO employee_address VALUES ('D-00000005', 'Sarahshire', '8555 Davis Mill');
INSERT INTO employee_phoneno VALUES ('D-00000005', '+1-(671)-262-0795');
INSERT INTO doctor_consultant VALUES ('D-00000005', 'Neurology');
INSERT INTO employee VALUES ('D-00000006', 'David', 'Wilson', 'Doctor');
INSERT INTO doctor VALUES ('D-00000006');
INSERT INTO employee_address VALUES ('D-00000006', 'West Danny', '24984 Wells Expressway');
INSERT INTO employee_phoneno VALUES ('D-00000006', '+1-(576)-509-0625');
INSERT INTO doctor_intern VALUES ('D-00000006');
INSERT INTO employee VALUES ('D-00000007', 'Jeff', 'Hill', 'Doctor');
INSERT INTO doctor VALUES ('D-00000007');
INSERT INTO employee_address VALUES ('D-00000007', 'Connermouth', '877 Tran Crossing');
INSERT INTO employee_phoneno VALUES ('D-00000007', '+1-(724)-475-4881');
INSERT INTO doctor_resident VALUES ('D-00000007');
INSERT INTO employee VALUES ('D-00000008', 'Heather', 'Griffin', 'Doctor');
INSERT INTO doctor VALUES ('D-00000008');
INSERT INTO employee_address VALUES ('D-00000008', 'New Kaylee', '1129 Ryan Terrace Apt. 427');
INSERT INTO employee_phoneno VALUES ('D-00000008', '+1-(667)-219-0290');
INSERT INTO doctor_consultant VALUES ('D-00000008', 'Neurology');
INSERT INTO employee VALUES ('D-00000009', 'Michael', 'Bryant', 'Doctor');
INSERT INTO doctor VALUES ('D-00000009');
INSERT INTO employee_address VALUES ('D-00000009', 'South Elizabethburgh', '11581 Hill Trafficway');
INSERT INTO employee_phoneno VALUES ('D-00000009', '+1-(211)-635-2710');
INSERT INTO doctor_intern VALUES ('D-00000009');
INSERT INTO employee VALUES ('D-00000010', 'Richard', 'James', 'Doctor');
INSERT INTO doctor VALUES ('D-00000010');
INSERT INTO employee_address VALUES ('D-00000010', 'New Sarahview', '0369 Roth Roads');
INSERT INTO employee_phoneno VALUES ('D-00000010', '+1-(282)-533-6779');
INSERT INTO doctor_resident VALUES ('D-00000010');
INSERT INTO employee VALUES ('D-00000011', 'Christina', 'Schaefer', 'Doctor');
INSERT INTO doctor VALUES ('D-00000011');
INSERT INTO employee_address VALUES ('D-00000011', 'Woodshaven', '56925 Moore Landing');
INSERT INTO employee_phoneno VALUES ('D-00000011', '+1-(938)-707-7235');
INSERT INTO doctor_consultant VALUES ('D-00000011', 'Pathology');
INSERT INTO employee VALUES ('D-00000012', 'Hannah', 'Scott', 'Doctor');
INSERT INTO doctor VALUES ('D-00000012');
INSERT INTO employee_address VALUES ('D-00000012', 'West Rhondahaven', '563 Christopher Shoals');
INSERT INTO employee_phoneno VALUES ('D-00000012', '+1-(731)-450-9051');
INSERT INTO doctor_intern VALUES ('D-00000012');
INSERT INTO employee VALUES ('D-00000013', 'Robin', 'White', 'Doctor');
INSERT INTO doctor VALUES ('D-00000013');
INSERT INTO employee_address VALUES ('D-00000013', 'Lake April', '52379 Michelle Terrace');
INSERT INTO employee_phoneno VALUES ('D-00000013', '+1-(898)-378-8862');
INSERT INTO doctor_resident VALUES ('D-00000013');
INSERT INTO employee VALUES ('D-00000014', 'Andrew', 'Nunez', 'Doctor');
INSERT INTO doctor VALUES ('D-00000014');
INSERT INTO employee_address VALUES ('D-00000014', 'Larryview', '43281 Solomon Plains');
INSERT INTO employee_phoneno VALUES ('D-00000014', '+1-(467)-581-4804');
INSERT INTO doctor_consultant VALUES ('D-00000014', 'Citology');
INSERT INTO employee VALUES ('D-00000015', 'Christine', 'Smith', 'Doctor');
INSERT INTO doctor VALUES ('D-00000015');
INSERT INTO employee_address VALUES ('D-00000015', 'Hannahberg', '426 Simmons Ports Suite 870');
INSERT INTO employee_phoneno VALUES ('D-00000015', '+1-(746)-923-4482');
INSERT INTO doctor_intern VALUES ('D-00000015');
INSERT INTO employee VALUES ('D-00000016', 'Julie', 'Walters', 'Doctor');
INSERT INTO doctor VALUES ('D-00000016');
INSERT INTO employee_address VALUES ('D-00000016', 'West Williamberg', '839 Ronald Union Apt. 706');
INSERT INTO employee_phoneno VALUES ('D-00000016', '+1-(890)-370-2199');
INSERT INTO doctor_resident VALUES ('D-00000016');
INSERT INTO employee VALUES ('D-00000017', 'Tyler', 'Nguyen', 'Doctor');
INSERT INTO doctor VALUES ('D-00000017');
INSERT INTO employee_address VALUES ('D-00000017', 'Lake Justinfort', '930 Miller Road Suite 443');
INSERT INTO employee_phoneno VALUES ('D-00000017', '+1-(238)-093-6600');
INSERT INTO doctor_consultant VALUES ('D-00000017', 'Neurology');
INSERT INTO employee VALUES ('D-00000018', 'Aaron', 'Ramirez', 'Doctor');
INSERT INTO doctor VALUES ('D-00000018');
INSERT INTO employee_address VALUES ('D-00000018', 'Yatesfort', '7012 Khan Expressway');
INSERT INTO employee_phoneno VALUES ('D-00000018', '+1-(493)-697-2938');
INSERT INTO doctor_intern VALUES ('D-00000018');
INSERT INTO employee VALUES ('D-00000019', 'Stacy', 'Johnson', 'Doctor');
INSERT INTO doctor VALUES ('D-00000019');
INSERT INTO employee_address VALUES ('D-00000019', 'Rileyhaven', '05821 Brian Shore');
INSERT INTO employee_phoneno VALUES ('D-00000019', '+1-(414)-601-9757');
INSERT INTO doctor_resident VALUES ('D-00000019');
INSERT INTO employee VALUES ('D-00000020', 'Robert', 'Morgan', 'Doctor');
INSERT INTO doctor VALUES ('D-00000020');
INSERT INTO employee_address VALUES ('D-00000020', 'Castilloside', '54405 Sheri Mall Suite 714');
INSERT INTO employee_phoneno VALUES ('D-00000020', '+1-(244)-510-1782');
INSERT INTO doctor_consultant VALUES ('D-00000020', 'Cardiology');
INSERT INTO employee VALUES ('D-00000021', 'Vanessa', 'Hernandez', 'Doctor');
INSERT INTO doctor VALUES ('D-00000021');
INSERT INTO employee_address VALUES ('D-00000021', 'South Arthurstad', '48835 Bell Rapid Apt. 684');
INSERT INTO employee_phoneno VALUES ('D-00000021', '+1-(753)-215-9779');
INSERT INTO doctor_intern VALUES ('D-00000021');
INSERT INTO employee VALUES ('D-00000022', 'Kimberly', 'Allen', 'Doctor');
INSERT INTO doctor VALUES ('D-00000022');
INSERT INTO employee_address VALUES ('D-00000022', 'Lake Kathleen', '30143 Wise Gardens');
INSERT INTO employee_phoneno VALUES ('D-00000022', '+1-(139)-049-0860');
INSERT INTO doctor_resident VALUES ('D-00000022');
INSERT INTO employee VALUES ('D-00000023', 'Andrew', 'Moran', 'Doctor');
INSERT INTO doctor VALUES ('D-00000023');
INSERT INTO employee_address VALUES ('D-00000023', 'Valeriefurt', '6529 Brown Plains');
INSERT INTO employee_phoneno VALUES ('D-00000023', '+1-(700)-552-2475');
INSERT INTO doctor_consultant VALUES ('D-00000023', 'Neurology');
INSERT INTO employee VALUES ('D-00000024', 'Katie', 'Frazier', 'Doctor');
INSERT INTO doctor VALUES ('D-00000024');
INSERT INTO employee_address VALUES ('D-00000024', 'Vasquezberg', '240 Wilson Corners');
INSERT INTO employee_phoneno VALUES ('D-00000024', '+1-(201)-583-0870');
INSERT INTO doctor_intern VALUES ('D-00000024');
INSERT INTO employee VALUES ('D-00000025', 'Thomas', 'Beltran', 'Doctor');
INSERT INTO doctor VALUES ('D-00000025');
INSERT INTO employee_address VALUES ('D-00000025', 'North Jonathanport', '6593 Marie Course Apt. 550');
INSERT INTO employee_phoneno VALUES ('D-00000025', '+1-(333)-203-7481');
INSERT INTO doctor_resident VALUES ('D-00000025');
INSERT INTO employee VALUES ('D-00000026', 'Nicole', 'Alexander', 'Doctor');
INSERT INTO doctor VALUES ('D-00000026');
INSERT INTO employee_address VALUES ('D-00000026', 'East Timothyton', '1707 Nicole Roads');
INSERT INTO employee_phoneno VALUES ('D-00000026', '+1-(479)-510-9693');
INSERT INTO doctor_consultant VALUES ('D-00000026', 'Cardiology');
INSERT INTO employee VALUES ('D-00000027', 'Richard', 'Gonzalez', 'Doctor');
INSERT INTO doctor VALUES ('D-00000027');
INSERT INTO employee_address VALUES ('D-00000027', 'Danielfort', '929 Valdez Keys');
INSERT INTO employee_phoneno VALUES ('D-00000027', '+1-(598)-343-0354');
INSERT INTO doctor_intern VALUES ('D-00000027');
INSERT INTO employee VALUES ('D-00000028', 'Gary', 'Green', 'Doctor');
INSERT INTO doctor VALUES ('D-00000028');
INSERT INTO employee_address VALUES ('D-00000028', 'North Vincentstad', '354 Kathryn Village Apt. 092');
INSERT INTO employee_phoneno VALUES ('D-00000028', '+1-(232)-948-0669');
INSERT INTO doctor_resident VALUES ('D-00000028');
INSERT INTO employee VALUES ('D-00000029', 'Paul', 'Ewing', 'Doctor');
INSERT INTO doctor VALUES ('D-00000029');
INSERT INTO employee_address VALUES ('D-00000029', 'Port Brenda', '140 Kaiser Brooks Suite 515');
INSERT INTO employee_phoneno VALUES ('D-00000029', '+1-(222)-424-8064');
INSERT INTO doctor_consultant VALUES ('D-00000029', 'Pathology');
INSERT INTO employee VALUES ('D-00000030', 'Christopher', 'Brown', 'Doctor');
INSERT INTO doctor VALUES ('D-00000030');
INSERT INTO employee_address VALUES ('D-00000030', 'North Tylermouth', '137 Morris Courts Apt. 885');
INSERT INTO employee_phoneno VALUES ('D-00000030', '+1-(145)-817-5884');
INSERT INTO doctor_intern VALUES ('D-00000030');
INSERT INTO employee VALUES ('D-00000031', 'Sally', 'Walker', 'Doctor');
INSERT INTO doctor VALUES ('D-00000031');
INSERT INTO employee_address VALUES ('D-00000031', 'Staceymouth', '316 Dixon Key');
INSERT INTO employee_phoneno VALUES ('D-00000031', '+1-(121)-255-3017');
INSERT INTO doctor_resident VALUES ('D-00000031');
INSERT INTO employee VALUES ('D-00000032', 'James', 'Nelson', 'Doctor');
INSERT INTO doctor VALUES ('D-00000032');
INSERT INTO employee_address VALUES ('D-00000032', 'Port Lisa', '61521 Espinoza Trace Suite 939');
INSERT INTO employee_phoneno VALUES ('D-00000032', '+1-(268)-066-6627');
INSERT INTO doctor_consultant VALUES ('D-00000032', 'Cardiology');
INSERT INTO employee VALUES ('D-00000033', 'Megan', 'Campbell', 'Doctor');
INSERT INTO doctor VALUES ('D-00000033');
INSERT INTO employee_address VALUES ('D-00000033', 'Shannonfurt', '3190 Escobar Spring');
INSERT INTO employee_phoneno VALUES ('D-00000033', '+1-(836)-842-3722');
INSERT INTO doctor_intern VALUES ('D-00000033');
INSERT INTO employee VALUES ('D-00000034', 'Robert', 'Ruiz', 'Doctor');
INSERT INTO doctor VALUES ('D-00000034');
INSERT INTO employee_address VALUES ('D-00000034', 'West Chadborough', '881 Heidi Course Apt. 458');
INSERT INTO employee_phoneno VALUES ('D-00000034', '+1-(796)-248-4391');
INSERT INTO doctor_resident VALUES ('D-00000034');
INSERT INTO employee VALUES ('D-00000035', 'Christina', 'Terry', 'Doctor');
INSERT INTO doctor VALUES ('D-00000035');
INSERT INTO employee_address VALUES ('D-00000035', 'New Daisyborough', '5769 Welch Canyon');
INSERT INTO employee_phoneno VALUES ('D-00000035', '+1-(458)-224-4624');
INSERT INTO doctor_consultant VALUES ('D-00000035', 'Pathology');
INSERT INTO employee VALUES ('D-00000036', 'Suzanne', 'Summers', 'Doctor');
INSERT INTO doctor VALUES ('D-00000036');
INSERT INTO employee_address VALUES ('D-00000036', 'Hillbury', '021 Amy Lights Suite 646');
INSERT INTO employee_phoneno VALUES ('D-00000036', '+1-(479)-529-9091');
INSERT INTO doctor_intern VALUES ('D-00000036');
INSERT INTO employee VALUES ('D-00000037', 'Scott', 'Long', 'Doctor');
INSERT INTO doctor VALUES ('D-00000037');
INSERT INTO employee_address VALUES ('D-00000037', 'Melissaview', '965 Perez Groves');
INSERT INTO employee_phoneno VALUES ('D-00000037', '+1-(654)-884-3696');
INSERT INTO doctor_resident VALUES ('D-00000037');
INSERT INTO employee VALUES ('D-00000038', 'Brian', 'Hodges', 'Doctor');
INSERT INTO doctor VALUES ('D-00000038');
INSERT INTO employee_address VALUES ('D-00000038', 'North Kelly', '0971 Hubbard Shoal Suite 790');
INSERT INTO employee_phoneno VALUES ('D-00000038', '+1-(629)-890-6460');
INSERT INTO doctor_consultant VALUES ('D-00000038', 'Citology');
INSERT INTO employee VALUES ('D-00000039', 'Joshua', 'Gomez', 'Doctor');
INSERT INTO doctor VALUES ('D-00000039');
INSERT INTO employee_address VALUES ('D-00000039', 'Paulshire', '530 Michelle Bridge Suite 270');
INSERT INTO employee_phoneno VALUES ('D-00000039', '+1-(920)-133-1318');
INSERT INTO doctor_intern VALUES ('D-00000039');
INSERT INTO employee VALUES ('D-00000040', 'William', 'Davis', 'Doctor');
INSERT INTO doctor VALUES ('D-00000040');
INSERT INTO employee_address VALUES ('D-00000040', 'East Frankshire', '137 Green Tunnel');
INSERT INTO employee_phoneno VALUES ('D-00000040', '+1-(765)-254-9381');
INSERT INTO doctor_resident VALUES ('D-00000040');
INSERT INTO employee VALUES ('D-00000041', 'Tony', 'Andrade', 'Doctor');
INSERT INTO doctor VALUES ('D-00000041');
INSERT INTO employee_address VALUES ('D-00000041', 'North Alexis', '6566 Zachary Ranch');
INSERT INTO employee_phoneno VALUES ('D-00000041', '+1-(917)-763-5784');
INSERT INTO doctor_consultant VALUES ('D-00000041', 'Anethisology');
INSERT INTO employee VALUES ('D-00000042', 'Douglas', 'Garza', 'Doctor');
INSERT INTO doctor VALUES ('D-00000042');
INSERT INTO employee_address VALUES ('D-00000042', 'North Carolyn', '9117 Penny Village');
INSERT INTO employee_phoneno VALUES ('D-00000042', '+1-(573)-728-1625');
INSERT INTO doctor_intern VALUES ('D-00000042');
INSERT INTO employee VALUES ('D-00000043', 'Judy', 'Brown', 'Doctor');
INSERT INTO doctor VALUES ('D-00000043');
INSERT INTO employee_address VALUES ('D-00000043', 'Byrdtown', '5486 Madeline Turnpike Apt. 943');
INSERT INTO employee_phoneno VALUES ('D-00000043', '+1-(435)-468-7865');
INSERT INTO doctor_resident VALUES ('D-00000043');
INSERT INTO employee VALUES ('D-00000044', 'Ryan', 'Hale', 'Doctor');
INSERT INTO doctor VALUES ('D-00000044');
INSERT INTO employee_address VALUES ('D-00000044', 'West Brianberg', '3193 Clark Ports');
INSERT INTO employee_phoneno VALUES ('D-00000044', '+1-(428)-943-1616');
INSERT INTO doctor_consultant VALUES ('D-00000044', 'Dermatology');
INSERT INTO employee VALUES ('D-00000045', 'Alyssa', 'Brown', 'Doctor');
INSERT INTO doctor VALUES ('D-00000045');
INSERT INTO employee_address VALUES ('D-00000045', 'Adkinsfort', '160 Richard Street Apt. 553');
INSERT INTO employee_phoneno VALUES ('D-00000045', '+1-(141)-881-8534');
INSERT INTO doctor_intern VALUES ('D-00000045');
INSERT INTO employee VALUES ('D-00000046', 'Joseph', 'Clark', 'Doctor');
INSERT INTO doctor VALUES ('D-00000046');
INSERT INTO employee_address VALUES ('D-00000046', 'West Ianland', '40956 Melanie Motorway Apt. 544');
INSERT INTO employee_phoneno VALUES ('D-00000046', '+1-(450)-960-6159');
INSERT INTO doctor_resident VALUES ('D-00000046');
INSERT INTO employee VALUES ('D-00000047', 'Oscar', 'Schmidt', 'Doctor');
INSERT INTO doctor VALUES ('D-00000047');
INSERT INTO employee_address VALUES ('D-00000047', 'Port Andrewside', '09330 Donna Common');
INSERT INTO employee_phoneno VALUES ('D-00000047', '+1-(729)-799-5766');
INSERT INTO doctor_consultant VALUES ('D-00000047', 'Anethisology');
INSERT INTO employee VALUES ('D-00000048', 'Maria', 'Bautista', 'Doctor');
INSERT INTO doctor VALUES ('D-00000048');
INSERT INTO employee_address VALUES ('D-00000048', 'Jacksonmouth', '27319 Robert Lakes Apt. 404');
INSERT INTO employee_phoneno VALUES ('D-00000048', '+1-(727)-641-0640');
INSERT INTO doctor_intern VALUES ('D-00000048');
INSERT INTO employee VALUES ('D-00000049', 'Jerry', 'Smith', 'Doctor');
INSERT INTO doctor VALUES ('D-00000049');
INSERT INTO employee_address VALUES ('D-00000049', 'New Robertland', '056 Romero Station');
INSERT INTO employee_phoneno VALUES ('D-00000049', '+1-(643)-788-2499');
INSERT INTO doctor_resident VALUES ('D-00000049');
INSERT INTO employee VALUES ('D-00000050', 'Brian', 'Walker', 'Doctor');
INSERT INTO doctor VALUES ('D-00000050');
INSERT INTO employee_address VALUES ('D-00000050', 'Wattsville', '570 Timothy Parkways Apt. 001');
INSERT INTO employee_phoneno VALUES ('D-00000050', '+1-(261)-457-7700');
INSERT INTO doctor_consultant VALUES ('D-00000050', 'Anethisology');
INSERT INTO employee VALUES ('D-00000051', 'Timothy', 'Smith', 'Doctor');
INSERT INTO doctor VALUES ('D-00000051');
INSERT INTO employee_address VALUES ('D-00000051', 'Oscarhaven', '35639 Carter Vista Suite 658');
INSERT INTO employee_phoneno VALUES ('D-00000051', '+1-(257)-364-9604');
INSERT INTO doctor_intern VALUES ('D-00000051');
INSERT INTO employee VALUES ('D-00000052', 'Dale', 'Andrews', 'Doctor');
INSERT INTO doctor VALUES ('D-00000052');
INSERT INTO employee_address VALUES ('D-00000052', 'Lake Diane', '495 Webster View');
INSERT INTO employee_phoneno VALUES ('D-00000052', '+1-(912)-032-2573');
INSERT INTO doctor_resident VALUES ('D-00000052');
INSERT INTO employee VALUES ('D-00000053', 'Summer', 'Friedman', 'Doctor');
INSERT INTO doctor VALUES ('D-00000053');
INSERT INTO employee_address VALUES ('D-00000053', 'Andrewburgh', '7665 Reyes Court Apt. 734');
INSERT INTO employee_phoneno VALUES ('D-00000053', '+1-(942)-081-6264');
INSERT INTO doctor_consultant VALUES ('D-00000053', 'Dermatology');
INSERT INTO employee VALUES ('D-00000054', 'George', 'Wilcox', 'Doctor');
INSERT INTO doctor VALUES ('D-00000054');
INSERT INTO employee_address VALUES ('D-00000054', 'New Monicabury', '4386 Karen Track Suite 562');
INSERT INTO employee_phoneno VALUES ('D-00000054', '+1-(464)-054-3028');
INSERT INTO doctor_intern VALUES ('D-00000054');
INSERT INTO employee VALUES ('D-00000055', 'Michelle', 'White', 'Doctor');
INSERT INTO doctor VALUES ('D-00000055');
INSERT INTO employee_address VALUES ('D-00000055', 'Lake Jasmine', '37711 Garcia Rapids Apt. 833');
INSERT INTO employee_phoneno VALUES ('D-00000055', '+1-(102)-287-3097');
INSERT INTO doctor_resident VALUES ('D-00000055');
INSERT INTO employee VALUES ('D-00000056', 'Andrew', 'Garrison', 'Doctor');
INSERT INTO doctor VALUES ('D-00000056');
INSERT INTO employee_address VALUES ('D-00000056', 'Samanthahaven', '7019 Brandon Squares Suite 118');
INSERT INTO employee_phoneno VALUES ('D-00000056', '+1-(919)-150-3274');
INSERT INTO doctor_consultant VALUES ('D-00000056', 'Neurology');
INSERT INTO employee VALUES ('D-00000057', 'Troy', 'Harris', 'Doctor');
INSERT INTO doctor VALUES ('D-00000057');
INSERT INTO employee_address VALUES ('D-00000057', 'Port Suzanneburgh', '915 Sweeney Lodge Suite 497');
INSERT INTO employee_phoneno VALUES ('D-00000057', '+1-(635)-690-3263');
INSERT INTO doctor_intern VALUES ('D-00000057');
INSERT INTO employee VALUES ('D-00000058', 'Jonathan', 'Bates', 'Doctor');
INSERT INTO doctor VALUES ('D-00000058');
INSERT INTO employee_address VALUES ('D-00000058', 'New John', '11372 Robert Rest Apt. 104');
INSERT INTO employee_phoneno VALUES ('D-00000058', '+1-(176)-029-9201');
INSERT INTO doctor_resident VALUES ('D-00000058');
INSERT INTO employee VALUES ('D-00000059', 'Colleen', 'Adams', 'Doctor');
INSERT INTO doctor VALUES ('D-00000059');
INSERT INTO employee_address VALUES ('D-00000059', 'Lake Joshua', '157 Hunter Vista');
INSERT INTO employee_phoneno VALUES ('D-00000059', '+1-(350)-828-3804');
INSERT INTO doctor_consultant VALUES ('D-00000059', 'Pathology');
INSERT INTO employee VALUES ('D-00000060', 'Patrick', 'Montgomery', 'Doctor');
INSERT INTO doctor VALUES ('D-00000060');
INSERT INTO employee_address VALUES ('D-00000060', 'Josephfurt', '17102 Brooks Keys');
INSERT INTO employee_phoneno VALUES ('D-00000060', '+1-(492)-918-2617');
INSERT INTO doctor_intern VALUES ('D-00000060');
INSERT INTO employee VALUES ('D-00000061', 'Jennifer', 'Herring', 'Doctor');
INSERT INTO doctor VALUES ('D-00000061');
INSERT INTO employee_address VALUES ('D-00000061', 'Port Johnstad', '718 Cook Lock Suite 289');
INSERT INTO employee_phoneno VALUES ('D-00000061', '+1-(665)-246-3926');
INSERT INTO doctor_resident VALUES ('D-00000061');
INSERT INTO employee VALUES ('D-00000062', 'Mary', 'Hull', 'Doctor');
INSERT INTO doctor VALUES ('D-00000062');
INSERT INTO employee_address VALUES ('D-00000062', 'West Debra', '46119 Jones Ramp');
INSERT INTO employee_phoneno VALUES ('D-00000062', '+1-(597)-234-8349');
INSERT INTO doctor_consultant VALUES ('D-00000062', 'Anethisology');
INSERT INTO employee VALUES ('D-00000063', 'Morgan', 'Brown', 'Doctor');
INSERT INTO doctor VALUES ('D-00000063');
INSERT INTO employee_address VALUES ('D-00000063', 'New Sarah', '715 Michelle Expressway');
INSERT INTO employee_phoneno VALUES ('D-00000063', '+1-(681)-080-6947');
INSERT INTO doctor_intern VALUES ('D-00000063');
INSERT INTO employee VALUES ('D-00000064', 'Ashley', 'Smith', 'Doctor');
INSERT INTO doctor VALUES ('D-00000064');
INSERT INTO employee_address VALUES ('D-00000064', 'Jeffreyport', '926 Erickson Station Apt. 308');
INSERT INTO employee_phoneno VALUES ('D-00000064', '+1-(454)-610-4877');
INSERT INTO doctor_resident VALUES ('D-00000064');
INSERT INTO employee VALUES ('D-00000065', 'Brandon', 'Baird', 'Doctor');
INSERT INTO doctor VALUES ('D-00000065');
INSERT INTO employee_address VALUES ('D-00000065', 'Johnsonmouth', '64456 Ballard Camp');
INSERT INTO employee_phoneno VALUES ('D-00000065', '+1-(238)-195-0276');
INSERT INTO doctor_consultant VALUES ('D-00000065', 'Cardiology');
INSERT INTO employee VALUES ('D-00000066', 'Tracy', 'Buck', 'Doctor');
INSERT INTO doctor VALUES ('D-00000066');
INSERT INTO employee_address VALUES ('D-00000066', 'Port Megan', '7046 Carrie Villages');
INSERT INTO employee_phoneno VALUES ('D-00000066', '+1-(550)-938-4254');
INSERT INTO doctor_intern VALUES ('D-00000066');
INSERT INTO employee VALUES ('D-00000067', 'Kelsey', 'Williams', 'Doctor');
INSERT INTO doctor VALUES ('D-00000067');
INSERT INTO employee_address VALUES ('D-00000067', 'East Kevin', '9744 Caitlin Dale');
INSERT INTO employee_phoneno VALUES ('D-00000067', '+1-(488)-040-8206');
INSERT INTO doctor_resident VALUES ('D-00000067');
INSERT INTO employee VALUES ('D-00000068', 'Christina', 'Hunter', 'Doctor');
INSERT INTO doctor VALUES ('D-00000068');
INSERT INTO employee_address VALUES ('D-00000068', 'Port Sandra', '9740 Long Fall');
INSERT INTO employee_phoneno VALUES ('D-00000068', '+1-(948)-305-1929');
INSERT INTO doctor_consultant VALUES ('D-00000068', 'Cardiology');
INSERT INTO employee VALUES ('D-00000069', 'Shannon', 'Hernandez', 'Doctor');
INSERT INTO doctor VALUES ('D-00000069');
INSERT INTO employee_address VALUES ('D-00000069', 'Lake Lindaview', '89621 Ramirez Locks');
INSERT INTO employee_phoneno VALUES ('D-00000069', '+1-(610)-162-7609');
INSERT INTO doctor_intern VALUES ('D-00000069');
INSERT INTO employee VALUES ('D-00000070', 'Sean', 'Wolf', 'Doctor');
INSERT INTO doctor VALUES ('D-00000070');
INSERT INTO employee_address VALUES ('D-00000070', 'Wardhaven', '9378 Miller Crossing');
INSERT INTO employee_phoneno VALUES ('D-00000070', '+1-(957)-497-6840');
INSERT INTO doctor_resident VALUES ('D-00000070');
INSERT INTO employee VALUES ('D-00000071', 'Ricky', 'Flores', 'Doctor');
INSERT INTO doctor VALUES ('D-00000071');
INSERT INTO employee_address VALUES ('D-00000071', 'Scottberg', '5082 Ramos Mountains Apt. 698');
INSERT INTO employee_phoneno VALUES ('D-00000071', '+1-(392)-028-0969');
INSERT INTO doctor_consultant VALUES ('D-00000071', 'Cardiology');
INSERT INTO employee VALUES ('D-00000072', 'Cory', 'Bradford', 'Doctor');
INSERT INTO doctor VALUES ('D-00000072');
INSERT INTO employee_address VALUES ('D-00000072', 'North Robertside', '8541 Bradford Mill');
INSERT INTO employee_phoneno VALUES ('D-00000072', '+1-(184)-551-1213');
INSERT INTO doctor_intern VALUES ('D-00000072');
INSERT INTO employee VALUES ('D-00000073', 'Charlene', 'Nguyen', 'Doctor');
INSERT INTO doctor VALUES ('D-00000073');
INSERT INTO employee_address VALUES ('D-00000073', 'New Paulaville', '7795 Harris Alley Apt. 232');
INSERT INTO employee_phoneno VALUES ('D-00000073', '+1-(939)-604-7293');
INSERT INTO doctor_resident VALUES ('D-00000073');
INSERT INTO employee VALUES ('D-00000074', 'Courtney', 'Gonzalez', 'Doctor');
INSERT INTO doctor VALUES ('D-00000074');
INSERT INTO employee_address VALUES ('D-00000074', 'South Stacie', '350 Hardy Spurs Suite 904');
INSERT INTO employee_phoneno VALUES ('D-00000074', '+1-(617)-794-5911');
INSERT INTO doctor_consultant VALUES ('D-00000074', 'Pathology');
INSERT INTO employee VALUES ('D-00000075', 'Bob', 'Franklin', 'Doctor');
INSERT INTO doctor VALUES ('D-00000075');
INSERT INTO employee_address VALUES ('D-00000075', 'North Hannah', '1209 Perez Mills Suite 080');
INSERT INTO employee_phoneno VALUES ('D-00000075', '+1-(837)-198-8885');
INSERT INTO doctor_intern VALUES ('D-00000075');
INSERT INTO employee VALUES ('D-00000076', 'Monica', 'Walton', 'Doctor');
INSERT INTO doctor VALUES ('D-00000076');
INSERT INTO employee_address VALUES ('D-00000076', 'Lake Dannyland', '380 Lisa Heights');
INSERT INTO employee_phoneno VALUES ('D-00000076', '+1-(964)-237-5849');
INSERT INTO doctor_resident VALUES ('D-00000076');
INSERT INTO employee VALUES ('D-00000077', 'Frank', 'Abbott', 'Doctor');
INSERT INTO doctor VALUES ('D-00000077');
INSERT INTO employee_address VALUES ('D-00000077', 'Williamsport', '32782 Young Hollow Apt. 179');
INSERT INTO employee_phoneno VALUES ('D-00000077', '+1-(930)-728-4284');
INSERT INTO doctor_consultant VALUES ('D-00000077', 'Citology');
INSERT INTO employee VALUES ('D-00000078', 'Richard', 'Frazier', 'Doctor');
INSERT INTO doctor VALUES ('D-00000078');
INSERT INTO employee_address VALUES ('D-00000078', 'Lake Eric', '817 Kevin Alley');
INSERT INTO employee_phoneno VALUES ('D-00000078', '+1-(837)-471-8236');
INSERT INTO doctor_intern VALUES ('D-00000078');
INSERT INTO employee VALUES ('D-00000079', 'Logan', 'Schmidt', 'Doctor');
INSERT INTO doctor VALUES ('D-00000079');
INSERT INTO employee_address VALUES ('D-00000079', 'Port Chadborough', '52820 John Harbor');
INSERT INTO employee_phoneno VALUES ('D-00000079', '+1-(668)-954-1936');
INSERT INTO doctor_resident VALUES ('D-00000079');
INSERT INTO employee VALUES ('D-00000080', 'Peter', 'Rodriguez', 'Doctor');
INSERT INTO doctor VALUES ('D-00000080');
INSERT INTO employee_address VALUES ('D-00000080', 'Lake Laura', '9859 Watts Mountain Apt. 752');
INSERT INTO employee_phoneno VALUES ('D-00000080', '+1-(605)-555-8586');
INSERT INTO doctor_consultant VALUES ('D-00000080', 'Cardiology');
INSERT INTO employee VALUES ('D-00000081', 'Sylvia', 'Holland', 'Doctor');
INSERT INTO doctor VALUES ('D-00000081');
INSERT INTO employee_address VALUES ('D-00000081', 'Rachelton', '230 Nicholas Meadow Apt. 069');
INSERT INTO employee_phoneno VALUES ('D-00000081', '+1-(194)-634-4749');
INSERT INTO doctor_intern VALUES ('D-00000081');
INSERT INTO employee VALUES ('D-00000082', 'Christina', 'Morales', 'Doctor');
INSERT INTO doctor VALUES ('D-00000082');
INSERT INTO employee_address VALUES ('D-00000082', 'New Sandraview', '52971 Davis Islands');
INSERT INTO employee_phoneno VALUES ('D-00000082', '+1-(771)-438-3655');
INSERT INTO doctor_resident VALUES ('D-00000082');
INSERT INTO employee VALUES ('D-00000083', 'Joseph', 'Franklin', 'Doctor');
INSERT INTO doctor VALUES ('D-00000083');
INSERT INTO employee_address VALUES ('D-00000083', 'Elizabethmouth', '194 Singh Mountains');
INSERT INTO employee_phoneno VALUES ('D-00000083', '+1-(527)-821-2318');
INSERT INTO doctor_consultant VALUES ('D-00000083', 'Citology');
INSERT INTO employee VALUES ('D-00000084', 'Cheryl', 'Gomez', 'Doctor');
INSERT INTO doctor VALUES ('D-00000084');
INSERT INTO employee_address VALUES ('D-00000084', 'Port Steven', '5248 James Extensions');
INSERT INTO employee_phoneno VALUES ('D-00000084', '+1-(166)-167-9458');
INSERT INTO doctor_intern VALUES ('D-00000084');
INSERT INTO employee VALUES ('D-00000085', 'Joel', 'Taylor', 'Doctor');
INSERT INTO doctor VALUES ('D-00000085');
INSERT INTO employee_address VALUES ('D-00000085', 'Port Michael', '3209 David Junctions');
INSERT INTO employee_phoneno VALUES ('D-00000085', '+1-(349)-770-6164');
INSERT INTO doctor_resident VALUES ('D-00000085');
INSERT INTO employee VALUES ('D-00000086', 'Stephanie', 'Davidson', 'Doctor');
INSERT INTO doctor VALUES ('D-00000086');
INSERT INTO employee_address VALUES ('D-00000086', 'East Brian', '6646 Cooper Views Suite 172');
INSERT INTO employee_phoneno VALUES ('D-00000086', '+1-(229)-045-1413');
INSERT INTO doctor_consultant VALUES ('D-00000086', 'Neurology');
INSERT INTO employee VALUES ('D-00000087', 'Theresa', 'Blackburn', 'Doctor');
INSERT INTO doctor VALUES ('D-00000087');
INSERT INTO employee_address VALUES ('D-00000087', 'Port Kevin', '982 Hunter Lodge Apt. 441');
INSERT INTO employee_phoneno VALUES ('D-00000087', '+1-(148)-811-5449');
INSERT INTO doctor_intern VALUES ('D-00000087');
INSERT INTO employee VALUES ('D-00000088', 'Angelica', 'Brown', 'Doctor');
INSERT INTO doctor VALUES ('D-00000088');
INSERT INTO employee_address VALUES ('D-00000088', 'North David', '391 Anna Shoals');
INSERT INTO employee_phoneno VALUES ('D-00000088', '+1-(329)-432-8136');
INSERT INTO doctor_resident VALUES ('D-00000088');
INSERT INTO employee VALUES ('D-00000089', 'Vincent', 'Nolan', 'Doctor');
INSERT INTO doctor VALUES ('D-00000089');
INSERT INTO employee_address VALUES ('D-00000089', 'Port Tyler', '7288 Robert Ford');
INSERT INTO employee_phoneno VALUES ('D-00000089', '+1-(944)-131-8707');
INSERT INTO doctor_consultant VALUES ('D-00000089', 'Cardiology');
INSERT INTO employee VALUES ('D-00000090', 'Steve', 'Reed', 'Doctor');
INSERT INTO doctor VALUES ('D-00000090');
INSERT INTO employee_address VALUES ('D-00000090', 'Singhburgh', '255 Gabrielle Viaduct Apt. 981');
INSERT INTO employee_phoneno VALUES ('D-00000090', '+1-(642)-708-5460');
INSERT INTO doctor_intern VALUES ('D-00000090');
INSERT INTO employee VALUES ('D-00000091', 'Anthony', 'Short', 'Doctor');
INSERT INTO doctor VALUES ('D-00000091');
INSERT INTO employee_address VALUES ('D-00000091', 'Beanstad', '122 Clark Stravenue Apt. 683');
INSERT INTO employee_phoneno VALUES ('D-00000091', '+1-(491)-420-5923');
INSERT INTO doctor_resident VALUES ('D-00000091');
INSERT INTO employee VALUES ('D-00000092', 'William', 'Davis', 'Doctor');
INSERT INTO doctor VALUES ('D-00000092');
INSERT INTO employee_address VALUES ('D-00000092', 'Schultzborough', '820 Sheri Glen Apt. 435');
INSERT INTO employee_phoneno VALUES ('D-00000092', '+1-(687)-078-3786');
INSERT INTO doctor_consultant VALUES ('D-00000092', 'Cardiology');
INSERT INTO employee VALUES ('D-00000093', 'Karen', 'Gonzalez', 'Doctor');
INSERT INTO doctor VALUES ('D-00000093');
INSERT INTO employee_address VALUES ('D-00000093', 'Port Shirley', '10630 Jacob Unions Apt. 557');
INSERT INTO employee_phoneno VALUES ('D-00000093', '+1-(585)-515-0824');
INSERT INTO doctor_intern VALUES ('D-00000093');
INSERT INTO employee VALUES ('D-00000094', 'Lauren', 'Daniel', 'Doctor');
INSERT INTO doctor VALUES ('D-00000094');
INSERT INTO employee_address VALUES ('D-00000094', 'North Amy', '1277 Victoria Haven Suite 942');
INSERT INTO employee_phoneno VALUES ('D-00000094', '+1-(804)-007-9277');
INSERT INTO doctor_resident VALUES ('D-00000094');
INSERT INTO employee VALUES ('D-00000095', 'Lisa', 'Reed', 'Doctor');
INSERT INTO doctor VALUES ('D-00000095');
INSERT INTO employee_address VALUES ('D-00000095', 'Kylefurt', '298 Kimberly Inlet Apt. 089');
INSERT INTO employee_phoneno VALUES ('D-00000095', '+1-(534)-005-1775');
INSERT INTO doctor_consultant VALUES ('D-00000095', 'Citology');
INSERT INTO employee VALUES ('D-00000096', 'Nicole', 'Dillon', 'Doctor');
INSERT INTO doctor VALUES ('D-00000096');
INSERT INTO employee_address VALUES ('D-00000096', 'East Danielside', '4774 Shelton Landing');
INSERT INTO employee_phoneno VALUES ('D-00000096', '+1-(433)-104-8967');
INSERT INTO doctor_intern VALUES ('D-00000096');
INSERT INTO employee VALUES ('D-00000097', 'Shawn', 'Miller', 'Doctor');
INSERT INTO doctor VALUES ('D-00000097');
INSERT INTO employee_address VALUES ('D-00000097', 'Angelicaborough', '4587 Benitez Mountain');
INSERT INTO employee_phoneno VALUES ('D-00000097', '+1-(198)-764-4796');
INSERT INTO doctor_resident VALUES ('D-00000097');
INSERT INTO employee VALUES ('D-00000098', 'Gerald', 'Smith', 'Doctor');
INSERT INTO doctor VALUES ('D-00000098');
INSERT INTO employee_address VALUES ('D-00000098', 'New Joseph', '066 Douglas Bridge Apt. 676');
INSERT INTO employee_phoneno VALUES ('D-00000098', '+1-(469)-229-6967');
INSERT INTO doctor_consultant VALUES ('D-00000098', 'Anethisology');
INSERT INTO employee VALUES ('D-00000099', 'Scott', 'Cox', 'Doctor');
INSERT INTO doctor VALUES ('D-00000099');
INSERT INTO employee_address VALUES ('D-00000099', 'North Daniel', '539 Donald Ridge');
INSERT INTO employee_phoneno VALUES ('D-00000099', '+1-(313)-063-1555');
INSERT INTO doctor_intern VALUES ('D-00000099');
INSERT INTO employee VALUES ('D-00000100', 'Tammy', 'Walls', 'Doctor');
INSERT INTO doctor VALUES ('D-00000100');
INSERT INTO employee_address VALUES ('D-00000100', 'Christianton', '390 Heather Shoal Apt. 781');
INSERT INTO employee_phoneno VALUES ('D-00000100', '+1-(604)-775-7996');
INSERT INTO doctor_resident VALUES ('D-00000100');
INSERT INTO employee VALUES ('D-00000101', 'Tim', 'Park', 'Doctor');
INSERT INTO doctor VALUES ('D-00000101');
INSERT INTO employee_address VALUES ('D-00000101', 'Cobbbury', '0782 Murphy Square Apt. 198');
INSERT INTO employee_phoneno VALUES ('D-00000101', '+1-(558)-367-4101');
INSERT INTO doctor_consultant VALUES ('D-00000101', 'Neurology');
INSERT INTO employee VALUES ('D-00000102', 'Michelle', 'Caldwell', 'Doctor');
INSERT INTO doctor VALUES ('D-00000102');
INSERT INTO employee_address VALUES ('D-00000102', 'Port Katherineside', '89238 Courtney Junctions Apt. 719');
INSERT INTO employee_phoneno VALUES ('D-00000102', '+1-(315)-005-1427');
INSERT INTO doctor_intern VALUES ('D-00000102');
INSERT INTO employee VALUES ('D-00000103', 'Karen', 'Pierce', 'Doctor');
INSERT INTO doctor VALUES ('D-00000103');
INSERT INTO employee_address VALUES ('D-00000103', 'North Devin', '79957 Wilson Shores Apt. 271');
INSERT INTO employee_phoneno VALUES ('D-00000103', '+1-(721)-459-3119');
INSERT INTO doctor_resident VALUES ('D-00000103');
INSERT INTO employee VALUES ('D-00000104', 'Heather', 'Miller', 'Doctor');
INSERT INTO doctor VALUES ('D-00000104');
INSERT INTO employee_address VALUES ('D-00000104', 'South Daveshire', '63798 Kelly Cove Apt. 059');
INSERT INTO employee_phoneno VALUES ('D-00000104', '+1-(583)-609-0166');
INSERT INTO doctor_consultant VALUES ('D-00000104', 'Neurology');
INSERT INTO employee VALUES ('D-00000105', 'Amy', 'Martin', 'Doctor');
INSERT INTO doctor VALUES ('D-00000105');
INSERT INTO employee_address VALUES ('D-00000105', 'Taylorbury', '991 Williams Shoal');
INSERT INTO employee_phoneno VALUES ('D-00000105', '+1-(400)-665-6392');
INSERT INTO doctor_intern VALUES ('D-00000105');
INSERT INTO employee VALUES ('D-00000106', 'Kelly', 'Brown', 'Doctor');
INSERT INTO doctor VALUES ('D-00000106');
INSERT INTO employee_address VALUES ('D-00000106', 'New Brianna', '895 Thomas Course Apt. 852');
INSERT INTO employee_phoneno VALUES ('D-00000106', '+1-(574)-557-5273');
INSERT INTO doctor_resident VALUES ('D-00000106');
INSERT INTO employee VALUES ('D-00000107', 'Brian', 'Harrington', 'Doctor');
INSERT INTO doctor VALUES ('D-00000107');
INSERT INTO employee_address VALUES ('D-00000107', 'Schaefertown', '2009 William Track');
INSERT INTO employee_phoneno VALUES ('D-00000107', '+1-(899)-001-3496');
INSERT INTO doctor_consultant VALUES ('D-00000107', 'Neurology');
INSERT INTO employee VALUES ('D-00000108', 'William', 'Johnson', 'Doctor');
INSERT INTO doctor VALUES ('D-00000108');
INSERT INTO employee_address VALUES ('D-00000108', 'New Jacqueline', '01954 Lisa Plaza');
INSERT INTO employee_phoneno VALUES ('D-00000108', '+1-(832)-480-7258');
INSERT INTO doctor_intern VALUES ('D-00000108');
INSERT INTO employee VALUES ('D-00000109', 'Cynthia', 'Woods', 'Doctor');
INSERT INTO doctor VALUES ('D-00000109');
INSERT INTO employee_address VALUES ('D-00000109', 'South Gailland', '1932 Jeffrey Throughway Suite 337');
INSERT INTO employee_phoneno VALUES ('D-00000109', '+1-(376)-029-9849');
INSERT INTO doctor_resident VALUES ('D-00000109');
INSERT INTO employee VALUES ('D-00000110', 'James', 'Stanley', 'Doctor');
INSERT INTO doctor VALUES ('D-00000110');
INSERT INTO employee_address VALUES ('D-00000110', 'Jacksontown', '881 Clayton Hills');
INSERT INTO employee_phoneno VALUES ('D-00000110', '+1-(769)-168-8559');
INSERT INTO doctor_consultant VALUES ('D-00000110', 'Citology');
INSERT INTO employee VALUES ('D-00000111', 'Leah', 'Cooper', 'Doctor');
INSERT INTO doctor VALUES ('D-00000111');
INSERT INTO employee_address VALUES ('D-00000111', 'Lake Kristin', '901 Thomas Stravenue');
INSERT INTO employee_phoneno VALUES ('D-00000111', '+1-(604)-505-3553');
INSERT INTO doctor_intern VALUES ('D-00000111');
INSERT INTO employee VALUES ('D-00000112', 'Luke', 'Dean', 'Doctor');
INSERT INTO doctor VALUES ('D-00000112');
INSERT INTO employee_address VALUES ('D-00000112', 'Port Christopherside', '5011 Young Rue Apt. 463');
INSERT INTO employee_phoneno VALUES ('D-00000112', '+1-(318)-756-9513');
INSERT INTO doctor_resident VALUES ('D-00000112');
INSERT INTO employee VALUES ('D-00000113', 'Arthur', 'Smith', 'Doctor');
INSERT INTO doctor VALUES ('D-00000113');
INSERT INTO employee_address VALUES ('D-00000113', 'West Jennifer', '17054 Jacob Street');
INSERT INTO employee_phoneno VALUES ('D-00000113', '+1-(391)-623-9806');
INSERT INTO doctor_consultant VALUES ('D-00000113', 'Anethisology');
INSERT INTO employee VALUES ('D-00000114', 'Heather', 'Boyd', 'Doctor');
INSERT INTO doctor VALUES ('D-00000114');
INSERT INTO employee_address VALUES ('D-00000114', 'New John', '491 Briana Cove');
INSERT INTO employee_phoneno VALUES ('D-00000114', '+1-(464)-606-8405');
INSERT INTO doctor_intern VALUES ('D-00000114');
INSERT INTO employee VALUES ('D-00000115', 'Catherine', 'Torres', 'Doctor');
INSERT INTO doctor VALUES ('D-00000115');
INSERT INTO employee_address VALUES ('D-00000115', 'New Donna', '79823 Juarez Camp Suite 776');
INSERT INTO employee_phoneno VALUES ('D-00000115', '+1-(141)-289-4232');
INSERT INTO doctor_resident VALUES ('D-00000115');
INSERT INTO employee VALUES ('D-00000116', 'Ann', 'Lopez', 'Doctor');
INSERT INTO doctor VALUES ('D-00000116');
INSERT INTO employee_address VALUES ('D-00000116', 'New Marymouth', '3640 Richardson Lodge Apt. 851');
INSERT INTO employee_phoneno VALUES ('D-00000116', '+1-(286)-317-5934');
INSERT INTO doctor_consultant VALUES ('D-00000116', 'Pathology');
INSERT INTO employee VALUES ('D-00000117', 'Jeffrey', 'Andrews', 'Doctor');
INSERT INTO doctor VALUES ('D-00000117');
INSERT INTO employee_address VALUES ('D-00000117', 'Mooreview', '2511 Sutton Lake');
INSERT INTO employee_phoneno VALUES ('D-00000117', '+1-(270)-254-7026');
INSERT INTO doctor_intern VALUES ('D-00000117');
INSERT INTO employee VALUES ('D-00000118', 'Courtney', 'Lewis', 'Doctor');
INSERT INTO doctor VALUES ('D-00000118');
INSERT INTO employee_address VALUES ('D-00000118', 'North Kennethtown', '247 Carlson Meadow');
INSERT INTO employee_phoneno VALUES ('D-00000118', '+1-(534)-261-8475');
INSERT INTO doctor_resident VALUES ('D-00000118');
INSERT INTO employee VALUES ('D-00000119', 'Carolyn', 'George', 'Doctor');
INSERT INTO doctor VALUES ('D-00000119');
INSERT INTO employee_address VALUES ('D-00000119', 'New Lisa', '493 Grant Fork Suite 062');
INSERT INTO employee_phoneno VALUES ('D-00000119', '+1-(543)-245-9727');
INSERT INTO doctor_consultant VALUES ('D-00000119', 'Pathology');
INSERT INTO employee VALUES ('D-00000120', 'Jason', 'Williams', 'Doctor');
INSERT INTO doctor VALUES ('D-00000120');
INSERT INTO employee_address VALUES ('D-00000120', 'New Jamesfurt', '06600 John Hills');
INSERT INTO employee_phoneno VALUES ('D-00000120', '+1-(686)-806-9398');
INSERT INTO doctor_intern VALUES ('D-00000120');
INSERT INTO employee VALUES ('D-00000121', 'Anthony', 'Ward', 'Doctor');
INSERT INTO doctor VALUES ('D-00000121');
INSERT INTO employee_address VALUES ('D-00000121', 'Robertshire', '0318 Ruiz Locks Apt. 199');
INSERT INTO employee_phoneno VALUES ('D-00000121', '+1-(146)-192-7384');
INSERT INTO doctor_resident VALUES ('D-00000121');
INSERT INTO employee VALUES ('D-00000122', 'James', 'Davis', 'Doctor');
INSERT INTO doctor VALUES ('D-00000122');
INSERT INTO employee_address VALUES ('D-00000122', 'Mitchellton', '70730 Marshall Island');
INSERT INTO employee_phoneno VALUES ('D-00000122', '+1-(910)-443-6282');
INSERT INTO doctor_consultant VALUES ('D-00000122', 'Pathology');
INSERT INTO employee VALUES ('D-00000123', 'Michelle', 'Lopez', 'Doctor');
INSERT INTO doctor VALUES ('D-00000123');
INSERT INTO employee_address VALUES ('D-00000123', 'East Jonathanmouth', '46372 Jonathan Alley');
INSERT INTO employee_phoneno VALUES ('D-00000123', '+1-(295)-609-9050');
INSERT INTO doctor_intern VALUES ('D-00000123');
INSERT INTO employee VALUES ('D-00000124', 'Heather', 'Hancock', 'Doctor');
INSERT INTO doctor VALUES ('D-00000124');
INSERT INTO employee_address VALUES ('D-00000124', 'West Brandystad', '55476 Johnson Vista Suite 956');
INSERT INTO employee_phoneno VALUES ('D-00000124', '+1-(426)-991-5206');
INSERT INTO doctor_resident VALUES ('D-00000124');
INSERT INTO employee VALUES ('D-00000125', 'Amanda', 'Henderson', 'Doctor');
INSERT INTO doctor VALUES ('D-00000125');
INSERT INTO employee_address VALUES ('D-00000125', 'North Sean', '695 Turner Valleys');
INSERT INTO employee_phoneno VALUES ('D-00000125', '+1-(489)-553-5861');
INSERT INTO doctor_consultant VALUES ('D-00000125', 'Cardiology');
INSERT INTO employee VALUES ('D-00000126', 'Douglas', 'Cross', 'Doctor');
INSERT INTO doctor VALUES ('D-00000126');
INSERT INTO employee_address VALUES ('D-00000126', 'Raymondbury', '07701 Elizabeth Shore');
INSERT INTO employee_phoneno VALUES ('D-00000126', '+1-(654)-435-6818');
INSERT INTO doctor_intern VALUES ('D-00000126');
INSERT INTO employee VALUES ('D-00000127', 'April', 'Jones', 'Doctor');
INSERT INTO doctor VALUES ('D-00000127');
INSERT INTO employee_address VALUES ('D-00000127', 'Onealhaven', '6061 Jones Walks');
INSERT INTO employee_phoneno VALUES ('D-00000127', '+1-(698)-234-1939');
INSERT INTO doctor_resident VALUES ('D-00000127');
INSERT INTO employee VALUES ('D-00000128', 'Jose', 'Kennedy', 'Doctor');
INSERT INTO doctor VALUES ('D-00000128');
INSERT INTO employee_address VALUES ('D-00000128', 'New Felicia', '4402 Laurie Isle');
INSERT INTO employee_phoneno VALUES ('D-00000128', '+1-(451)-095-6479');
INSERT INTO doctor_consultant VALUES ('D-00000128', 'Citology');
INSERT INTO employee VALUES ('D-00000129', 'William', 'Cole', 'Doctor');
INSERT INTO doctor VALUES ('D-00000129');
INSERT INTO employee_address VALUES ('D-00000129', 'West Briannaborough', '057 Preston Street');
INSERT INTO employee_phoneno VALUES ('D-00000129', '+1-(720)-937-1286');
INSERT INTO doctor_intern VALUES ('D-00000129');
INSERT INTO employee VALUES ('D-00000130', 'Stacy', 'Cline', 'Doctor');
INSERT INTO doctor VALUES ('D-00000130');
INSERT INTO employee_address VALUES ('D-00000130', 'North Tiffany', '1197 Michelle Lodge Suite 562');
INSERT INTO employee_phoneno VALUES ('D-00000130', '+1-(162)-060-2476');
INSERT INTO doctor_resident VALUES ('D-00000130');
INSERT INTO employee VALUES ('D-00000131', 'Anthony', 'Kemp', 'Doctor');
INSERT INTO doctor VALUES ('D-00000131');
INSERT INTO employee_address VALUES ('D-00000131', 'West John', '212 Moore Prairie Apt. 186');
INSERT INTO employee_phoneno VALUES ('D-00000131', '+1-(155)-684-3046');
INSERT INTO doctor_consultant VALUES ('D-00000131', 'Neurology');
INSERT INTO employee VALUES ('D-00000132', 'Patrick', 'Small', 'Doctor');
INSERT INTO doctor VALUES ('D-00000132');
INSERT INTO employee_address VALUES ('D-00000132', 'Hornefort', '04289 Kara Manors');
INSERT INTO employee_phoneno VALUES ('D-00000132', '+1-(689)-611-5664');
INSERT INTO doctor_intern VALUES ('D-00000132');
INSERT INTO employee VALUES ('D-00000133', 'Lindsey', 'Taylor', 'Doctor');
INSERT INTO doctor VALUES ('D-00000133');
INSERT INTO employee_address VALUES ('D-00000133', 'East Angela', '16926 Davis Motorway Suite 750');
INSERT INTO employee_phoneno VALUES ('D-00000133', '+1-(608)-288-5906');
INSERT INTO doctor_resident VALUES ('D-00000133');
INSERT INTO employee VALUES ('D-00000134', 'Bryan', 'Chavez', 'Doctor');
INSERT INTO doctor VALUES ('D-00000134');
INSERT INTO employee_address VALUES ('D-00000134', 'Port Brian', '9305 Keith Village Suite 793');
INSERT INTO employee_phoneno VALUES ('D-00000134', '+1-(408)-154-1022');
INSERT INTO doctor_consultant VALUES ('D-00000134', 'Neurology');
INSERT INTO employee VALUES ('D-00000135', 'Robin', 'Hull', 'Doctor');
INSERT INTO doctor VALUES ('D-00000135');
INSERT INTO employee_address VALUES ('D-00000135', 'New Susanshire', '00341 Adams Road');
INSERT INTO employee_phoneno VALUES ('D-00000135', '+1-(910)-487-2593');
INSERT INTO doctor_intern VALUES ('D-00000135');
INSERT INTO employee VALUES ('D-00000136', 'Teresa', 'Velazquez', 'Doctor');
INSERT INTO doctor VALUES ('D-00000136');
INSERT INTO employee_address VALUES ('D-00000136', 'Port James', '6474 Vanessa Fall');
INSERT INTO employee_phoneno VALUES ('D-00000136', '+1-(626)-772-5151');
INSERT INTO doctor_resident VALUES ('D-00000136');
INSERT INTO employee VALUES ('D-00000137', 'Lisa', 'Shaw', 'Doctor');
INSERT INTO doctor VALUES ('D-00000137');
INSERT INTO employee_address VALUES ('D-00000137', 'Hodgesstad', '129 Jackson Road Apt. 227');
INSERT INTO employee_phoneno VALUES ('D-00000137', '+1-(387)-213-1507');
INSERT INTO doctor_consultant VALUES ('D-00000137', 'Citology');
INSERT INTO employee VALUES ('D-00000138', 'Sandra', 'Jones', 'Doctor');
INSERT INTO doctor VALUES ('D-00000138');
INSERT INTO employee_address VALUES ('D-00000138', 'Erikhaven', '780 Spencer Trace');
INSERT INTO employee_phoneno VALUES ('D-00000138', '+1-(357)-816-7857');
INSERT INTO doctor_intern VALUES ('D-00000138');
INSERT INTO employee VALUES ('D-00000139', 'Bradley', 'Perez', 'Doctor');
INSERT INTO doctor VALUES ('D-00000139');
INSERT INTO employee_address VALUES ('D-00000139', 'West Nicole', '2453 Joseph Plains');
INSERT INTO employee_phoneno VALUES ('D-00000139', '+1-(720)-828-9457');
INSERT INTO doctor_resident VALUES ('D-00000139');
INSERT INTO employee VALUES ('D-00000140', 'Jesus', 'Hancock', 'Doctor');
INSERT INTO doctor VALUES ('D-00000140');
INSERT INTO employee_address VALUES ('D-00000140', 'Charlesborough', '959 Taylor Shoals');
INSERT INTO employee_phoneno VALUES ('D-00000140', '+1-(418)-606-8755');
INSERT INTO doctor_consultant VALUES ('D-00000140', 'Dermatology');
INSERT INTO employee VALUES ('D-00000141', 'Daniel', 'George', 'Doctor');
INSERT INTO doctor VALUES ('D-00000141');
INSERT INTO employee_address VALUES ('D-00000141', 'South Todd', '58397 Turner Mountain');
INSERT INTO employee_phoneno VALUES ('D-00000141', '+1-(857)-528-4611');
INSERT INTO doctor_intern VALUES ('D-00000141');
INSERT INTO employee VALUES ('D-00000142', 'Amy', 'Yang', 'Doctor');
INSERT INTO doctor VALUES ('D-00000142');
INSERT INTO employee_address VALUES ('D-00000142', 'East Linda', '1457 Moreno Knoll');
INSERT INTO employee_phoneno VALUES ('D-00000142', '+1-(997)-580-1838');
INSERT INTO doctor_resident VALUES ('D-00000142');
INSERT INTO employee VALUES ('D-00000143', 'Ryan', 'Oneill', 'Doctor');
INSERT INTO doctor VALUES ('D-00000143');
INSERT INTO employee_address VALUES ('D-00000143', 'West Curtis', '5780 Burnett Streets');
INSERT INTO employee_phoneno VALUES ('D-00000143', '+1-(539)-695-4956');
INSERT INTO doctor_consultant VALUES ('D-00000143', 'Dermatology');
INSERT INTO employee VALUES ('D-00000144', 'Mallory', 'Moore', 'Doctor');
INSERT INTO doctor VALUES ('D-00000144');
INSERT INTO employee_address VALUES ('D-00000144', 'Jenkinsmouth', '3906 Tracey Loop');
INSERT INTO employee_phoneno VALUES ('D-00000144', '+1-(224)-495-4918');
INSERT INTO doctor_intern VALUES ('D-00000144');
INSERT INTO employee VALUES ('D-00000145', 'Cheryl', 'Sanford', 'Doctor');
INSERT INTO doctor VALUES ('D-00000145');
INSERT INTO employee_address VALUES ('D-00000145', 'South Jessica', '357 Brian Burgs');
INSERT INTO employee_phoneno VALUES ('D-00000145', '+1-(125)-523-4722');
INSERT INTO doctor_resident VALUES ('D-00000145');
INSERT INTO employee VALUES ('D-00000146', 'Henry', 'Beck', 'Doctor');
INSERT INTO doctor VALUES ('D-00000146');
INSERT INTO employee_address VALUES ('D-00000146', 'Christinemouth', '8159 Armstrong Crest');
INSERT INTO employee_phoneno VALUES ('D-00000146', '+1-(246)-657-9799');
INSERT INTO doctor_consultant VALUES ('D-00000146', 'Cardiology');
INSERT INTO employee VALUES ('D-00000147', 'Toni', 'Nelson', 'Doctor');
INSERT INTO doctor VALUES ('D-00000147');
INSERT INTO employee_address VALUES ('D-00000147', 'Rachelburgh', '774 Norris Motorway Apt. 323');
INSERT INTO employee_phoneno VALUES ('D-00000147', '+1-(379)-581-4566');
INSERT INTO doctor_intern VALUES ('D-00000147');
INSERT INTO employee VALUES ('D-00000148', 'Sabrina', 'Best', 'Doctor');
INSERT INTO doctor VALUES ('D-00000148');
INSERT INTO employee_address VALUES ('D-00000148', 'South Kevinborough', '175 Rachel Camp Apt. 086');
INSERT INTO employee_phoneno VALUES ('D-00000148', '+1-(594)-574-7467');
INSERT INTO doctor_resident VALUES ('D-00000148');
INSERT INTO employee VALUES ('D-00000149', 'Steven', 'Summers', 'Doctor');
INSERT INTO doctor VALUES ('D-00000149');
INSERT INTO employee_address VALUES ('D-00000149', 'Heathland', '77341 Joseph Manor Suite 921');
INSERT INTO employee_phoneno VALUES ('D-00000149', '+1-(748)-038-0512');
INSERT INTO doctor_consultant VALUES ('D-00000149', 'Dermatology');
INSERT INTO employee VALUES ('D-00000150', 'Stephen', 'Coleman', 'Doctor');
INSERT INTO doctor VALUES ('D-00000150');
INSERT INTO employee_address VALUES ('D-00000150', 'Port Deborah', '730 Cameron Dale');
INSERT INTO employee_phoneno VALUES ('D-00000150', '+1-(872)-288-8898');
INSERT INTO doctor_intern VALUES ('D-00000150');
INSERT INTO employee VALUES ('D-00000151', 'Michael', 'Wagner', 'Doctor');
INSERT INTO doctor VALUES ('D-00000151');
INSERT INTO employee_address VALUES ('D-00000151', 'South Judithborough', '603 Romero Wells');
INSERT INTO employee_phoneno VALUES ('D-00000151', '+1-(957)-274-4834');
INSERT INTO doctor_resident VALUES ('D-00000151');
INSERT INTO employee VALUES ('D-00000152', 'Alyssa', 'Carr', 'Doctor');
INSERT INTO doctor VALUES ('D-00000152');
INSERT INTO employee_address VALUES ('D-00000152', 'South Josephmouth', '75940 Tapia Port Suite 483');
INSERT INTO employee_phoneno VALUES ('D-00000152', '+1-(980)-289-8031');
INSERT INTO doctor_consultant VALUES ('D-00000152', 'Cardiology');
INSERT INTO employee VALUES ('D-00000153', 'Amanda', 'Thompson', 'Doctor');
INSERT INTO doctor VALUES ('D-00000153');
INSERT INTO employee_address VALUES ('D-00000153', 'South Glendastad', '22826 Lyons Manors');
INSERT INTO employee_phoneno VALUES ('D-00000153', '+1-(867)-560-9370');
INSERT INTO doctor_intern VALUES ('D-00000153');
INSERT INTO employee VALUES ('D-00000154', 'David', 'Moss', 'Doctor');
INSERT INTO doctor VALUES ('D-00000154');
INSERT INTO employee_address VALUES ('D-00000154', 'Petersonhaven', '4919 Mullins Mews Suite 733');
INSERT INTO employee_phoneno VALUES ('D-00000154', '+1-(196)-244-3895');
INSERT INTO doctor_resident VALUES ('D-00000154');
INSERT INTO employee VALUES ('D-00000155', 'Kyle', 'Ochoa', 'Doctor');
INSERT INTO doctor VALUES ('D-00000155');
INSERT INTO employee_address VALUES ('D-00000155', 'New Heatherport', '67511 Ponce Spurs Suite 815');
INSERT INTO employee_phoneno VALUES ('D-00000155', '+1-(874)-319-9585');
INSERT INTO doctor_consultant VALUES ('D-00000155', 'Cardiology');
INSERT INTO employee VALUES ('D-00000156', 'Nathaniel', 'White', 'Doctor');
INSERT INTO doctor VALUES ('D-00000156');
INSERT INTO employee_address VALUES ('D-00000156', 'Lake Randyfort', '7827 Dawson Ports Apt. 225');
INSERT INTO employee_phoneno VALUES ('D-00000156', '+1-(702)-935-2052');
INSERT INTO doctor_intern VALUES ('D-00000156');
INSERT INTO employee VALUES ('D-00000157', 'Julie', 'Hughes', 'Doctor');
INSERT INTO doctor VALUES ('D-00000157');
INSERT INTO employee_address VALUES ('D-00000157', 'Michaelmouth', '2825 Howell Islands Suite 845');
INSERT INTO employee_phoneno VALUES ('D-00000157', '+1-(772)-408-0712');
INSERT INTO doctor_resident VALUES ('D-00000157');
INSERT INTO employee VALUES ('D-00000158', 'Antonio', 'Clark', 'Doctor');
INSERT INTO doctor VALUES ('D-00000158');
INSERT INTO employee_address VALUES ('D-00000158', 'Port Stephenchester', '52270 Kirby Meadow Apt. 287');
INSERT INTO employee_phoneno VALUES ('D-00000158', '+1-(589)-357-3504');
INSERT INTO doctor_consultant VALUES ('D-00000158', 'Pathology');
INSERT INTO employee VALUES ('D-00000159', 'Sara', 'King', 'Doctor');
INSERT INTO doctor VALUES ('D-00000159');
INSERT INTO employee_address VALUES ('D-00000159', 'Lake Connie', '4613 Monica Lane Apt. 527');
INSERT INTO employee_phoneno VALUES ('D-00000159', '+1-(495)-091-5303');
INSERT INTO doctor_intern VALUES ('D-00000159');
INSERT INTO employee VALUES ('D-00000160', 'Cassandra', 'Smith', 'Doctor');
INSERT INTO doctor VALUES ('D-00000160');
INSERT INTO employee_address VALUES ('D-00000160', 'Cookberg', '6952 Zhang Stream');
INSERT INTO employee_phoneno VALUES ('D-00000160', '+1-(844)-715-6470');
INSERT INTO doctor_resident VALUES ('D-00000160');
INSERT INTO employee VALUES ('D-00000161', 'William', 'Hayes', 'Doctor');
INSERT INTO doctor VALUES ('D-00000161');
INSERT INTO employee_address VALUES ('D-00000161', 'Websterborough', '0629 Debra Inlet');
INSERT INTO employee_phoneno VALUES ('D-00000161', '+1-(430)-499-8724');
INSERT INTO doctor_consultant VALUES ('D-00000161', 'Dermatology');
INSERT INTO employee VALUES ('D-00000162', 'Cody', 'Webster', 'Doctor');
INSERT INTO doctor VALUES ('D-00000162');
INSERT INTO employee_address VALUES ('D-00000162', 'Port Christopher', '795 Andre Hollow');
INSERT INTO employee_phoneno VALUES ('D-00000162', '+1-(265)-939-6533');
INSERT INTO doctor_intern VALUES ('D-00000162');
INSERT INTO employee VALUES ('D-00000163', 'Raymond', 'Boyd', 'Doctor');
INSERT INTO doctor VALUES ('D-00000163');
INSERT INTO employee_address VALUES ('D-00000163', 'North Annaport', '91300 Brandy Track Suite 742');
INSERT INTO employee_phoneno VALUES ('D-00000163', '+1-(805)-774-5366');
INSERT INTO doctor_resident VALUES ('D-00000163');
INSERT INTO employee VALUES ('D-00000164', 'Jeremy', 'Dalton', 'Doctor');
INSERT INTO doctor VALUES ('D-00000164');
INSERT INTO employee_address VALUES ('D-00000164', 'Marcusside', '92655 Green Route Apt. 266');
INSERT INTO employee_phoneno VALUES ('D-00000164', '+1-(685)-929-5860');
INSERT INTO doctor_consultant VALUES ('D-00000164', 'Dermatology');
INSERT INTO employee VALUES ('D-00000165', 'Monique', 'Wright', 'Doctor');
INSERT INTO doctor VALUES ('D-00000165');
INSERT INTO employee_address VALUES ('D-00000165', 'Meganside', '8794 Adams Knolls');
INSERT INTO employee_phoneno VALUES ('D-00000165', '+1-(402)-294-1090');
INSERT INTO doctor_intern VALUES ('D-00000165');
INSERT INTO employee VALUES ('D-00000166', 'Amy', 'Maxwell', 'Doctor');
INSERT INTO doctor VALUES ('D-00000166');
INSERT INTO employee_address VALUES ('D-00000166', 'Garciatown', '8205 Lisa Course Suite 515');
INSERT INTO employee_phoneno VALUES ('D-00000166', '+1-(734)-470-0952');
INSERT INTO doctor_resident VALUES ('D-00000166');
INSERT INTO employee VALUES ('D-00000167', 'David', 'Phillips', 'Doctor');
INSERT INTO doctor VALUES ('D-00000167');
INSERT INTO employee_address VALUES ('D-00000167', 'West Lisa', '5503 Mitchell Camp Apt. 489');
INSERT INTO employee_phoneno VALUES ('D-00000167', '+1-(652)-002-7103');
INSERT INTO doctor_consultant VALUES ('D-00000167', 'Anethisology');
INSERT INTO employee VALUES ('D-00000168', 'Theresa', 'Gilbert', 'Doctor');
INSERT INTO doctor VALUES ('D-00000168');
INSERT INTO employee_address VALUES ('D-00000168', 'Bergerton', '4905 Smith Mountains Apt. 104');
INSERT INTO employee_phoneno VALUES ('D-00000168', '+1-(308)-470-6660');
INSERT INTO doctor_intern VALUES ('D-00000168');
INSERT INTO employee VALUES ('D-00000169', 'Travis', 'Allen', 'Doctor');
INSERT INTO doctor VALUES ('D-00000169');
INSERT INTO employee_address VALUES ('D-00000169', 'South Heidi', '7296 Jesse Hills Apt. 398');
INSERT INTO employee_phoneno VALUES ('D-00000169', '+1-(179)-436-2809');
INSERT INTO doctor_resident VALUES ('D-00000169');
INSERT INTO employee VALUES ('D-00000170', 'Megan', 'Miller', 'Doctor');
INSERT INTO doctor VALUES ('D-00000170');
INSERT INTO employee_address VALUES ('D-00000170', 'Melissaberg', '04986 Jason Ports');
INSERT INTO employee_phoneno VALUES ('D-00000170', '+1-(994)-621-5336');
INSERT INTO doctor_consultant VALUES ('D-00000170', 'Cardiology');
INSERT INTO employee VALUES ('D-00000171', 'Richard', 'Lee', 'Doctor');
INSERT INTO doctor VALUES ('D-00000171');
INSERT INTO employee_address VALUES ('D-00000171', 'Palmerland', '4428 Jones Mews Apt. 549');
INSERT INTO employee_phoneno VALUES ('D-00000171', '+1-(981)-538-6554');
INSERT INTO doctor_intern VALUES ('D-00000171');
INSERT INTO employee VALUES ('D-00000172', 'Amanda', 'Pittman', 'Doctor');
INSERT INTO doctor VALUES ('D-00000172');
INSERT INTO employee_address VALUES ('D-00000172', 'East Daniel', '6492 Reynolds Run');
INSERT INTO employee_phoneno VALUES ('D-00000172', '+1-(577)-659-5257');
INSERT INTO doctor_resident VALUES ('D-00000172');
INSERT INTO employee VALUES ('D-00000173', 'Ricardo', 'Duarte', 'Doctor');
INSERT INTO doctor VALUES ('D-00000173');
INSERT INTO employee_address VALUES ('D-00000173', 'East Alyssa', '645 Cameron Pines');
INSERT INTO employee_phoneno VALUES ('D-00000173', '+1-(763)-184-8023');
INSERT INTO doctor_consultant VALUES ('D-00000173', 'Pathology');
INSERT INTO employee VALUES ('D-00000174', 'Sandra', 'Sharp', 'Doctor');
INSERT INTO doctor VALUES ('D-00000174');
INSERT INTO employee_address VALUES ('D-00000174', 'Williamsville', '1127 Lauren Drive Suite 185');
INSERT INTO employee_phoneno VALUES ('D-00000174', '+1-(966)-710-8046');
INSERT INTO doctor_intern VALUES ('D-00000174');
INSERT INTO employee VALUES ('D-00000175', 'Lacey', 'Hill', 'Doctor');
INSERT INTO doctor VALUES ('D-00000175');
INSERT INTO employee_address VALUES ('D-00000175', 'Kramerside', '757 Gregory Oval');
INSERT INTO employee_phoneno VALUES ('D-00000175', '+1-(505)-957-9829');
INSERT INTO doctor_resident VALUES ('D-00000175');
INSERT INTO employee VALUES ('D-00000176', 'Faith', 'Little', 'Doctor');
INSERT INTO doctor VALUES ('D-00000176');
INSERT INTO employee_address VALUES ('D-00000176', 'East Josephburgh', '86942 Ward Tunnel Suite 281');
INSERT INTO employee_phoneno VALUES ('D-00000176', '+1-(725)-601-4380');
INSERT INTO doctor_consultant VALUES ('D-00000176', 'Pathology');
INSERT INTO employee VALUES ('D-00000177', 'Lauren', 'Lowe', 'Doctor');
INSERT INTO doctor VALUES ('D-00000177');
INSERT INTO employee_address VALUES ('D-00000177', 'South Maureenmouth', '2508 Jean Motorway');
INSERT INTO employee_phoneno VALUES ('D-00000177', '+1-(235)-901-5927');
INSERT INTO doctor_intern VALUES ('D-00000177');
INSERT INTO employee VALUES ('D-00000178', 'Christopher', 'Hill', 'Doctor');
INSERT INTO doctor VALUES ('D-00000178');
INSERT INTO employee_address VALUES ('D-00000178', 'Port Sandratown', '3892 Robin Curve Suite 877');
INSERT INTO employee_phoneno VALUES ('D-00000178', '+1-(300)-580-7905');
INSERT INTO doctor_resident VALUES ('D-00000178');
INSERT INTO employee VALUES ('D-00000179', 'James', 'Williams', 'Doctor');
INSERT INTO doctor VALUES ('D-00000179');
INSERT INTO employee_address VALUES ('D-00000179', 'Carlsonberg', '53028 Jennifer Roads');
INSERT INTO employee_phoneno VALUES ('D-00000179', '+1-(473)-787-9166');
INSERT INTO doctor_consultant VALUES ('D-00000179', 'Neurology');
INSERT INTO employee VALUES ('D-00000180', 'Brandy', 'Marks', 'Doctor');
INSERT INTO doctor VALUES ('D-00000180');
INSERT INTO employee_address VALUES ('D-00000180', 'Leonardburgh', '18861 Mitchell Streets Apt. 784');
INSERT INTO employee_phoneno VALUES ('D-00000180', '+1-(292)-690-7337');
INSERT INTO doctor_intern VALUES ('D-00000180');
INSERT INTO employee VALUES ('D-00000181', 'Angel', 'Briggs', 'Doctor');
INSERT INTO doctor VALUES ('D-00000181');
INSERT INTO employee_address VALUES ('D-00000181', 'Gonzalezville', '97419 Christopher Trail Apt. 747');
INSERT INTO employee_phoneno VALUES ('D-00000181', '+1-(932)-303-0470');
INSERT INTO doctor_resident VALUES ('D-00000181');
INSERT INTO employee VALUES ('D-00000182', 'Timothy', 'Hart', 'Doctor');
INSERT INTO doctor VALUES ('D-00000182');
INSERT INTO employee_address VALUES ('D-00000182', 'Burnston', '256 Bonnie Extension Apt. 936');
INSERT INTO employee_phoneno VALUES ('D-00000182', '+1-(545)-599-3405');
INSERT INTO doctor_consultant VALUES ('D-00000182', 'Dermatology');
INSERT INTO employee VALUES ('D-00000183', 'Christine', 'Keller', 'Doctor');
INSERT INTO doctor VALUES ('D-00000183');
INSERT INTO employee_address VALUES ('D-00000183', 'South Stevenview', '15482 Kenneth Radial Suite 298');
INSERT INTO employee_phoneno VALUES ('D-00000183', '+1-(957)-006-6792');
INSERT INTO doctor_intern VALUES ('D-00000183');
INSERT INTO employee VALUES ('D-00000184', 'Mitchell', 'Martinez', 'Doctor');
INSERT INTO doctor VALUES ('D-00000184');
INSERT INTO employee_address VALUES ('D-00000184', 'South Davidton', '869 Clinton Plains');
INSERT INTO employee_phoneno VALUES ('D-00000184', '+1-(733)-512-3019');
INSERT INTO doctor_resident VALUES ('D-00000184');
INSERT INTO employee VALUES ('D-00000185', 'Bobby', 'Mayer', 'Doctor');
INSERT INTO doctor VALUES ('D-00000185');
INSERT INTO employee_address VALUES ('D-00000185', 'New Joanna', '9128 Kimberly Bridge Suite 729');
INSERT INTO employee_phoneno VALUES ('D-00000185', '+1-(743)-304-3812');
INSERT INTO doctor_consultant VALUES ('D-00000185', 'Citology');
INSERT INTO employee VALUES ('D-00000186', 'Carrie', 'Lyons', 'Doctor');
INSERT INTO doctor VALUES ('D-00000186');
INSERT INTO employee_address VALUES ('D-00000186', 'New Jonathonbury', '469 Harris Cape');
INSERT INTO employee_phoneno VALUES ('D-00000186', '+1-(636)-189-5490');
INSERT INTO doctor_intern VALUES ('D-00000186');
INSERT INTO employee VALUES ('D-00000187', 'Brooke', 'Jones', 'Doctor');
INSERT INTO doctor VALUES ('D-00000187');
INSERT INTO employee_address VALUES ('D-00000187', 'Scottshire', '937 Robertson Crossroad Apt. 272');
INSERT INTO employee_phoneno VALUES ('D-00000187', '+1-(984)-106-9627');
INSERT INTO doctor_resident VALUES ('D-00000187');
INSERT INTO employee VALUES ('D-00000188', 'James', 'Osborne', 'Doctor');
INSERT INTO doctor VALUES ('D-00000188');
INSERT INTO employee_address VALUES ('D-00000188', 'West Patricia', '50344 Miller Harbors');
INSERT INTO employee_phoneno VALUES ('D-00000188', '+1-(295)-681-1598');
INSERT INTO doctor_consultant VALUES ('D-00000188', 'Anethisology');
INSERT INTO employee VALUES ('D-00000189', 'Brandon', 'Thomas', 'Doctor');
INSERT INTO doctor VALUES ('D-00000189');
INSERT INTO employee_address VALUES ('D-00000189', 'Bethfort', '869 Wilson Fork');
INSERT INTO employee_phoneno VALUES ('D-00000189', '+1-(753)-690-1027');
INSERT INTO doctor_intern VALUES ('D-00000189');
INSERT INTO employee VALUES ('D-00000190', 'Daniel', 'Taylor', 'Doctor');
INSERT INTO doctor VALUES ('D-00000190');
INSERT INTO employee_address VALUES ('D-00000190', 'Nicolemouth', '964 Michele Village');
INSERT INTO employee_phoneno VALUES ('D-00000190', '+1-(946)-288-9097');
INSERT INTO doctor_resident VALUES ('D-00000190');
INSERT INTO employee VALUES ('D-00000191', 'David', 'Giles', 'Doctor');
INSERT INTO doctor VALUES ('D-00000191');
INSERT INTO employee_address VALUES ('D-00000191', 'Angelicafurt', '66542 Harrell Knoll');
INSERT INTO employee_phoneno VALUES ('D-00000191', '+1-(101)-249-8464');
INSERT INTO doctor_consultant VALUES ('D-00000191', 'Dermatology');
INSERT INTO employee VALUES ('D-00000192', 'Kevin', 'Watson', 'Doctor');
INSERT INTO doctor VALUES ('D-00000192');
INSERT INTO employee_address VALUES ('D-00000192', 'Christineside', '460 Adams Lodge');
INSERT INTO employee_phoneno VALUES ('D-00000192', '+1-(611)-725-2002');
INSERT INTO doctor_intern VALUES ('D-00000192');
INSERT INTO employee VALUES ('D-00000193', 'Anthony', 'Smith', 'Doctor');
INSERT INTO doctor VALUES ('D-00000193');
INSERT INTO employee_address VALUES ('D-00000193', 'Nicholasshire', '324 Deborah Meadow');
INSERT INTO employee_phoneno VALUES ('D-00000193', '+1-(472)-310-7796');
INSERT INTO doctor_resident VALUES ('D-00000193');
INSERT INTO employee VALUES ('D-00000194', 'Zachary', 'Thompson', 'Doctor');
INSERT INTO doctor VALUES ('D-00000194');
INSERT INTO employee_address VALUES ('D-00000194', 'East Tyler', '90655 Natalie Cove Suite 578');
INSERT INTO employee_phoneno VALUES ('D-00000194', '+1-(943)-584-3714');
INSERT INTO doctor_consultant VALUES ('D-00000194', 'Anethisology');
INSERT INTO employee VALUES ('D-00000195', 'Teresa', 'Smith', 'Doctor');
INSERT INTO doctor VALUES ('D-00000195');
INSERT INTO employee_address VALUES ('D-00000195', 'South Greggland', '92032 Leonard Meadows Apt. 566');
INSERT INTO employee_phoneno VALUES ('D-00000195', '+1-(875)-373-2254');
INSERT INTO doctor_intern VALUES ('D-00000195');
INSERT INTO employee VALUES ('D-00000196', 'Robin', 'Williams', 'Doctor');
INSERT INTO doctor VALUES ('D-00000196');
INSERT INTO employee_address VALUES ('D-00000196', 'Jonathanmouth', '79594 Foster Corners');
INSERT INTO employee_phoneno VALUES ('D-00000196', '+1-(103)-126-1673');
INSERT INTO doctor_resident VALUES ('D-00000196');
INSERT INTO employee VALUES ('D-00000197', 'Brian', 'Burke', 'Doctor');
INSERT INTO doctor VALUES ('D-00000197');
INSERT INTO employee_address VALUES ('D-00000197', 'Grayfort', '59932 Medina Green');
INSERT INTO employee_phoneno VALUES ('D-00000197', '+1-(562)-564-0726');
INSERT INTO doctor_consultant VALUES ('D-00000197', 'Cardiology');
INSERT INTO employee VALUES ('D-00000198', 'Raymond', 'Kelly', 'Doctor');
INSERT INTO doctor VALUES ('D-00000198');
INSERT INTO employee_address VALUES ('D-00000198', 'Ericfort', '25915 Williams Cliffs Suite 498');
INSERT INTO employee_phoneno VALUES ('D-00000198', '+1-(529)-370-8063');
INSERT INTO doctor_intern VALUES ('D-00000198');
INSERT INTO employee VALUES ('D-00000199', 'Daniel', 'Nguyen', 'Doctor');
INSERT INTO doctor VALUES ('D-00000199');
INSERT INTO employee_address VALUES ('D-00000199', 'Keithmouth', '43138 Yang Forest Apt. 090');
INSERT INTO employee_phoneno VALUES ('D-00000199', '+1-(491)-047-9992');
INSERT INTO doctor_resident VALUES ('D-00000199');
INSERT INTO employee VALUES ('D-00000200', 'Robert', 'Joyce', 'Doctor');
INSERT INTO doctor VALUES ('D-00000200');
INSERT INTO employee_address VALUES ('D-00000200', 'Lake David', '3257 Brown Fords Apt. 818');
INSERT INTO employee_phoneno VALUES ('D-00000200', '+1-(174)-281-4283');
INSERT INTO doctor_consultant VALUES ('D-00000200', 'Anethisology');
INSERT INTO employee VALUES ('D-00000201', 'Christina', 'Madden', 'Doctor');
INSERT INTO doctor VALUES ('D-00000201');
INSERT INTO employee_address VALUES ('D-00000201', 'North Joseph', '54188 Jessica Loaf');
INSERT INTO employee_phoneno VALUES ('D-00000201', '+1-(459)-494-9105');
INSERT INTO doctor_intern VALUES ('D-00000201');
INSERT INTO employee VALUES ('D-00000202', 'Sarah', 'Davis', 'Doctor');
INSERT INTO doctor VALUES ('D-00000202');
INSERT INTO employee_address VALUES ('D-00000202', 'Collinsfurt', '280 Thomas Turnpike');
INSERT INTO employee_phoneno VALUES ('D-00000202', '+1-(802)-149-9482');
INSERT INTO doctor_resident VALUES ('D-00000202');
INSERT INTO employee VALUES ('D-00000203', 'Ryan', 'Sawyer', 'Doctor');
INSERT INTO doctor VALUES ('D-00000203');
INSERT INTO employee_address VALUES ('D-00000203', 'Jenniferstad', '1889 Sheri Manor');
INSERT INTO employee_phoneno VALUES ('D-00000203', '+1-(597)-711-4767');
INSERT INTO doctor_consultant VALUES ('D-00000203', 'Cardiology');
INSERT INTO employee VALUES ('D-00000204', 'Taylor', 'Cuevas', 'Doctor');
INSERT INTO doctor VALUES ('D-00000204');
INSERT INTO employee_address VALUES ('D-00000204', 'Andersonborough', '27976 Alicia Alley');
INSERT INTO employee_phoneno VALUES ('D-00000204', '+1-(767)-153-0524');
INSERT INTO doctor_intern VALUES ('D-00000204');
INSERT INTO employee VALUES ('D-00000205', 'Miranda', 'Garcia', 'Doctor');
INSERT INTO doctor VALUES ('D-00000205');
INSERT INTO employee_address VALUES ('D-00000205', 'East Justinbury', '4554 Joseph Wall');
INSERT INTO employee_phoneno VALUES ('D-00000205', '+1-(405)-181-9442');
INSERT INTO doctor_resident VALUES ('D-00000205');
INSERT INTO employee VALUES ('D-00000206', 'Gregory', 'Flores', 'Doctor');
INSERT INTO doctor VALUES ('D-00000206');
INSERT INTO employee_address VALUES ('D-00000206', 'Waltersfort', '0087 Bonnie Crossroad');
INSERT INTO employee_phoneno VALUES ('D-00000206', '+1-(318)-487-6417');
INSERT INTO doctor_consultant VALUES ('D-00000206', 'Anethisology');
INSERT INTO employee VALUES ('D-00000207', 'Brenda', 'Ruiz', 'Doctor');
INSERT INTO doctor VALUES ('D-00000207');
INSERT INTO employee_address VALUES ('D-00000207', 'Ginatown', '5853 Brooks Glen Suite 257');
INSERT INTO employee_phoneno VALUES ('D-00000207', '+1-(565)-010-5650');
INSERT INTO doctor_intern VALUES ('D-00000207');
INSERT INTO employee VALUES ('D-00000208', 'Stephen', 'Brown', 'Doctor');
INSERT INTO doctor VALUES ('D-00000208');
INSERT INTO employee_address VALUES ('D-00000208', 'North Jordanmouth', '39452 Valdez Locks');
INSERT INTO employee_phoneno VALUES ('D-00000208', '+1-(858)-371-2421');
INSERT INTO doctor_resident VALUES ('D-00000208');
INSERT INTO employee VALUES ('D-00000209', 'Briana', 'Sullivan', 'Doctor');
INSERT INTO doctor VALUES ('D-00000209');
INSERT INTO employee_address VALUES ('D-00000209', 'South Williamtown', '068 Javier Road');
INSERT INTO employee_phoneno VALUES ('D-00000209', '+1-(120)-783-3368');
INSERT INTO doctor_consultant VALUES ('D-00000209', 'Dermatology');
INSERT INTO employee VALUES ('D-00000210', 'Kenneth', 'Guerra', 'Doctor');
INSERT INTO doctor VALUES ('D-00000210');
INSERT INTO employee_address VALUES ('D-00000210', 'North Sheilaport', '1342 Hawkins Rapid');
INSERT INTO employee_phoneno VALUES ('D-00000210', '+1-(798)-546-7497');
INSERT INTO doctor_intern VALUES ('D-00000210');
INSERT INTO employee VALUES ('D-00000211', 'Chad', 'Fletcher', 'Doctor');
INSERT INTO doctor VALUES ('D-00000211');
INSERT INTO employee_address VALUES ('D-00000211', 'East Josephport', '2726 Marquez Knoll Suite 792');
INSERT INTO employee_phoneno VALUES ('D-00000211', '+1-(606)-008-3426');
INSERT INTO doctor_resident VALUES ('D-00000211');
INSERT INTO employee VALUES ('D-00000212', 'Kathleen', 'Moore', 'Doctor');
INSERT INTO doctor VALUES ('D-00000212');
INSERT INTO employee_address VALUES ('D-00000212', 'Oliverville', '949 Donna Throughway');
INSERT INTO employee_phoneno VALUES ('D-00000212', '+1-(739)-213-8229');
INSERT INTO doctor_consultant VALUES ('D-00000212', 'Pathology');
INSERT INTO employee VALUES ('D-00000213', 'Carla', 'Gray', 'Doctor');
INSERT INTO doctor VALUES ('D-00000213');
INSERT INTO employee_address VALUES ('D-00000213', 'Shariton', '351 Erica Hill Suite 075');
INSERT INTO employee_phoneno VALUES ('D-00000213', '+1-(506)-972-6986');
INSERT INTO doctor_intern VALUES ('D-00000213');
INSERT INTO employee VALUES ('D-00000214', 'Stephen', 'Perez', 'Doctor');
INSERT INTO doctor VALUES ('D-00000214');
INSERT INTO employee_address VALUES ('D-00000214', 'North Dannymouth', '185 Walter Gateway Suite 134');
INSERT INTO employee_phoneno VALUES ('D-00000214', '+1-(355)-606-0826');
INSERT INTO doctor_resident VALUES ('D-00000214');
INSERT INTO employee VALUES ('D-00000215', 'David', 'Johnson', 'Doctor');
INSERT INTO doctor VALUES ('D-00000215');
INSERT INTO employee_address VALUES ('D-00000215', 'South Coreychester', '6349 Caleb Estate');
INSERT INTO employee_phoneno VALUES ('D-00000215', '+1-(302)-134-8244');
INSERT INTO doctor_consultant VALUES ('D-00000215', 'Anethisology');
INSERT INTO employee VALUES ('D-00000216', 'Gerald', 'Cook', 'Doctor');
INSERT INTO doctor VALUES ('D-00000216');
INSERT INTO employee_address VALUES ('D-00000216', 'Ritafort', '02272 Mark River Suite 862');
INSERT INTO employee_phoneno VALUES ('D-00000216', '+1-(859)-100-7345');
INSERT INTO doctor_intern VALUES ('D-00000216');
INSERT INTO employee VALUES ('D-00000217', 'William', 'Hopkins', 'Doctor');
INSERT INTO doctor VALUES ('D-00000217');
INSERT INTO employee_address VALUES ('D-00000217', 'Cortezhaven', '2354 Miguel Roads Suite 603');
INSERT INTO employee_phoneno VALUES ('D-00000217', '+1-(320)-786-8338');
INSERT INTO doctor_resident VALUES ('D-00000217');
INSERT INTO employee VALUES ('D-00000218', 'Amber', 'Bush', 'Doctor');
INSERT INTO doctor VALUES ('D-00000218');
INSERT INTO employee_address VALUES ('D-00000218', 'East Betty', '0784 Phillips Dam');
INSERT INTO employee_phoneno VALUES ('D-00000218', '+1-(474)-945-3090');
INSERT INTO doctor_consultant VALUES ('D-00000218', 'Dermatology');
INSERT INTO employee VALUES ('D-00000219', 'Laura', 'Williams', 'Doctor');
INSERT INTO doctor VALUES ('D-00000219');
INSERT INTO employee_address VALUES ('D-00000219', 'Robertborough', '171 Levy Brook Suite 101');
INSERT INTO employee_phoneno VALUES ('D-00000219', '+1-(672)-141-2471');
INSERT INTO doctor_intern VALUES ('D-00000219');
INSERT INTO employee VALUES ('D-00000220', 'Shawna', 'Stein', 'Doctor');
INSERT INTO doctor VALUES ('D-00000220');
INSERT INTO employee_address VALUES ('D-00000220', 'Port Matthewland', '798 Baker Brooks');
INSERT INTO employee_phoneno VALUES ('D-00000220', '+1-(470)-419-3602');
INSERT INTO doctor_resident VALUES ('D-00000220');
INSERT INTO employee VALUES ('D-00000221', 'Hannah', 'James', 'Doctor');
INSERT INTO doctor VALUES ('D-00000221');
INSERT INTO employee_address VALUES ('D-00000221', 'Angelahaven', '046 Justin Gateway');
INSERT INTO employee_phoneno VALUES ('D-00000221', '+1-(856)-924-3415');
INSERT INTO doctor_consultant VALUES ('D-00000221', 'Pathology');
INSERT INTO employee VALUES ('D-00000222', 'Andrew', 'Daniels', 'Doctor');
INSERT INTO doctor VALUES ('D-00000222');
INSERT INTO employee_address VALUES ('D-00000222', 'Vincentport', '81265 Hudson Manor');
INSERT INTO employee_phoneno VALUES ('D-00000222', '+1-(148)-608-1608');
INSERT INTO doctor_intern VALUES ('D-00000222');
INSERT INTO employee VALUES ('D-00000223', 'Patricia', 'Gilmore', 'Doctor');
INSERT INTO doctor VALUES ('D-00000223');
INSERT INTO employee_address VALUES ('D-00000223', 'Rebeccamouth', '397 Woodard Brooks');
INSERT INTO employee_phoneno VALUES ('D-00000223', '+1-(712)-791-1454');
INSERT INTO doctor_resident VALUES ('D-00000223');
INSERT INTO employee VALUES ('D-00000224', 'David', 'Williams', 'Doctor');
INSERT INTO doctor VALUES ('D-00000224');
INSERT INTO employee_address VALUES ('D-00000224', 'North Henryborough', '6762 John Common');
INSERT INTO employee_phoneno VALUES ('D-00000224', '+1-(700)-807-4322');
INSERT INTO doctor_consultant VALUES ('D-00000224', 'Citology');
INSERT INTO employee VALUES ('D-00000225', 'Shelby', 'Mosley', 'Doctor');
INSERT INTO doctor VALUES ('D-00000225');
INSERT INTO employee_address VALUES ('D-00000225', 'Lake James', '568 Brandon Avenue Suite 353');
INSERT INTO employee_phoneno VALUES ('D-00000225', '+1-(823)-817-6036');
INSERT INTO doctor_intern VALUES ('D-00000225');
INSERT INTO employee VALUES ('D-00000226', 'Catherine', 'Jackson', 'Doctor');
INSERT INTO doctor VALUES ('D-00000226');
INSERT INTO employee_address VALUES ('D-00000226', 'Tabithastad', '01406 Sutton Freeway');
INSERT INTO employee_phoneno VALUES ('D-00000226', '+1-(387)-993-9210');
INSERT INTO doctor_resident VALUES ('D-00000226');
INSERT INTO employee VALUES ('D-00000227', 'Dennis', 'Estes', 'Doctor');
INSERT INTO doctor VALUES ('D-00000227');
INSERT INTO employee_address VALUES ('D-00000227', 'Kinghaven', '9625 White Creek');
INSERT INTO employee_phoneno VALUES ('D-00000227', '+1-(177)-163-6222');
INSERT INTO doctor_consultant VALUES ('D-00000227', 'Cardiology');
INSERT INTO employee VALUES ('D-00000228', 'Jennifer', 'Wallace', 'Doctor');
INSERT INTO doctor VALUES ('D-00000228');
INSERT INTO employee_address VALUES ('D-00000228', 'West Angela', '624 Smith Wells');
INSERT INTO employee_phoneno VALUES ('D-00000228', '+1-(241)-379-2435');
INSERT INTO doctor_intern VALUES ('D-00000228');
INSERT INTO employee VALUES ('D-00000229', 'Brenda', 'Smith', 'Doctor');
INSERT INTO doctor VALUES ('D-00000229');
INSERT INTO employee_address VALUES ('D-00000229', 'Bennettside', '83628 Claudia Underpass Suite 549');
INSERT INTO employee_phoneno VALUES ('D-00000229', '+1-(509)-022-3259');
INSERT INTO doctor_resident VALUES ('D-00000229');
INSERT INTO employee VALUES ('D-00000230', 'Roger', 'Brown', 'Doctor');
INSERT INTO doctor VALUES ('D-00000230');
INSERT INTO employee_address VALUES ('D-00000230', 'South Robert', '4095 Carpenter Green');
INSERT INTO employee_phoneno VALUES ('D-00000230', '+1-(304)-663-6264');
INSERT INTO doctor_consultant VALUES ('D-00000230', 'Anethisology');
INSERT INTO employee VALUES ('D-00000231', 'Brianna', 'Garrett', 'Doctor');
INSERT INTO doctor VALUES ('D-00000231');
INSERT INTO employee_address VALUES ('D-00000231', 'Port Tinaborough', '630 Adam Ridge Suite 507');
INSERT INTO employee_phoneno VALUES ('D-00000231', '+1-(607)-691-0308');
INSERT INTO doctor_intern VALUES ('D-00000231');
INSERT INTO employee VALUES ('D-00000232', 'Anthony', 'Davis', 'Doctor');
INSERT INTO doctor VALUES ('D-00000232');
INSERT INTO employee_address VALUES ('D-00000232', 'Jensenland', '307 Megan Pass');
INSERT INTO employee_phoneno VALUES ('D-00000232', '+1-(364)-737-8059');
INSERT INTO doctor_resident VALUES ('D-00000232');
INSERT INTO employee VALUES ('D-00000233', 'Kellie', 'Nichols', 'Doctor');
INSERT INTO doctor VALUES ('D-00000233');
INSERT INTO employee_address VALUES ('D-00000233', 'Amandaborough', '674 Jordan Pike');
INSERT INTO employee_phoneno VALUES ('D-00000233', '+1-(882)-127-9773');
INSERT INTO doctor_consultant VALUES ('D-00000233', 'Cardiology');
INSERT INTO employee VALUES ('D-00000234', 'Kara', 'Wu', 'Doctor');
INSERT INTO doctor VALUES ('D-00000234');
INSERT INTO employee_address VALUES ('D-00000234', 'South Sarachester', '69952 Benjamin Forks');
INSERT INTO employee_phoneno VALUES ('D-00000234', '+1-(315)-447-3004');
INSERT INTO doctor_intern VALUES ('D-00000234');
INSERT INTO employee VALUES ('D-00000235', 'Kevin', 'Johnson', 'Doctor');
INSERT INTO doctor VALUES ('D-00000235');
INSERT INTO employee_address VALUES ('D-00000235', 'East Jill', '05371 Robert Locks');
INSERT INTO employee_phoneno VALUES ('D-00000235', '+1-(523)-565-7281');
INSERT INTO doctor_resident VALUES ('D-00000235');
INSERT INTO employee VALUES ('D-00000236', 'Phillip', 'Perez', 'Doctor');
INSERT INTO doctor VALUES ('D-00000236');
INSERT INTO employee_address VALUES ('D-00000236', 'Robinfurt', '55735 Terri Groves Apt. 442');
INSERT INTO employee_phoneno VALUES ('D-00000236', '+1-(764)-062-1642');
INSERT INTO doctor_consultant VALUES ('D-00000236', 'Neurology');
INSERT INTO employee VALUES ('D-00000237', 'Courtney', 'Wolfe', 'Doctor');
INSERT INTO doctor VALUES ('D-00000237');
INSERT INTO employee_address VALUES ('D-00000237', 'Jordanburgh', '56945 Sweeney Fields');
INSERT INTO employee_phoneno VALUES ('D-00000237', '+1-(370)-253-2722');
INSERT INTO doctor_intern VALUES ('D-00000237');
INSERT INTO employee VALUES ('D-00000238', 'Shelia', 'Salas', 'Doctor');
INSERT INTO doctor VALUES ('D-00000238');
INSERT INTO employee_address VALUES ('D-00000238', 'South Erinmouth', '191 Hancock Walks Apt. 747');
INSERT INTO employee_phoneno VALUES ('D-00000238', '+1-(746)-505-5353');
INSERT INTO doctor_resident VALUES ('D-00000238');
INSERT INTO employee VALUES ('D-00000239', 'Edwin', 'Charles', 'Doctor');
INSERT INTO doctor VALUES ('D-00000239');
INSERT INTO employee_address VALUES ('D-00000239', 'North Taramouth', '67216 Stephen Lodge');
INSERT INTO employee_phoneno VALUES ('D-00000239', '+1-(600)-478-3065');
INSERT INTO doctor_consultant VALUES ('D-00000239', 'Cardiology');
INSERT INTO employee VALUES ('D-00000240', 'Yvonne', 'Rodriguez', 'Doctor');
INSERT INTO doctor VALUES ('D-00000240');
INSERT INTO employee_address VALUES ('D-00000240', 'Jessehaven', '9164 Craig Mall');
INSERT INTO employee_phoneno VALUES ('D-00000240', '+1-(831)-357-6460');
INSERT INTO doctor_intern VALUES ('D-00000240');
INSERT INTO employee VALUES ('D-00000241', 'Cassandra', 'Cooper', 'Doctor');
INSERT INTO doctor VALUES ('D-00000241');
INSERT INTO employee_address VALUES ('D-00000241', 'Jacobstad', '03935 Stephen Underpass Suite 104');
INSERT INTO employee_phoneno VALUES ('D-00000241', '+1-(725)-458-2929');
INSERT INTO doctor_resident VALUES ('D-00000241');
INSERT INTO employee VALUES ('D-00000242', 'Kayla', 'Jordan', 'Doctor');
INSERT INTO doctor VALUES ('D-00000242');
INSERT INTO employee_address VALUES ('D-00000242', 'Cookbury', '14224 Alvarado Falls');
INSERT INTO employee_phoneno VALUES ('D-00000242', '+1-(439)-578-9496');
INSERT INTO doctor_consultant VALUES ('D-00000242', 'Anethisology');
INSERT INTO employee VALUES ('D-00000243', 'Mark', 'Lam', 'Doctor');
INSERT INTO doctor VALUES ('D-00000243');
INSERT INTO employee_address VALUES ('D-00000243', 'Harrisborough', '24787 Griffith Extensions');
INSERT INTO employee_phoneno VALUES ('D-00000243', '+1-(748)-160-7050');
INSERT INTO doctor_intern VALUES ('D-00000243');
INSERT INTO employee VALUES ('D-00000244', 'Gary', 'Johnson', 'Doctor');
INSERT INTO doctor VALUES ('D-00000244');
INSERT INTO employee_address VALUES ('D-00000244', 'New Sydneyville', '39213 Andersen Plaza');
INSERT INTO employee_phoneno VALUES ('D-00000244', '+1-(672)-735-0741');
INSERT INTO doctor_resident VALUES ('D-00000244');
INSERT INTO employee VALUES ('D-00000245', 'Shannon', 'Osborne', 'Doctor');
INSERT INTO doctor VALUES ('D-00000245');
INSERT INTO employee_address VALUES ('D-00000245', 'Cookport', '3595 Baldwin Way Apt. 511');
INSERT INTO employee_phoneno VALUES ('D-00000245', '+1-(232)-066-4888');
INSERT INTO doctor_consultant VALUES ('D-00000245', 'Cardiology');
INSERT INTO employee VALUES ('D-00000246', 'John', 'Gallagher', 'Doctor');
INSERT INTO doctor VALUES ('D-00000246');
INSERT INTO employee_address VALUES ('D-00000246', 'West Lisa', '20442 Jonathan Valleys');
INSERT INTO employee_phoneno VALUES ('D-00000246', '+1-(252)-210-0943');
INSERT INTO doctor_intern VALUES ('D-00000246');
INSERT INTO employee VALUES ('D-00000247', 'Rachel', 'Murray', 'Doctor');
INSERT INTO doctor VALUES ('D-00000247');
INSERT INTO employee_address VALUES ('D-00000247', 'Port Felicia', '338 Kelly Springs Apt. 510');
INSERT INTO employee_phoneno VALUES ('D-00000247', '+1-(717)-801-9836');
INSERT INTO doctor_resident VALUES ('D-00000247');
INSERT INTO employee VALUES ('D-00000248', 'Brian', 'Morrison', 'Doctor');
INSERT INTO doctor VALUES ('D-00000248');
INSERT INTO employee_address VALUES ('D-00000248', 'North Bradley', '86007 David Streets');
INSERT INTO employee_phoneno VALUES ('D-00000248', '+1-(505)-909-1630');
INSERT INTO doctor_consultant VALUES ('D-00000248', 'Citology');
INSERT INTO employee VALUES ('D-00000249', 'Andrew', 'Johnson', 'Doctor');
INSERT INTO doctor VALUES ('D-00000249');
INSERT INTO employee_address VALUES ('D-00000249', 'South Susan', '4667 Figueroa Junction Apt. 446');
INSERT INTO employee_phoneno VALUES ('D-00000249', '+1-(838)-561-4883');
INSERT INTO doctor_intern VALUES ('D-00000249');
INSERT INTO employee VALUES ('D-00000250', 'Emma', 'Brown', 'Doctor');
INSERT INTO doctor VALUES ('D-00000250');
INSERT INTO employee_address VALUES ('D-00000250', 'Lake Jody', '8695 Veronica Trafficway Suite 521');
INSERT INTO employee_phoneno VALUES ('D-00000250', '+1-(247)-583-9255');
INSERT INTO doctor_resident VALUES ('D-00000250');
INSERT INTO employee VALUES ('D-00000251', 'David', 'Jones', 'Doctor');
INSERT INTO doctor VALUES ('D-00000251');
INSERT INTO employee_address VALUES ('D-00000251', 'Lambton', '28297 Mark Rapids');
INSERT INTO employee_phoneno VALUES ('D-00000251', '+1-(417)-307-6070');
INSERT INTO doctor_consultant VALUES ('D-00000251', 'Pathology');
INSERT INTO employee VALUES ('D-00000252', 'Paul', 'Smith', 'Doctor');
INSERT INTO doctor VALUES ('D-00000252');
INSERT INTO employee_address VALUES ('D-00000252', 'South Michael', '85889 Makayla Lock Suite 543');
INSERT INTO employee_phoneno VALUES ('D-00000252', '+1-(421)-424-0911');
INSERT INTO doctor_intern VALUES ('D-00000252');
INSERT INTO employee VALUES ('D-00000253', 'Dale', 'Williamson', 'Doctor');
INSERT INTO doctor VALUES ('D-00000253');
INSERT INTO employee_address VALUES ('D-00000253', 'Russellmouth', '91766 Jonathan Vista');
INSERT INTO employee_phoneno VALUES ('D-00000253', '+1-(694)-798-6481');
INSERT INTO doctor_resident VALUES ('D-00000253');
INSERT INTO employee VALUES ('D-00000254', 'Hannah', 'Barton', 'Doctor');
INSERT INTO doctor VALUES ('D-00000254');
INSERT INTO employee_address VALUES ('D-00000254', 'Michealfurt', '86566 Michael Terrace');
INSERT INTO employee_phoneno VALUES ('D-00000254', '+1-(694)-498-8536');
INSERT INTO doctor_consultant VALUES ('D-00000254', 'Anethisology');
INSERT INTO employee VALUES ('D-00000255', 'Scott', 'Thomas', 'Doctor');
INSERT INTO doctor VALUES ('D-00000255');
INSERT INTO employee_address VALUES ('D-00000255', 'Lake Tracyfort', '5844 Parker Common Suite 093');
INSERT INTO employee_phoneno VALUES ('D-00000255', '+1-(119)-289-0550');
INSERT INTO doctor_intern VALUES ('D-00000255');
INSERT INTO employee VALUES ('D-00000256', 'Ian', 'Jackson', 'Doctor');
INSERT INTO doctor VALUES ('D-00000256');
INSERT INTO employee_address VALUES ('D-00000256', 'Port Josephhaven', '224 Dana Street');
INSERT INTO employee_phoneno VALUES ('D-00000256', '+1-(316)-396-8695');
INSERT INTO doctor_resident VALUES ('D-00000256');
INSERT INTO employee VALUES ('D-00000257', 'Crystal', 'Hernandez', 'Doctor');
INSERT INTO doctor VALUES ('D-00000257');
INSERT INTO employee_address VALUES ('D-00000257', 'Stevenchester', '735 Sullivan Station');
INSERT INTO employee_phoneno VALUES ('D-00000257', '+1-(446)-623-1358');
INSERT INTO doctor_consultant VALUES ('D-00000257', 'Pathology');
INSERT INTO employee VALUES ('D-00000258', 'Michael', 'Carrillo', 'Doctor');
INSERT INTO doctor VALUES ('D-00000258');
INSERT INTO employee_address VALUES ('D-00000258', 'North Grantburgh', '5092 Clarke Estates Suite 589');
INSERT INTO employee_phoneno VALUES ('D-00000258', '+1-(138)-643-4413');
INSERT INTO doctor_intern VALUES ('D-00000258');
INSERT INTO employee VALUES ('D-00000259', 'Brandy', 'Carr', 'Doctor');
INSERT INTO doctor VALUES ('D-00000259');
INSERT INTO employee_address VALUES ('D-00000259', 'Port David', '8415 Justin Cove Suite 847');
INSERT INTO employee_phoneno VALUES ('D-00000259', '+1-(969)-351-3828');
INSERT INTO doctor_resident VALUES ('D-00000259');
INSERT INTO employee VALUES ('D-00000260', 'Lawrence', 'Hernandez', 'Doctor');
INSERT INTO doctor VALUES ('D-00000260');
INSERT INTO employee_address VALUES ('D-00000260', 'South Anthonyberg', '463 Campbell Island Apt. 892');
INSERT INTO employee_phoneno VALUES ('D-00000260', '+1-(187)-594-0922');
INSERT INTO doctor_consultant VALUES ('D-00000260', 'Cardiology');
INSERT INTO employee VALUES ('D-00000261', 'Debra', 'Schneider', 'Doctor');
INSERT INTO doctor VALUES ('D-00000261');
INSERT INTO employee_address VALUES ('D-00000261', 'South Kyle', '81568 Jamie Underpass Suite 721');
INSERT INTO employee_phoneno VALUES ('D-00000261', '+1-(348)-950-2938');
INSERT INTO doctor_intern VALUES ('D-00000261');
INSERT INTO employee VALUES ('D-00000262', 'Ethan', 'Dunn', 'Doctor');
INSERT INTO doctor VALUES ('D-00000262');
INSERT INTO employee_address VALUES ('D-00000262', 'South Nathanborough', '7827 Stark Glen');
INSERT INTO employee_phoneno VALUES ('D-00000262', '+1-(523)-948-1646');
INSERT INTO doctor_resident VALUES ('D-00000262');
INSERT INTO employee VALUES ('D-00000263', 'Olivia', 'Simmons', 'Doctor');
INSERT INTO doctor VALUES ('D-00000263');
INSERT INTO employee_address VALUES ('D-00000263', 'North Debra', '306 Stephanie Curve');
INSERT INTO employee_phoneno VALUES ('D-00000263', '+1-(679)-531-5752');
INSERT INTO doctor_consultant VALUES ('D-00000263', 'Citology');
INSERT INTO employee VALUES ('D-00000264', 'Yvette', 'Bishop', 'Doctor');
INSERT INTO doctor VALUES ('D-00000264');
INSERT INTO employee_address VALUES ('D-00000264', 'West Elijah', '310 Robert Corners Apt. 514');
INSERT INTO employee_phoneno VALUES ('D-00000264', '+1-(119)-623-9306');
INSERT INTO doctor_intern VALUES ('D-00000264');
INSERT INTO employee VALUES ('D-00000265', 'Carlos', 'Martin', 'Doctor');
INSERT INTO doctor VALUES ('D-00000265');
INSERT INTO employee_address VALUES ('D-00000265', 'Jeremytown', '74927 Christine Locks Suite 005');
INSERT INTO employee_phoneno VALUES ('D-00000265', '+1-(389)-456-3943');
INSERT INTO doctor_resident VALUES ('D-00000265');
INSERT INTO employee VALUES ('D-00000266', 'Brooke', 'Campbell', 'Doctor');
INSERT INTO doctor VALUES ('D-00000266');
INSERT INTO employee_address VALUES ('D-00000266', 'New Andrea', '314 Jessica Run Suite 421');
INSERT INTO employee_phoneno VALUES ('D-00000266', '+1-(506)-112-5378');
INSERT INTO doctor_consultant VALUES ('D-00000266', 'Neurology');
INSERT INTO employee VALUES ('D-00000267', 'Sean', 'Smith', 'Doctor');
INSERT INTO doctor VALUES ('D-00000267');
INSERT INTO employee_address VALUES ('D-00000267', 'North Tinatown', '787 Murray Shores Suite 594');
INSERT INTO employee_phoneno VALUES ('D-00000267', '+1-(735)-526-0795');
INSERT INTO doctor_intern VALUES ('D-00000267');
INSERT INTO employee VALUES ('D-00000268', 'Joseph', 'Mendez', 'Doctor');
INSERT INTO doctor VALUES ('D-00000268');
INSERT INTO employee_address VALUES ('D-00000268', 'South Margaret', '8023 Stephanie Wells');
INSERT INTO employee_phoneno VALUES ('D-00000268', '+1-(659)-081-2027');
INSERT INTO doctor_resident VALUES ('D-00000268');
INSERT INTO employee VALUES ('D-00000269', 'Carl', 'Burke', 'Doctor');
INSERT INTO doctor VALUES ('D-00000269');
INSERT INTO employee_address VALUES ('D-00000269', 'New Walterfort', '341 Lyons Inlet');
INSERT INTO employee_phoneno VALUES ('D-00000269', '+1-(226)-907-5431');
INSERT INTO doctor_consultant VALUES ('D-00000269', 'Neurology');
INSERT INTO employee VALUES ('D-00000270', 'Teresa', 'Webster', 'Doctor');
INSERT INTO doctor VALUES ('D-00000270');
INSERT INTO employee_address VALUES ('D-00000270', 'West Timothy', '729 Herman Knoll');
INSERT INTO employee_phoneno VALUES ('D-00000270', '+1-(361)-953-1121');
INSERT INTO doctor_intern VALUES ('D-00000270');
INSERT INTO employee VALUES ('D-00000271', 'Jason', 'Montgomery', 'Doctor');
INSERT INTO doctor VALUES ('D-00000271');
INSERT INTO employee_address VALUES ('D-00000271', 'West Jennifer', '689 Miles Road Apt. 187');
INSERT INTO employee_phoneno VALUES ('D-00000271', '+1-(819)-514-2389');
INSERT INTO doctor_resident VALUES ('D-00000271');
INSERT INTO employee VALUES ('D-00000272', 'Jessica', 'Evans', 'Doctor');
INSERT INTO doctor VALUES ('D-00000272');
INSERT INTO employee_address VALUES ('D-00000272', 'Elizabethton', '102 Courtney Row Apt. 662');
INSERT INTO employee_phoneno VALUES ('D-00000272', '+1-(969)-639-7771');
INSERT INTO doctor_consultant VALUES ('D-00000272', 'Citology');
INSERT INTO employee VALUES ('D-00000273', 'Tina', 'Miller', 'Doctor');
INSERT INTO doctor VALUES ('D-00000273');
INSERT INTO employee_address VALUES ('D-00000273', 'Amandaville', '1220 Silva Canyon');
INSERT INTO employee_phoneno VALUES ('D-00000273', '+1-(961)-638-2131');
INSERT INTO doctor_intern VALUES ('D-00000273');
INSERT INTO employee VALUES ('D-00000274', 'Bailey', 'Walton', 'Doctor');
INSERT INTO doctor VALUES ('D-00000274');
INSERT INTO employee_address VALUES ('D-00000274', 'New Amy', '46382 Fernandez Throughway Suite 094');
INSERT INTO employee_phoneno VALUES ('D-00000274', '+1-(376)-296-3581');
INSERT INTO doctor_resident VALUES ('D-00000274');
INSERT INTO employee VALUES ('D-00000275', 'Steven', 'Cox', 'Doctor');
INSERT INTO doctor VALUES ('D-00000275');
INSERT INTO employee_address VALUES ('D-00000275', 'New Tonyfort', '8753 Mullins Ville');
INSERT INTO employee_phoneno VALUES ('D-00000275', '+1-(287)-179-6873');
INSERT INTO doctor_consultant VALUES ('D-00000275', 'Pathology');
INSERT INTO employee VALUES ('D-00000276', 'Ashley', 'Acosta', 'Doctor');
INSERT INTO doctor VALUES ('D-00000276');
INSERT INTO employee_address VALUES ('D-00000276', 'North Hannah', '28124 Lopez Haven');
INSERT INTO employee_phoneno VALUES ('D-00000276', '+1-(974)-517-3706');
INSERT INTO doctor_intern VALUES ('D-00000276');
INSERT INTO employee VALUES ('D-00000277', 'Michael', 'Morgan', 'Doctor');
INSERT INTO doctor VALUES ('D-00000277');
INSERT INTO employee_address VALUES ('D-00000277', 'New Markberg', '21178 Ayala Cliffs');
INSERT INTO employee_phoneno VALUES ('D-00000277', '+1-(520)-380-8919');
INSERT INTO doctor_resident VALUES ('D-00000277');
INSERT INTO employee VALUES ('D-00000278', 'Gregory', 'Cannon', 'Doctor');
INSERT INTO doctor VALUES ('D-00000278');
INSERT INTO employee_address VALUES ('D-00000278', 'West Rachel', '49727 Bryant Squares Suite 052');
INSERT INTO employee_phoneno VALUES ('D-00000278', '+1-(963)-605-6335');
INSERT INTO doctor_consultant VALUES ('D-00000278', 'Neurology');
INSERT INTO employee VALUES ('D-00000279', 'Breanna', 'Smith', 'Doctor');
INSERT INTO doctor VALUES ('D-00000279');
INSERT INTO employee_address VALUES ('D-00000279', 'Henryview', '5841 Rowland Radial');
INSERT INTO employee_phoneno VALUES ('D-00000279', '+1-(598)-182-6241');
INSERT INTO doctor_intern VALUES ('D-00000279');
INSERT INTO employee VALUES ('D-00000280', 'Abigail', 'Manning', 'Doctor');
INSERT INTO doctor VALUES ('D-00000280');
INSERT INTO employee_address VALUES ('D-00000280', 'Victorside', '109 Amanda Corner');
INSERT INTO employee_phoneno VALUES ('D-00000280', '+1-(675)-976-9797');
INSERT INTO doctor_resident VALUES ('D-00000280');
INSERT INTO employee VALUES ('D-00000281', 'Jacob', 'Dunn', 'Doctor');
INSERT INTO doctor VALUES ('D-00000281');
INSERT INTO employee_address VALUES ('D-00000281', 'West Zacharyfort', '98466 Avila Plaza');
INSERT INTO employee_phoneno VALUES ('D-00000281', '+1-(227)-019-6287');
INSERT INTO doctor_consultant VALUES ('D-00000281', 'Citology');
INSERT INTO employee VALUES ('D-00000282', 'Jennifer', 'Sanchez', 'Doctor');
INSERT INTO doctor VALUES ('D-00000282');
INSERT INTO employee_address VALUES ('D-00000282', 'Bradleyhaven', '8090 Lawson Drive Apt. 851');
INSERT INTO employee_phoneno VALUES ('D-00000282', '+1-(737)-148-1168');
INSERT INTO doctor_intern VALUES ('D-00000282');
INSERT INTO employee VALUES ('D-00000283', 'Carrie', 'Morris', 'Doctor');
INSERT INTO doctor VALUES ('D-00000283');
INSERT INTO employee_address VALUES ('D-00000283', 'East Jamesville', '8713 Key Crescent');
INSERT INTO employee_phoneno VALUES ('D-00000283', '+1-(377)-362-0831');
INSERT INTO doctor_resident VALUES ('D-00000283');
INSERT INTO employee VALUES ('D-00000284', 'David', 'Keith', 'Doctor');
INSERT INTO doctor VALUES ('D-00000284');
INSERT INTO employee_address VALUES ('D-00000284', 'Barneston', '2415 Graham Lights Suite 306');
INSERT INTO employee_phoneno VALUES ('D-00000284', '+1-(934)-291-3476');
INSERT INTO doctor_consultant VALUES ('D-00000284', 'Dermatology');
INSERT INTO employee VALUES ('D-00000285', 'Jerry', 'Holloway', 'Doctor');
INSERT INTO doctor VALUES ('D-00000285');
INSERT INTO employee_address VALUES ('D-00000285', 'Bradleyfurt', '38074 Bishop Trace');
INSERT INTO employee_phoneno VALUES ('D-00000285', '+1-(778)-548-7733');
INSERT INTO doctor_intern VALUES ('D-00000285');
INSERT INTO employee VALUES ('D-00000286', 'Paula', 'Barker', 'Doctor');
INSERT INTO doctor VALUES ('D-00000286');
INSERT INTO employee_address VALUES ('D-00000286', 'Susanburgh', '6995 Perez Views Apt. 176');
INSERT INTO employee_phoneno VALUES ('D-00000286', '+1-(599)-202-6958');
INSERT INTO doctor_resident VALUES ('D-00000286');
INSERT INTO employee VALUES ('D-00000287', 'Raymond', 'Franco', 'Doctor');
INSERT INTO doctor VALUES ('D-00000287');
INSERT INTO employee_address VALUES ('D-00000287', 'Stevenborough', '09048 Guerra Locks Apt. 268');
INSERT INTO employee_phoneno VALUES ('D-00000287', '+1-(414)-655-0668');
INSERT INTO doctor_consultant VALUES ('D-00000287', 'Dermatology');
INSERT INTO employee VALUES ('D-00000288', 'Monique', 'Cannon', 'Doctor');
INSERT INTO doctor VALUES ('D-00000288');
INSERT INTO employee_address VALUES ('D-00000288', 'South Joeton', '9432 Warren Extension');
INSERT INTO employee_phoneno VALUES ('D-00000288', '+1-(654)-565-6196');
INSERT INTO doctor_intern VALUES ('D-00000288');
INSERT INTO employee VALUES ('D-00000289', 'Megan', 'Griffin', 'Doctor');
INSERT INTO doctor VALUES ('D-00000289');
INSERT INTO employee_address VALUES ('D-00000289', 'New Jenna', '39259 Janet Passage Suite 498');
INSERT INTO employee_phoneno VALUES ('D-00000289', '+1-(882)-432-9571');
INSERT INTO doctor_resident VALUES ('D-00000289');
INSERT INTO employee VALUES ('D-00000290', 'Jennifer', 'Ellison', 'Doctor');
INSERT INTO doctor VALUES ('D-00000290');
INSERT INTO employee_address VALUES ('D-00000290', 'North Michaelshire', '127 Johnson Ranch');
INSERT INTO employee_phoneno VALUES ('D-00000290', '+1-(835)-543-2201');
INSERT INTO doctor_consultant VALUES ('D-00000290', 'Citology');
INSERT INTO employee VALUES ('D-00000291', 'Nicholas', 'Bradshaw', 'Doctor');
INSERT INTO doctor VALUES ('D-00000291');
INSERT INTO employee_address VALUES ('D-00000291', 'Coryhaven', '5751 Blackburn Freeway');
INSERT INTO employee_phoneno VALUES ('D-00000291', '+1-(557)-156-5998');
INSERT INTO doctor_intern VALUES ('D-00000291');
INSERT INTO employee VALUES ('D-00000292', 'Angela', 'Harris', 'Doctor');
INSERT INTO doctor VALUES ('D-00000292');
INSERT INTO employee_address VALUES ('D-00000292', 'Hillborough', '34075 Smith Pike');
INSERT INTO employee_phoneno VALUES ('D-00000292', '+1-(563)-386-8793');
INSERT INTO doctor_resident VALUES ('D-00000292');
INSERT INTO employee VALUES ('D-00000293', 'Carla', 'Jacobson', 'Doctor');
INSERT INTO doctor VALUES ('D-00000293');
INSERT INTO employee_address VALUES ('D-00000293', 'Hayleyville', '204 Webb Station');
INSERT INTO employee_phoneno VALUES ('D-00000293', '+1-(453)-304-3020');
INSERT INTO doctor_consultant VALUES ('D-00000293', 'Citology');
INSERT INTO employee VALUES ('D-00000294', 'Jamie', 'Ross', 'Doctor');
INSERT INTO doctor VALUES ('D-00000294');
INSERT INTO employee_address VALUES ('D-00000294', 'Stephaniefort', '2005 Duran Glen');
INSERT INTO employee_phoneno VALUES ('D-00000294', '+1-(360)-462-9893');
INSERT INTO doctor_intern VALUES ('D-00000294');
INSERT INTO employee VALUES ('D-00000295', 'Randall', 'Bridges', 'Doctor');
INSERT INTO doctor VALUES ('D-00000295');
INSERT INTO employee_address VALUES ('D-00000295', 'Kaitlinton', '53583 Johnson Trail');
INSERT INTO employee_phoneno VALUES ('D-00000295', '+1-(659)-281-2891');
INSERT INTO doctor_resident VALUES ('D-00000295');
INSERT INTO employee VALUES ('D-00000296', 'Rose', 'Greene', 'Doctor');
INSERT INTO doctor VALUES ('D-00000296');
INSERT INTO employee_address VALUES ('D-00000296', 'Port Stevenmouth', '76023 Choi Fort');
INSERT INTO employee_phoneno VALUES ('D-00000296', '+1-(287)-859-1935');
INSERT INTO doctor_consultant VALUES ('D-00000296', 'Anethisology');
INSERT INTO employee VALUES ('D-00000297', 'Jennifer', 'Mcguire', 'Doctor');
INSERT INTO doctor VALUES ('D-00000297');
INSERT INTO employee_address VALUES ('D-00000297', 'Laurenfurt', '003 Miller Inlet Apt. 489');
INSERT INTO employee_phoneno VALUES ('D-00000297', '+1-(549)-122-8545');
INSERT INTO doctor_intern VALUES ('D-00000297');
INSERT INTO employee VALUES ('D-00000298', 'Lonnie', 'Velez', 'Doctor');
INSERT INTO doctor VALUES ('D-00000298');
INSERT INTO employee_address VALUES ('D-00000298', 'Klineburgh', '513 Daniel Mission');
INSERT INTO employee_phoneno VALUES ('D-00000298', '+1-(272)-775-6441');
INSERT INTO doctor_resident VALUES ('D-00000298');
INSERT INTO employee VALUES ('D-00000299', 'Justin', 'Banks', 'Doctor');
INSERT INTO doctor VALUES ('D-00000299');
INSERT INTO employee_address VALUES ('D-00000299', 'Erinshire', '15887 Randall Spring Suite 957');
INSERT INTO employee_phoneno VALUES ('D-00000299', '+1-(567)-211-6772');
INSERT INTO doctor_consultant VALUES ('D-00000299', 'Citology');
INSERT INTO employee VALUES ('D-00000300', 'Carol', 'Nguyen', 'Doctor');
INSERT INTO doctor VALUES ('D-00000300');
INSERT INTO employee_address VALUES ('D-00000300', 'South Stephen', '291 Haynes Manor');
INSERT INTO employee_phoneno VALUES ('D-00000300', '+1-(427)-160-4045');
INSERT INTO doctor_intern VALUES ('D-00000300');
INSERT INTO employee VALUES ('D-00000301', 'Sean', 'Hodges', 'Doctor');
INSERT INTO doctor VALUES ('D-00000301');
INSERT INTO employee_address VALUES ('D-00000301', 'Leeside', '669 Alisha Parkway Suite 382');
INSERT INTO employee_phoneno VALUES ('D-00000301', '+1-(969)-707-8088');
INSERT INTO doctor_resident VALUES ('D-00000301');
INSERT INTO employee VALUES ('D-00000302', 'Jason', 'Austin', 'Doctor');
INSERT INTO doctor VALUES ('D-00000302');
INSERT INTO employee_address VALUES ('D-00000302', 'Port Joyceborough', '457 Carter Union');
INSERT INTO employee_phoneno VALUES ('D-00000302', '+1-(416)-638-0996');
INSERT INTO doctor_consultant VALUES ('D-00000302', 'Pathology');
INSERT INTO employee VALUES ('D-00000303', 'Erica', 'Mason', 'Doctor');
INSERT INTO doctor VALUES ('D-00000303');
INSERT INTO employee_address VALUES ('D-00000303', 'South Timothybury', '66682 Jared Place');
INSERT INTO employee_phoneno VALUES ('D-00000303', '+1-(213)-434-0347');
INSERT INTO doctor_intern VALUES ('D-00000303');
INSERT INTO employee VALUES ('D-00000304', 'Zachary', 'Riley', 'Doctor');
INSERT INTO doctor VALUES ('D-00000304');
INSERT INTO employee_address VALUES ('D-00000304', 'West Melissabury', '8286 Michelle Meadows');
INSERT INTO employee_phoneno VALUES ('D-00000304', '+1-(873)-776-2963');
INSERT INTO doctor_resident VALUES ('D-00000304');
INSERT INTO employee VALUES ('D-00000305', 'Marissa', 'Robinson', 'Doctor');
INSERT INTO doctor VALUES ('D-00000305');
INSERT INTO employee_address VALUES ('D-00000305', 'South Joshuaburgh', '7904 Patrick Motorway');
INSERT INTO employee_phoneno VALUES ('D-00000305', '+1-(659)-150-2086');
INSERT INTO doctor_consultant VALUES ('D-00000305', 'Dermatology');
INSERT INTO employee VALUES ('D-00000306', 'Carolyn', 'Smith', 'Doctor');
INSERT INTO doctor VALUES ('D-00000306');
INSERT INTO employee_address VALUES ('D-00000306', 'West William', '355 Martin Stravenue Suite 529');
INSERT INTO employee_phoneno VALUES ('D-00000306', '+1-(726)-286-0465');
INSERT INTO doctor_intern VALUES ('D-00000306');
INSERT INTO employee VALUES ('D-00000307', 'Danielle', 'Carlson', 'Doctor');
INSERT INTO doctor VALUES ('D-00000307');
INSERT INTO employee_address VALUES ('D-00000307', 'Brownburgh', '3563 Michelle Radial Suite 734');
INSERT INTO employee_phoneno VALUES ('D-00000307', '+1-(140)-015-3560');
INSERT INTO doctor_resident VALUES ('D-00000307');
INSERT INTO employee VALUES ('D-00000308', 'Curtis', 'Sanders', 'Doctor');
INSERT INTO doctor VALUES ('D-00000308');
INSERT INTO employee_address VALUES ('D-00000308', 'Roberthaven', '5096 Thompson Port Apt. 889');
INSERT INTO employee_phoneno VALUES ('D-00000308', '+1-(626)-697-2508');
INSERT INTO doctor_consultant VALUES ('D-00000308', 'Neurology');
INSERT INTO employee VALUES ('D-00000309', 'Randy', 'Church', 'Doctor');
INSERT INTO doctor VALUES ('D-00000309');
INSERT INTO employee_address VALUES ('D-00000309', 'South Dalehaven', '455 Kaufman Crest Apt. 124');
INSERT INTO employee_phoneno VALUES ('D-00000309', '+1-(608)-191-5306');
INSERT INTO doctor_intern VALUES ('D-00000309');
INSERT INTO employee VALUES ('D-00000310', 'Eric', 'Thomas', 'Doctor');
INSERT INTO doctor VALUES ('D-00000310');
INSERT INTO employee_address VALUES ('D-00000310', 'Aaronside', '044 Nicholson Creek');
INSERT INTO employee_phoneno VALUES ('D-00000310', '+1-(991)-993-2154');
INSERT INTO doctor_resident VALUES ('D-00000310');
INSERT INTO employee VALUES ('D-00000311', 'Mary', 'Tyler', 'Doctor');
INSERT INTO doctor VALUES ('D-00000311');
INSERT INTO employee_address VALUES ('D-00000311', 'East Michaelfurt', '0746 Brewer Views');
INSERT INTO employee_phoneno VALUES ('D-00000311', '+1-(360)-309-1245');
INSERT INTO doctor_consultant VALUES ('D-00000311', 'Pathology');
INSERT INTO employee VALUES ('D-00000312', 'Tiffany', 'Nguyen', 'Doctor');
INSERT INTO doctor VALUES ('D-00000312');
INSERT INTO employee_address VALUES ('D-00000312', 'New Abigailbury', '3821 Tamara Ports Apt. 102');
INSERT INTO employee_phoneno VALUES ('D-00000312', '+1-(390)-999-1886');
INSERT INTO doctor_intern VALUES ('D-00000312');
INSERT INTO employee VALUES ('D-00000313', 'Christopher', 'Sandoval', 'Doctor');
INSERT INTO doctor VALUES ('D-00000313');
INSERT INTO employee_address VALUES ('D-00000313', 'Port Adam', '2866 Michelle Point Apt. 679');
INSERT INTO employee_phoneno VALUES ('D-00000313', '+1-(141)-988-0082');
INSERT INTO doctor_resident VALUES ('D-00000313');
INSERT INTO employee VALUES ('D-00000314', 'George', 'Pittman', 'Doctor');
INSERT INTO doctor VALUES ('D-00000314');
INSERT INTO employee_address VALUES ('D-00000314', 'Johnland', '372 Jacob Pines Apt. 059');
INSERT INTO employee_phoneno VALUES ('D-00000314', '+1-(252)-00-1-6824');
INSERT INTO doctor_consultant VALUES ('D-00000314', 'Anethisology');
INSERT INTO employee VALUES ('D-00000315', 'Richard', 'Marshall', 'Doctor');
INSERT INTO doctor VALUES ('D-00000315');
INSERT INTO employee_address VALUES ('D-00000315', 'Edwardberg', '18121 Baker Loop');
INSERT INTO employee_phoneno VALUES ('D-00000315', '+1-(216)-077-4120');
INSERT INTO doctor_intern VALUES ('D-00000315');
INSERT INTO employee VALUES ('D-00000316', 'Christy', 'Obrien', 'Doctor');
INSERT INTO doctor VALUES ('D-00000316');
INSERT INTO employee_address VALUES ('D-00000316', 'West Amy', '943 Joseph Freeway Suite 926');
INSERT INTO employee_phoneno VALUES ('D-00000316', '+1-(903)-035-9415');
INSERT INTO doctor_resident VALUES ('D-00000316');
INSERT INTO employee VALUES ('D-00000317', 'Amy', 'Robinson', 'Doctor');
INSERT INTO doctor VALUES ('D-00000317');
INSERT INTO employee_address VALUES ('D-00000317', 'Lake Michelefurt', '484 Oscar Stravenue');
INSERT INTO employee_phoneno VALUES ('D-00000317', '+1-(317)-349-9498');
INSERT INTO doctor_consultant VALUES ('D-00000317', 'Citology');
INSERT INTO employee VALUES ('D-00000318', 'Sheena', 'Scott', 'Doctor');
INSERT INTO doctor VALUES ('D-00000318');
INSERT INTO employee_address VALUES ('D-00000318', 'Lake Keith', '833 Delacruz Skyway Apt. 367');
INSERT INTO employee_phoneno VALUES ('D-00000318', '+1-(789)-847-6686');
INSERT INTO doctor_intern VALUES ('D-00000318');
INSERT INTO employee VALUES ('D-00000319', 'Donald', 'Armstrong', 'Doctor');
INSERT INTO doctor VALUES ('D-00000319');
INSERT INTO employee_address VALUES ('D-00000319', 'Alvarezbury', '1817 Williamson Fall');
INSERT INTO employee_phoneno VALUES ('D-00000319', '+1-(153)-057-8466');
INSERT INTO doctor_resident VALUES ('D-00000319');
INSERT INTO employee VALUES ('D-00000320', 'Robert', 'Wilson', 'Doctor');
INSERT INTO doctor VALUES ('D-00000320');
INSERT INTO employee_address VALUES ('D-00000320', 'North Samuelview', '549 Scott Views');
INSERT INTO employee_phoneno VALUES ('D-00000320', '+1-(683)-973-8820');
INSERT INTO doctor_consultant VALUES ('D-00000320', 'Dermatology');
INSERT INTO employee VALUES ('D-00000321', 'Eric', 'Ellis', 'Doctor');
INSERT INTO doctor VALUES ('D-00000321');
INSERT INTO employee_address VALUES ('D-00000321', 'Lake Jamieville', '083 Brown Mission');
INSERT INTO employee_phoneno VALUES ('D-00000321', '+1-(175)-931-5530');
INSERT INTO doctor_intern VALUES ('D-00000321');
INSERT INTO employee VALUES ('D-00000322', 'Thomas', 'Hampton', 'Doctor');
INSERT INTO doctor VALUES ('D-00000322');
INSERT INTO employee_address VALUES ('D-00000322', 'Danielbury', '028 Jacobs Loaf');
INSERT INTO employee_phoneno VALUES ('D-00000322', '+1-(235)-172-9587');
INSERT INTO doctor_resident VALUES ('D-00000322');
INSERT INTO employee VALUES ('D-00000323', 'Cody', 'Pollard', 'Doctor');
INSERT INTO doctor VALUES ('D-00000323');
INSERT INTO employee_address VALUES ('D-00000323', 'East Angelatown', '2842 Ford Loaf');
INSERT INTO employee_phoneno VALUES ('D-00000323', '+1-(790)-377-8283');
INSERT INTO doctor_consultant VALUES ('D-00000323', 'Anethisology');
INSERT INTO employee VALUES ('D-00000324', 'Suzanne', 'Sanchez', 'Doctor');
INSERT INTO doctor VALUES ('D-00000324');
INSERT INTO employee_address VALUES ('D-00000324', 'West Samuel', '199 Campbell Course');
INSERT INTO employee_phoneno VALUES ('D-00000324', '+1-(118)-788-3060');
INSERT INTO doctor_intern VALUES ('D-00000324');
INSERT INTO employee VALUES ('D-00000325', 'Scott', 'Perez', 'Doctor');
INSERT INTO doctor VALUES ('D-00000325');
INSERT INTO employee_address VALUES ('D-00000325', 'East Henryton', '9874 Orozco Walk Suite 090');
INSERT INTO employee_phoneno VALUES ('D-00000325', '+1-(255)-210-1249');
INSERT INTO doctor_resident VALUES ('D-00000325');
INSERT INTO employee VALUES ('D-00000326', 'Patrick', 'Christensen', 'Doctor');
INSERT INTO doctor VALUES ('D-00000326');
INSERT INTO employee_address VALUES ('D-00000326', 'Richardsonshire', '98727 Shawn Hill');
INSERT INTO employee_phoneno VALUES ('D-00000326', '+1-(203)-833-4011');
INSERT INTO doctor_consultant VALUES ('D-00000326', 'Cardiology');
INSERT INTO employee VALUES ('D-00000327', 'Patrick', 'Mcguire', 'Doctor');
INSERT INTO doctor VALUES ('D-00000327');
INSERT INTO employee_address VALUES ('D-00000327', 'Lake Garyborough', '53297 Michael Village');
INSERT INTO employee_phoneno VALUES ('D-00000327', '+1-(765)-743-4220');
INSERT INTO doctor_intern VALUES ('D-00000327');
INSERT INTO employee VALUES ('D-00000328', 'Sarah', 'Howe', 'Doctor');
INSERT INTO doctor VALUES ('D-00000328');
INSERT INTO employee_address VALUES ('D-00000328', 'Rogersmouth', '0725 Aaron Glens');
INSERT INTO employee_phoneno VALUES ('D-00000328', '+1-(205)-304-3289');
INSERT INTO doctor_resident VALUES ('D-00000328');
INSERT INTO employee VALUES ('D-00000329', 'Susan', 'Powers', 'Doctor');
INSERT INTO doctor VALUES ('D-00000329');
INSERT INTO employee_address VALUES ('D-00000329', 'North Natalieview', '7704 Kyle Spur');
INSERT INTO employee_phoneno VALUES ('D-00000329', '+1-(363)-477-2997');
INSERT INTO doctor_consultant VALUES ('D-00000329', 'Anethisology');
INSERT INTO employee VALUES ('D-00000330', 'Vanessa', 'Smith', 'Doctor');
INSERT INTO doctor VALUES ('D-00000330');
INSERT INTO employee_address VALUES ('D-00000330', 'Copelandstad', '375 Tara Glen');
INSERT INTO employee_phoneno VALUES ('D-00000330', '+1-(542)-733-4758');
INSERT INTO doctor_intern VALUES ('D-00000330');
INSERT INTO employee VALUES ('D-00000331', 'Crystal', 'Williams', 'Doctor');
INSERT INTO doctor VALUES ('D-00000331');
INSERT INTO employee_address VALUES ('D-00000331', 'Reedland', '73336 Victoria Loop');
INSERT INTO employee_phoneno VALUES ('D-00000331', '+1-(990)-666-5676');
INSERT INTO doctor_resident VALUES ('D-00000331');
INSERT INTO employee VALUES ('D-00000332', 'Cheryl', 'Wilson', 'Doctor');
INSERT INTO doctor VALUES ('D-00000332');
INSERT INTO employee_address VALUES ('D-00000332', 'Jodiland', '6533 Loretta Village Apt. 936');
INSERT INTO employee_phoneno VALUES ('D-00000332', '+1-(637)-865-4532');
INSERT INTO doctor_consultant VALUES ('D-00000332', 'Pathology');
INSERT INTO employee VALUES ('D-00000333', 'Joshua', 'Smith', 'Doctor');
INSERT INTO doctor VALUES ('D-00000333');
INSERT INTO employee_address VALUES ('D-00000333', 'South Sarahshire', '61987 Jeffrey Views Suite 037');
INSERT INTO employee_phoneno VALUES ('D-00000333', '+1-(989)-583-7725');
INSERT INTO doctor_intern VALUES ('D-00000333');
INSERT INTO employee VALUES ('D-00000334', 'Mark', 'Simpson', 'Doctor');
INSERT INTO doctor VALUES ('D-00000334');
INSERT INTO employee_address VALUES ('D-00000334', 'Thomaston', '5251 Karen Wells Suite 378');
INSERT INTO employee_phoneno VALUES ('D-00000334', '+1-(625)-382-5136');
INSERT INTO doctor_resident VALUES ('D-00000334');
INSERT INTO employee VALUES ('D-00000335', 'Heidi', 'Herring', 'Doctor');
INSERT INTO doctor VALUES ('D-00000335');
INSERT INTO employee_address VALUES ('D-00000335', 'Frankmouth', '01028 Mcconnell Fall');
INSERT INTO employee_phoneno VALUES ('D-00000335', '+1-(724)-369-4088');
INSERT INTO doctor_consultant VALUES ('D-00000335', 'Pathology');
INSERT INTO employee VALUES ('D-00000336', 'Charles', 'Smith', 'Doctor');
INSERT INTO doctor VALUES ('D-00000336');
INSERT INTO employee_address VALUES ('D-00000336', 'North Georgeburgh', '947 Jacob Corner');
INSERT INTO employee_phoneno VALUES ('D-00000336', '+1-(632)-648-8663');
INSERT INTO doctor_intern VALUES ('D-00000336');
INSERT INTO employee VALUES ('D-00000337', 'Jeffery', 'Sheppard', 'Doctor');
INSERT INTO doctor VALUES ('D-00000337');
INSERT INTO employee_address VALUES ('D-00000337', 'West Michelehaven', '51355 Amanda Turnpike Suite 528');
INSERT INTO employee_phoneno VALUES ('D-00000337', '+1-(548)-305-8071');
INSERT INTO doctor_resident VALUES ('D-00000337');
INSERT INTO employee VALUES ('D-00000338', 'Samantha', 'Thompson', 'Doctor');
INSERT INTO doctor VALUES ('D-00000338');
INSERT INTO employee_address VALUES ('D-00000338', 'West Lisaland', '2928 Nicole Alley');
INSERT INTO employee_phoneno VALUES ('D-00000338', '+1-(419)-975-1829');
INSERT INTO doctor_consultant VALUES ('D-00000338', 'Cardiology');
INSERT INTO employee VALUES ('D-00000339', 'Heather', 'Walter', 'Doctor');
INSERT INTO doctor VALUES ('D-00000339');
INSERT INTO employee_address VALUES ('D-00000339', 'Fergusonton', '05155 Alvarez Place');
INSERT INTO employee_phoneno VALUES ('D-00000339', '+1-(914)-552-5822');
INSERT INTO doctor_intern VALUES ('D-00000339');
INSERT INTO employee VALUES ('D-00000340', 'Billy', 'Garrett', 'Doctor');
INSERT INTO doctor VALUES ('D-00000340');
INSERT INTO employee_address VALUES ('D-00000340', 'Kimberlyshire', '78971 Joel Ville');
INSERT INTO employee_phoneno VALUES ('D-00000340', '+1-(948)-723-5989');
INSERT INTO doctor_resident VALUES ('D-00000340');
INSERT INTO employee VALUES ('D-00000341', 'Diane', 'Lowe', 'Doctor');
INSERT INTO doctor VALUES ('D-00000341');
INSERT INTO employee_address VALUES ('D-00000341', 'North Amyland', '04107 Kelley Roads Apt. 527');
INSERT INTO employee_phoneno VALUES ('D-00000341', '+1-(526)-443-3948');
INSERT INTO doctor_consultant VALUES ('D-00000341', 'Pathology');
INSERT INTO employee VALUES ('D-00000342', 'Kristin', 'Garcia', 'Doctor');
INSERT INTO doctor VALUES ('D-00000342');
INSERT INTO employee_address VALUES ('D-00000342', 'Port Jeffrey', '00050 Vega Crescent Suite 877');
INSERT INTO employee_phoneno VALUES ('D-00000342', '+1-(674)-283-5713');
INSERT INTO doctor_intern VALUES ('D-00000342');
INSERT INTO employee VALUES ('D-00000343', 'Mary', 'Wright', 'Doctor');
INSERT INTO doctor VALUES ('D-00000343');
INSERT INTO employee_address VALUES ('D-00000343', 'Harrisstad', '6521 Patterson Streets');
INSERT INTO employee_phoneno VALUES ('D-00000343', '+1-(481)-541-9992');
INSERT INTO doctor_resident VALUES ('D-00000343');
INSERT INTO employee VALUES ('D-00000344', 'Rachel', 'Jones', 'Doctor');
INSERT INTO doctor VALUES ('D-00000344');
INSERT INTO employee_address VALUES ('D-00000344', 'Kellymouth', '81631 Richardson Haven');
INSERT INTO employee_phoneno VALUES ('D-00000344', '+1-(580)-454-9281');
INSERT INTO doctor_consultant VALUES ('D-00000344', 'Citology');
INSERT INTO employee VALUES ('D-00000345', 'Beth', 'Reynolds', 'Doctor');
INSERT INTO doctor VALUES ('D-00000345');
INSERT INTO employee_address VALUES ('D-00000345', 'South Patrick', '4435 Peter Centers Suite 008');
INSERT INTO employee_phoneno VALUES ('D-00000345', '+1-(208)-167-0207');
INSERT INTO doctor_intern VALUES ('D-00000345');
INSERT INTO employee VALUES ('D-00000346', 'Jason', 'Chavez', 'Doctor');
INSERT INTO doctor VALUES ('D-00000346');
INSERT INTO employee_address VALUES ('D-00000346', 'Port Samuel', '1697 Sherry Glen');
INSERT INTO employee_phoneno VALUES ('D-00000346', '+1-(207)-671-6116');
INSERT INTO doctor_resident VALUES ('D-00000346');
INSERT INTO employee VALUES ('D-00000347', 'Jill', 'Huber', 'Doctor');
INSERT INTO doctor VALUES ('D-00000347');
INSERT INTO employee_address VALUES ('D-00000347', 'Port Sierraside', '43435 Travis Hill Suite 725');
INSERT INTO employee_phoneno VALUES ('D-00000347', '+1-(625)-735-0700');
INSERT INTO doctor_consultant VALUES ('D-00000347', 'Neurology');
INSERT INTO employee VALUES ('D-00000348', 'Richard', 'Morgan', 'Doctor');
INSERT INTO doctor VALUES ('D-00000348');
INSERT INTO employee_address VALUES ('D-00000348', 'Jessicaborough', '04252 Timothy Orchard Apt. 412');
INSERT INTO employee_phoneno VALUES ('D-00000348', '+1-(593)-662-1598');
INSERT INTO doctor_intern VALUES ('D-00000348');
INSERT INTO employee VALUES ('D-00000349', 'Douglas', 'Marshall', 'Doctor');
INSERT INTO doctor VALUES ('D-00000349');
INSERT INTO employee_address VALUES ('D-00000349', 'Port Kelly', '31016 Ramirez Extensions Suite 161');
INSERT INTO employee_phoneno VALUES ('D-00000349', '+1-(355)-971-6746');
INSERT INTO doctor_resident VALUES ('D-00000349');
INSERT INTO employee VALUES ('D-00000350', 'Courtney', 'Howe', 'Doctor');
INSERT INTO doctor VALUES ('D-00000350');
INSERT INTO employee_address VALUES ('D-00000350', 'Humphreyport', '6545 Victor Green Suite 521');
INSERT INTO employee_phoneno VALUES ('D-00000350', '+1-(918)-811-7682');
INSERT INTO doctor_consultant VALUES ('D-00000350', 'Citology');
INSERT INTO employee VALUES ('D-00000351', 'Leonard', 'Gray', 'Doctor');
INSERT INTO doctor VALUES ('D-00000351');
INSERT INTO employee_address VALUES ('D-00000351', 'Jacksonbury', '130 Harrington Locks');
INSERT INTO employee_phoneno VALUES ('D-00000351', '+1-(190)-576-3638');
INSERT INTO doctor_intern VALUES ('D-00000351');
INSERT INTO employee VALUES ('D-00000352', 'John', 'Mitchell', 'Doctor');
INSERT INTO doctor VALUES ('D-00000352');
INSERT INTO employee_address VALUES ('D-00000352', 'Mooreborough', '1994 Amanda Point');
INSERT INTO employee_phoneno VALUES ('D-00000352', '+1-(270)-879-7630');
INSERT INTO doctor_resident VALUES ('D-00000352');
INSERT INTO employee VALUES ('D-00000353', 'Randall', 'Escobar', 'Doctor');
INSERT INTO doctor VALUES ('D-00000353');
INSERT INTO employee_address VALUES ('D-00000353', 'North Sierrabury', '943 Grant Circle');
INSERT INTO employee_phoneno VALUES ('D-00000353', '+1-(494)-529-7157');
INSERT INTO doctor_consultant VALUES ('D-00000353', 'Anethisology');
INSERT INTO employee VALUES ('D-00000354', 'Pamela', 'Bridges', 'Doctor');
INSERT INTO doctor VALUES ('D-00000354');
INSERT INTO employee_address VALUES ('D-00000354', 'South Courtneystad', '0374 Stephanie Squares');
INSERT INTO employee_phoneno VALUES ('D-00000354', '+1-(158)-238-3859');
INSERT INTO doctor_intern VALUES ('D-00000354');
INSERT INTO employee VALUES ('D-00000355', 'Anthony', 'Massey', 'Doctor');
INSERT INTO doctor VALUES ('D-00000355');
INSERT INTO employee_address VALUES ('D-00000355', 'Benjaminchester', '7033 Torres Ways Apt. 587');
INSERT INTO employee_phoneno VALUES ('D-00000355', '+1-(408)-395-6207');
INSERT INTO doctor_resident VALUES ('D-00000355');
INSERT INTO employee VALUES ('D-00000356', 'Jacqueline', 'Mitchell', 'Doctor');
INSERT INTO doctor VALUES ('D-00000356');
INSERT INTO employee_address VALUES ('D-00000356', 'South Joseph', '4088 Salazar Lake Apt. 101');
INSERT INTO employee_phoneno VALUES ('D-00000356', '+1-(733)-976-6335');
INSERT INTO doctor_consultant VALUES ('D-00000356', 'Neurology');
INSERT INTO employee VALUES ('D-00000357', 'Dillon', 'Russell', 'Doctor');
INSERT INTO doctor VALUES ('D-00000357');
INSERT INTO employee_address VALUES ('D-00000357', 'Angelamouth', '8315 Bradford Coves');
INSERT INTO employee_phoneno VALUES ('D-00000357', '+1-(295)-060-0418');
INSERT INTO doctor_intern VALUES ('D-00000357');
INSERT INTO employee VALUES ('D-00000358', 'Richard', 'Hanson', 'Doctor');
INSERT INTO doctor VALUES ('D-00000358');
INSERT INTO employee_address VALUES ('D-00000358', 'Ashleyside', '70904 West Turnpike');
INSERT INTO employee_phoneno VALUES ('D-00000358', '+1-(672)-079-8142');
INSERT INTO doctor_resident VALUES ('D-00000358');
INSERT INTO employee VALUES ('D-00000359', 'Kevin', 'Mitchell', 'Doctor');
INSERT INTO doctor VALUES ('D-00000359');
INSERT INTO employee_address VALUES ('D-00000359', 'Donaldsonbury', '3521 Erin Plaza');
INSERT INTO employee_phoneno VALUES ('D-00000359', '+1-(967)-333-6431');
INSERT INTO doctor_consultant VALUES ('D-00000359', 'Anethisology');
INSERT INTO employee VALUES ('D-00000360', 'Crystal', 'Snyder', 'Doctor');
INSERT INTO doctor VALUES ('D-00000360');
INSERT INTO employee_address VALUES ('D-00000360', 'West Candacebury', '6369 Spencer Parks');
INSERT INTO employee_phoneno VALUES ('D-00000360', '+1-(117)-736-1904');
INSERT INTO doctor_intern VALUES ('D-00000360');
INSERT INTO employee VALUES ('D-00000361', 'Amanda', 'Rojas', 'Doctor');
INSERT INTO doctor VALUES ('D-00000361');
INSERT INTO employee_address VALUES ('D-00000361', 'Boonestad', '218 Bell Via Suite 527');
INSERT INTO employee_phoneno VALUES ('D-00000361', '+1-(197)-759-0723');
INSERT INTO doctor_resident VALUES ('D-00000361');
INSERT INTO employee VALUES ('D-00000362', 'Seth', 'Rivera', 'Doctor');
INSERT INTO doctor VALUES ('D-00000362');
INSERT INTO employee_address VALUES ('D-00000362', 'Lake Craig', '6194 Jeremy Summit Apt. 921');
INSERT INTO employee_phoneno VALUES ('D-00000362', '+1-(624)-439-8924');
INSERT INTO doctor_consultant VALUES ('D-00000362', 'Anethisology');
INSERT INTO employee VALUES ('D-00000363', 'Philip', 'Lee', 'Doctor');
INSERT INTO doctor VALUES ('D-00000363');
INSERT INTO employee_address VALUES ('D-00000363', 'Ritaside', '4232 Lam Lodge');
INSERT INTO employee_phoneno VALUES ('D-00000363', '+1-(801)-151-9747');
INSERT INTO doctor_intern VALUES ('D-00000363');
INSERT INTO employee VALUES ('D-00000364', 'Jill', 'Parker', 'Doctor');
INSERT INTO doctor VALUES ('D-00000364');
INSERT INTO employee_address VALUES ('D-00000364', 'Lake Christinaburgh', '06081 Erika Club Apt. 716');
INSERT INTO employee_phoneno VALUES ('D-00000364', '+1-(318)-597-1944');
INSERT INTO doctor_resident VALUES ('D-00000364');
INSERT INTO employee VALUES ('D-00000365', 'Philip', 'Webb', 'Doctor');
INSERT INTO doctor VALUES ('D-00000365');
INSERT INTO employee_address VALUES ('D-00000365', 'Kellymouth', '4757 Gonzales Skyway');
INSERT INTO employee_phoneno VALUES ('D-00000365', '+1-(743)-130-8333');
INSERT INTO doctor_consultant VALUES ('D-00000365', 'Cardiology');
INSERT INTO employee VALUES ('D-00000366', 'Haley', 'Frank', 'Doctor');
INSERT INTO doctor VALUES ('D-00000366');
INSERT INTO employee_address VALUES ('D-00000366', 'East Mary', '012 Roberts Underpass Suite 751');
INSERT INTO employee_phoneno VALUES ('D-00000366', '+1-(304)-694-1368');
INSERT INTO doctor_intern VALUES ('D-00000366');
INSERT INTO employee VALUES ('D-00000367', 'Pamela', 'Goodwin', 'Doctor');
INSERT INTO doctor VALUES ('D-00000367');
INSERT INTO employee_address VALUES ('D-00000367', 'West Dennisstad', '368 David View Suite 007');
INSERT INTO employee_phoneno VALUES ('D-00000367', '+1-(583)-650-1740');
INSERT INTO doctor_resident VALUES ('D-00000367');
INSERT INTO employee VALUES ('D-00000368', 'Sara', 'Lloyd', 'Doctor');
INSERT INTO doctor VALUES ('D-00000368');
INSERT INTO employee_address VALUES ('D-00000368', 'Murphyhaven', '0402 Desiree Underpass Suite 422');
INSERT INTO employee_phoneno VALUES ('D-00000368', '+1-(288)-221-8547');
INSERT INTO doctor_consultant VALUES ('D-00000368', 'Dermatology');
INSERT INTO employee VALUES ('D-00000369', 'Karen', 'Castillo', 'Doctor');
INSERT INTO doctor VALUES ('D-00000369');
INSERT INTO employee_address VALUES ('D-00000369', 'Prestonmouth', '69539 Gonzalez Turnpike Suite 551');
INSERT INTO employee_phoneno VALUES ('D-00000369', '+1-(149)-162-9870');
INSERT INTO doctor_intern VALUES ('D-00000369');
INSERT INTO employee VALUES ('D-00000370', 'Benjamin', 'Turner', 'Doctor');
INSERT INTO doctor VALUES ('D-00000370');
INSERT INTO employee_address VALUES ('D-00000370', 'Richardshire', '51338 Joel Estate');
INSERT INTO employee_phoneno VALUES ('D-00000370', '+1-(408)-517-1086');
INSERT INTO doctor_resident VALUES ('D-00000370');
INSERT INTO employee VALUES ('D-00000371', 'Hannah', 'Farmer', 'Doctor');
INSERT INTO doctor VALUES ('D-00000371');
INSERT INTO employee_address VALUES ('D-00000371', 'East Jonathonmouth', '8136 Hall Spring');
INSERT INTO employee_phoneno VALUES ('D-00000371', '+1-(867)-830-4372');
INSERT INTO doctor_consultant VALUES ('D-00000371', 'Anethisology');
INSERT INTO employee VALUES ('D-00000372', 'Anna', 'Woods', 'Doctor');
INSERT INTO doctor VALUES ('D-00000372');
INSERT INTO employee_address VALUES ('D-00000372', 'Stewartton', '25488 Robert Inlet Suite 849');
INSERT INTO employee_phoneno VALUES ('D-00000372', '+1-(421)-693-8578');
INSERT INTO doctor_intern VALUES ('D-00000372');
INSERT INTO employee VALUES ('D-00000373', 'Jacob', 'Mccoy', 'Doctor');
INSERT INTO doctor VALUES ('D-00000373');
INSERT INTO employee_address VALUES ('D-00000373', 'Johnmouth', '049 Barker Brook');
INSERT INTO employee_phoneno VALUES ('D-00000373', '+1-(873)-054-2484');
INSERT INTO doctor_resident VALUES ('D-00000373');
INSERT INTO employee VALUES ('D-00000374', 'Whitney', 'Macias', 'Doctor');
INSERT INTO doctor VALUES ('D-00000374');
INSERT INTO employee_address VALUES ('D-00000374', 'East Jamesmouth', '1033 Sharon Ford');
INSERT INTO employee_phoneno VALUES ('D-00000374', '+1-(775)-204-4705');
INSERT INTO doctor_consultant VALUES ('D-00000374', 'Dermatology');
INSERT INTO employee VALUES ('D-00000375', 'Mark', 'Ford', 'Doctor');
INSERT INTO doctor VALUES ('D-00000375');
INSERT INTO employee_address VALUES ('D-00000375', 'New Tinahaven', '666 Ferguson Brooks Apt. 189');
INSERT INTO employee_phoneno VALUES ('D-00000375', '+1-(536)-659-8096');
INSERT INTO doctor_intern VALUES ('D-00000375');
INSERT INTO employee VALUES ('D-00000376', 'Victor', 'Horton', 'Doctor');
INSERT INTO doctor VALUES ('D-00000376');
INSERT INTO employee_address VALUES ('D-00000376', 'Michellefort', '3090 Johnson Extension Suite 516');
INSERT INTO employee_phoneno VALUES ('D-00000376', '+1-(127)-020-9790');
INSERT INTO doctor_resident VALUES ('D-00000376');
INSERT INTO employee VALUES ('D-00000377', 'Jennifer', 'Guerra', 'Doctor');
INSERT INTO doctor VALUES ('D-00000377');
INSERT INTO employee_address VALUES ('D-00000377', 'Emilyville', '787 Kennedy Creek');
INSERT INTO employee_phoneno VALUES ('D-00000377', '+1-(175)-969-3680');
INSERT INTO doctor_consultant VALUES ('D-00000377', 'Pathology');
INSERT INTO employee VALUES ('D-00000378', 'Michelle', 'Cordova', 'Doctor');
INSERT INTO doctor VALUES ('D-00000378');
INSERT INTO employee_address VALUES ('D-00000378', 'Castilloburgh', '5011 Brock Vista');
INSERT INTO employee_phoneno VALUES ('D-00000378', '+1-(208)-372-1860');
INSERT INTO doctor_intern VALUES ('D-00000378');
INSERT INTO employee VALUES ('D-00000379', 'Kristie', 'Miller', 'Doctor');
INSERT INTO doctor VALUES ('D-00000379');
INSERT INTO employee_address VALUES ('D-00000379', 'North Heathermouth', '76004 Anthony Mountains Apt. 048');
INSERT INTO employee_phoneno VALUES ('D-00000379', '+1-(975)-480-8248');
INSERT INTO doctor_resident VALUES ('D-00000379');
INSERT INTO employee VALUES ('D-00000380', 'Christie', 'Reyes', 'Doctor');
INSERT INTO doctor VALUES ('D-00000380');
INSERT INTO employee_address VALUES ('D-00000380', 'Ericton', '2227 Kimberly Haven');
INSERT INTO employee_phoneno VALUES ('D-00000380', '+1-(218)-579-8601');
INSERT INTO doctor_consultant VALUES ('D-00000380', 'Anethisology');
INSERT INTO employee VALUES ('D-00000381', 'Rachel', 'Harrison', 'Doctor');
INSERT INTO doctor VALUES ('D-00000381');
INSERT INTO employee_address VALUES ('D-00000381', 'South Alan', '17124 Tanya Crest');
INSERT INTO employee_phoneno VALUES ('D-00000381', '+1-(683)-056-5311');
INSERT INTO doctor_intern VALUES ('D-00000381');
INSERT INTO employee VALUES ('D-00000382', 'Sheila', 'Harper', 'Doctor');
INSERT INTO doctor VALUES ('D-00000382');
INSERT INTO employee_address VALUES ('D-00000382', 'Lake Mary', '2036 Garcia Cliff');
INSERT INTO employee_phoneno VALUES ('D-00000382', '+1-(918)-649-4608');
INSERT INTO doctor_resident VALUES ('D-00000382');
INSERT INTO employee VALUES ('D-00000383', 'Logan', 'Hill', 'Doctor');
INSERT INTO doctor VALUES ('D-00000383');
INSERT INTO employee_address VALUES ('D-00000383', 'Carpenterside', '875 Martin Rapids');
INSERT INTO employee_phoneno VALUES ('D-00000383', '+1-(879)-788-8669');
INSERT INTO doctor_consultant VALUES ('D-00000383', 'Cardiology');
INSERT INTO employee VALUES ('D-00000384', 'Hannah', 'Brewer', 'Doctor');
INSERT INTO doctor VALUES ('D-00000384');
INSERT INTO employee_address VALUES ('D-00000384', 'Keithside', '5599 Farmer Shoal Suite 900');
INSERT INTO employee_phoneno VALUES ('D-00000384', '+1-(753)-503-0566');
INSERT INTO doctor_intern VALUES ('D-00000384');
INSERT INTO employee VALUES ('D-00000385', 'Amanda', 'Parsons', 'Doctor');
INSERT INTO doctor VALUES ('D-00000385');
INSERT INTO employee_address VALUES ('D-00000385', 'Jenniferport', '734 Ronald Prairie');
INSERT INTO employee_phoneno VALUES ('D-00000385', '+1-(558)-411-0249');
INSERT INTO doctor_resident VALUES ('D-00000385');
INSERT INTO employee VALUES ('D-00000386', 'Elizabeth', 'Wheeler', 'Doctor');
INSERT INTO doctor VALUES ('D-00000386');
INSERT INTO employee_address VALUES ('D-00000386', 'Susanbury', '474 Gallagher Crescent');
INSERT INTO employee_phoneno VALUES ('D-00000386', '+1-(187)-999-5275');
INSERT INTO doctor_consultant VALUES ('D-00000386', 'Anethisology');
INSERT INTO employee VALUES ('D-00000387', 'Andrea', 'Bell', 'Doctor');
INSERT INTO doctor VALUES ('D-00000387');
INSERT INTO employee_address VALUES ('D-00000387', 'Brownchester', '005 Rhodes Row');
INSERT INTO employee_phoneno VALUES ('D-00000387', '+1-(156)-248-3511');
INSERT INTO doctor_intern VALUES ('D-00000387');
INSERT INTO employee VALUES ('D-00000388', 'Jennifer', 'Potter', 'Doctor');
INSERT INTO doctor VALUES ('D-00000388');
INSERT INTO employee_address VALUES ('D-00000388', 'Nicholsstad', '52745 Stevens Shores Suite 350');
INSERT INTO employee_phoneno VALUES ('D-00000388', '+1-(606)-357-4558');
INSERT INTO doctor_resident VALUES ('D-00000388');
INSERT INTO employee VALUES ('D-00000389', 'Jamie', 'Beltran', 'Doctor');
INSERT INTO doctor VALUES ('D-00000389');
INSERT INTO employee_address VALUES ('D-00000389', 'Theresafort', '690 Herrera Mission Suite 505');
INSERT INTO employee_phoneno VALUES ('D-00000389', '+1-(697)-965-6452');
INSERT INTO doctor_consultant VALUES ('D-00000389', 'Pathology');
INSERT INTO employee VALUES ('D-00000390', 'Martin', 'Perez', 'Doctor');
INSERT INTO doctor VALUES ('D-00000390');
INSERT INTO employee_address VALUES ('D-00000390', 'Carterport', '5396 Burton Burgs Suite 166');
INSERT INTO employee_phoneno VALUES ('D-00000390', '+1-(701)-767-3406');
INSERT INTO doctor_intern VALUES ('D-00000390');
INSERT INTO employee VALUES ('D-00000391', 'Breanna', 'Smith', 'Doctor');
INSERT INTO doctor VALUES ('D-00000391');
INSERT INTO employee_address VALUES ('D-00000391', 'South Tiffany', '680 Montoya Green Apt. 201');
INSERT INTO employee_phoneno VALUES ('D-00000391', '+1-(657)-264-7294');
INSERT INTO doctor_resident VALUES ('D-00000391');
INSERT INTO employee VALUES ('D-00000392', 'Justin', 'Clarke', 'Doctor');
INSERT INTO doctor VALUES ('D-00000392');
INSERT INTO employee_address VALUES ('D-00000392', 'Dianaburgh', '446 Jensen Camp Suite 636');
INSERT INTO employee_phoneno VALUES ('D-00000392', '+1-(146)-676-2504');
INSERT INTO doctor_consultant VALUES ('D-00000392', 'Anethisology');
INSERT INTO employee VALUES ('D-00000393', 'Kathryn', 'Fuller', 'Doctor');
INSERT INTO doctor VALUES ('D-00000393');
INSERT INTO employee_address VALUES ('D-00000393', 'Perkinsfurt', '671 Hayes Vista Suite 372');
INSERT INTO employee_phoneno VALUES ('D-00000393', '+1-(144)-607-2858');
INSERT INTO doctor_intern VALUES ('D-00000393');
INSERT INTO employee VALUES ('D-00000394', 'Rebecca', 'Barber', 'Doctor');
INSERT INTO doctor VALUES ('D-00000394');
INSERT INTO employee_address VALUES ('D-00000394', 'East Annafurt', '45697 Atkinson Pass Apt. 760');
INSERT INTO employee_phoneno VALUES ('D-00000394', '+1-(837)-651-7131');
INSERT INTO doctor_resident VALUES ('D-00000394');
INSERT INTO employee VALUES ('D-00000395', 'Timothy', 'Galvan', 'Doctor');
INSERT INTO doctor VALUES ('D-00000395');
INSERT INTO employee_address VALUES ('D-00000395', 'East David', '1767 Bartlett Prairie');
INSERT INTO employee_phoneno VALUES ('D-00000395', '+1-(996)-089-4047');
INSERT INTO doctor_consultant VALUES ('D-00000395', 'Pathology');
INSERT INTO employee VALUES ('D-00000396', 'Christine', 'Reed', 'Doctor');
INSERT INTO doctor VALUES ('D-00000396');
INSERT INTO employee_address VALUES ('D-00000396', 'Mckeeside', '763 Christopher Stravenue');
INSERT INTO employee_phoneno VALUES ('D-00000396', '+1-(327)-100-2465');
INSERT INTO doctor_intern VALUES ('D-00000396');
INSERT INTO employee VALUES ('D-00000397', 'John', 'Cain', 'Doctor');
INSERT INTO doctor VALUES ('D-00000397');
INSERT INTO employee_address VALUES ('D-00000397', 'Alexanderview', '0496 Mcgee Roads Suite 582');
INSERT INTO employee_phoneno VALUES ('D-00000397', '+1-(990)-950-8868');
INSERT INTO doctor_resident VALUES ('D-00000397');
INSERT INTO employee VALUES ('D-00000398', 'Tiffany', 'Davis', 'Doctor');
INSERT INTO doctor VALUES ('D-00000398');
INSERT INTO employee_address VALUES ('D-00000398', 'South Maryside', '96191 Ellis Extensions Apt. 004');
INSERT INTO employee_phoneno VALUES ('D-00000398', '+1-(963)-286-6988');
INSERT INTO doctor_consultant VALUES ('D-00000398', 'Pathology');
INSERT INTO employee VALUES ('D-00000399', 'Sarah', 'Lane', 'Doctor');
INSERT INTO doctor VALUES ('D-00000399');
INSERT INTO employee_address VALUES ('D-00000399', 'Lake Jessica', '5595 Patricia Rue Suite 057');
INSERT INTO employee_phoneno VALUES ('D-00000399', '+1-(838)-993-2267');
INSERT INTO doctor_intern VALUES ('D-00000399');
INSERT INTO employee VALUES ('D-00000400', 'Alexis', 'Turner', 'Doctor');
INSERT INTO doctor VALUES ('D-00000400');
INSERT INTO employee_address VALUES ('D-00000400', 'Kelseyshire', '83493 Linda Green');
INSERT INTO employee_phoneno VALUES ('D-00000400', '+1-(580)-193-3091');
INSERT INTO doctor_resident VALUES ('D-00000400');
INSERT INTO employee VALUES ('D-00000401', 'David', 'Roberts', 'Doctor');
INSERT INTO doctor VALUES ('D-00000401');
INSERT INTO employee_address VALUES ('D-00000401', 'South Paulberg', '181 Williams Villages');
INSERT INTO employee_phoneno VALUES ('D-00000401', '+1-(607)-751-3658');
INSERT INTO doctor_consultant VALUES ('D-00000401', 'Cardiology');
INSERT INTO employee VALUES ('D-00000402', 'Brandon', 'Miller', 'Doctor');
INSERT INTO doctor VALUES ('D-00000402');
INSERT INTO employee_address VALUES ('D-00000402', 'Wongberg', '7569 Hunter Ways Suite 193');
INSERT INTO employee_phoneno VALUES ('D-00000402', '+1-(750)-674-2573');
INSERT INTO doctor_intern VALUES ('D-00000402');
INSERT INTO employee VALUES ('D-00000403', 'Eric', 'Holmes', 'Doctor');
INSERT INTO doctor VALUES ('D-00000403');
INSERT INTO employee_address VALUES ('D-00000403', 'Watkinsfurt', '96508 Proctor Rapids');
INSERT INTO employee_phoneno VALUES ('D-00000403', '+1-(925)-644-7735');
INSERT INTO doctor_resident VALUES ('D-00000403');
INSERT INTO employee VALUES ('D-00000404', 'Lisa', 'Chung', 'Doctor');
INSERT INTO doctor VALUES ('D-00000404');
INSERT INTO employee_address VALUES ('D-00000404', 'Cunninghamside', '07601 Martin Curve');
INSERT INTO employee_phoneno VALUES ('D-00000404', '+1-(371)-738-4217');
INSERT INTO doctor_consultant VALUES ('D-00000404', 'Anethisology');
INSERT INTO employee VALUES ('D-00000405', 'Traci', 'Fisher', 'Doctor');
INSERT INTO doctor VALUES ('D-00000405');
INSERT INTO employee_address VALUES ('D-00000405', 'Mooreview', '3572 Hart Summit');
INSERT INTO employee_phoneno VALUES ('D-00000405', '+1-(905)-217-3690');
INSERT INTO doctor_intern VALUES ('D-00000405');
INSERT INTO employee VALUES ('D-00000406', 'Cynthia', 'Watkins', 'Doctor');
INSERT INTO doctor VALUES ('D-00000406');
INSERT INTO employee_address VALUES ('D-00000406', 'Port Matthewfort', '754 Jimenez Mews Apt. 372');
INSERT INTO employee_phoneno VALUES ('D-00000406', '+1-(357)-380-2817');
INSERT INTO doctor_resident VALUES ('D-00000406');
INSERT INTO employee VALUES ('D-00000407', 'Jessica', 'Ross', 'Doctor');
INSERT INTO doctor VALUES ('D-00000407');
INSERT INTO employee_address VALUES ('D-00000407', 'Lake Vincent', '5831 Blair Harbor Apt. 899');
INSERT INTO employee_phoneno VALUES ('D-00000407', '+1-(227)-144-1104');
INSERT INTO doctor_consultant VALUES ('D-00000407', 'Dermatology');
INSERT INTO employee VALUES ('D-00000408', 'Rebecca', 'Irwin', 'Doctor');
INSERT INTO doctor VALUES ('D-00000408');
INSERT INTO employee_address VALUES ('D-00000408', 'Port Brian', '6045 Ryan Common Suite 466');
INSERT INTO employee_phoneno VALUES ('D-00000408', '+1-(101)-348-5367');
INSERT INTO doctor_intern VALUES ('D-00000408');
INSERT INTO employee VALUES ('D-00000409', 'Matthew', 'Williams', 'Doctor');
INSERT INTO doctor VALUES ('D-00000409');
INSERT INTO employee_address VALUES ('D-00000409', 'New Robintown', '67515 Kramer Corner');
INSERT INTO employee_phoneno VALUES ('D-00000409', '+1-(359)-910-8945');
INSERT INTO doctor_resident VALUES ('D-00000409');
INSERT INTO employee VALUES ('D-00000410', 'Chris', 'Lee', 'Doctor');
INSERT INTO doctor VALUES ('D-00000410');
INSERT INTO employee_address VALUES ('D-00000410', 'Mataberg', '1789 Charles Spurs Suite 629');
INSERT INTO employee_phoneno VALUES ('D-00000410', '+1-(658)-011-8292');
INSERT INTO doctor_consultant VALUES ('D-00000410', 'Citology');
INSERT INTO employee VALUES ('D-00000411', 'Parker', 'Ingram', 'Doctor');
INSERT INTO doctor VALUES ('D-00000411');
INSERT INTO employee_address VALUES ('D-00000411', 'Dunnview', '1414 Mclaughlin Glens Suite 594');
INSERT INTO employee_phoneno VALUES ('D-00000411', '+1-(844)-120-5155');
INSERT INTO doctor_intern VALUES ('D-00000411');
INSERT INTO employee VALUES ('D-00000412', 'Joe', 'Rodriguez', 'Doctor');
INSERT INTO doctor VALUES ('D-00000412');
INSERT INTO employee_address VALUES ('D-00000412', 'Jamesshire', '61479 Kathleen Falls Apt. 923');
INSERT INTO employee_phoneno VALUES ('D-00000412', '+1-(683)-439-9386');
INSERT INTO doctor_resident VALUES ('D-00000412');
INSERT INTO employee VALUES ('D-00000413', 'Randall', 'Robles', 'Doctor');
INSERT INTO doctor VALUES ('D-00000413');
INSERT INTO employee_address VALUES ('D-00000413', 'Kingfurt', '10399 Ruiz Dam');
INSERT INTO employee_phoneno VALUES ('D-00000413', '+1-(760)-831-1160');
INSERT INTO doctor_consultant VALUES ('D-00000413', 'Neurology');
INSERT INTO employee VALUES ('D-00000414', 'Benjamin', 'Knox', 'Doctor');
INSERT INTO doctor VALUES ('D-00000414');
INSERT INTO employee_address VALUES ('D-00000414', 'New Krystal', '77902 Dillon Ports');
INSERT INTO employee_phoneno VALUES ('D-00000414', '+1-(408)-638-6325');
INSERT INTO doctor_intern VALUES ('D-00000414');
INSERT INTO employee VALUES ('D-00000415', 'Michael', 'Gonzalez', 'Doctor');
INSERT INTO doctor VALUES ('D-00000415');
INSERT INTO employee_address VALUES ('D-00000415', 'Gloverberg', '7339 Brown Oval Suite 816');
INSERT INTO employee_phoneno VALUES ('D-00000415', '+1-(211)-961-9862');
INSERT INTO doctor_resident VALUES ('D-00000415');
INSERT INTO employee VALUES ('D-00000416', 'Michael', 'Murray', 'Doctor');
INSERT INTO doctor VALUES ('D-00000416');
INSERT INTO employee_address VALUES ('D-00000416', 'Henryhaven', '829 Mcclain Spur');
INSERT INTO employee_phoneno VALUES ('D-00000416', '+1-(105)-439-5509');
INSERT INTO doctor_consultant VALUES ('D-00000416', 'Anethisology');
INSERT INTO employee VALUES ('D-00000417', 'Christian', 'Velasquez', 'Doctor');
INSERT INTO doctor VALUES ('D-00000417');
INSERT INTO employee_address VALUES ('D-00000417', 'Stacyburgh', '818 John Well');
INSERT INTO employee_phoneno VALUES ('D-00000417', '+1-(929)-701-8405');
INSERT INTO doctor_intern VALUES ('D-00000417');
INSERT INTO employee VALUES ('D-00000418', 'Keith', 'Jackson', 'Doctor');
INSERT INTO doctor VALUES ('D-00000418');
INSERT INTO employee_address VALUES ('D-00000418', 'Eugenestad', '5413 Hall Plain');
INSERT INTO employee_phoneno VALUES ('D-00000418', '+1-(549)-997-9047');
INSERT INTO doctor_resident VALUES ('D-00000418');
INSERT INTO employee VALUES ('D-00000419', 'Robert', 'Hall', 'Doctor');
INSERT INTO doctor VALUES ('D-00000419');
INSERT INTO employee_address VALUES ('D-00000419', 'West Danielle', '442 Rojas Plains');
INSERT INTO employee_phoneno VALUES ('D-00000419', '+1-(572)-136-2218');
INSERT INTO doctor_consultant VALUES ('D-00000419', 'Cardiology');
INSERT INTO employee VALUES ('D-00000420', 'Donald', 'Douglas', 'Doctor');
INSERT INTO doctor VALUES ('D-00000420');
INSERT INTO employee_address VALUES ('D-00000420', 'Ashleyview', '7089 Barton Garden Apt. 701');
INSERT INTO employee_phoneno VALUES ('D-00000420', '+1-(199)-213-6319');
INSERT INTO doctor_intern VALUES ('D-00000420');
INSERT INTO employee VALUES ('D-00000421', 'John', 'Brown', 'Doctor');
INSERT INTO doctor VALUES ('D-00000421');
INSERT INTO employee_address VALUES ('D-00000421', 'Petersenland', '85439 Lamb Landing');
INSERT INTO employee_phoneno VALUES ('D-00000421', '+1-(385)-559-8904');
INSERT INTO doctor_resident VALUES ('D-00000421');
INSERT INTO employee VALUES ('D-00000422', 'Ariana', 'Anderson', 'Doctor');
INSERT INTO doctor VALUES ('D-00000422');
INSERT INTO employee_address VALUES ('D-00000422', 'Elizabethshire', '30176 Roger Mountain');
INSERT INTO employee_phoneno VALUES ('D-00000422', '+1-(885)-254-4124');
INSERT INTO doctor_consultant VALUES ('D-00000422', 'Cardiology');
INSERT INTO employee VALUES ('D-00000423', 'Christopher', 'Merritt', 'Doctor');
INSERT INTO doctor VALUES ('D-00000423');
INSERT INTO employee_address VALUES ('D-00000423', 'Mccoyshire', '968 Cortez Lane');
INSERT INTO employee_phoneno VALUES ('D-00000423', '+1-(756)-881-7491');
INSERT INTO doctor_intern VALUES ('D-00000423');
INSERT INTO employee VALUES ('D-00000424', 'Lindsay', 'Bailey', 'Doctor');
INSERT INTO doctor VALUES ('D-00000424');
INSERT INTO employee_address VALUES ('D-00000424', 'South John', '766 West Square');
INSERT INTO employee_phoneno VALUES ('D-00000424', '+1-(667)-030-4898');
INSERT INTO doctor_resident VALUES ('D-00000424');
INSERT INTO employee VALUES ('D-00000425', 'Aaron', 'Davis', 'Doctor');
INSERT INTO doctor VALUES ('D-00000425');
INSERT INTO employee_address VALUES ('D-00000425', 'East Timothystad', '750 Eric Inlet');
INSERT INTO employee_phoneno VALUES ('D-00000425', '+1-(240)-882-9894');
INSERT INTO doctor_consultant VALUES ('D-00000425', 'Dermatology');
INSERT INTO employee VALUES ('D-00000426', 'Brandon', 'Ross', 'Doctor');
INSERT INTO doctor VALUES ('D-00000426');
INSERT INTO employee_address VALUES ('D-00000426', 'North Joshua', '00833 Nancy Harbors Apt. 450');
INSERT INTO employee_phoneno VALUES ('D-00000426', '+1-(166)-215-6583');
INSERT INTO doctor_intern VALUES ('D-00000426');
INSERT INTO employee VALUES ('D-00000427', 'Timothy', 'Bell', 'Doctor');
INSERT INTO doctor VALUES ('D-00000427');
INSERT INTO employee_address VALUES ('D-00000427', 'New Michaelchester', '789 Monroe Mountain');
INSERT INTO employee_phoneno VALUES ('D-00000427', '+1-(517)-00-1-6408');
INSERT INTO doctor_resident VALUES ('D-00000427');
INSERT INTO employee VALUES ('D-00000428', 'William', 'Smith', 'Doctor');
INSERT INTO doctor VALUES ('D-00000428');
INSERT INTO employee_address VALUES ('D-00000428', 'East Julia', '77630 Steven Island');
INSERT INTO employee_phoneno VALUES ('D-00000428', '+1-(507)-295-5311');
INSERT INTO doctor_consultant VALUES ('D-00000428', 'Dermatology');
INSERT INTO employee VALUES ('D-00000429', 'Melissa', 'Richardson', 'Doctor');
INSERT INTO doctor VALUES ('D-00000429');
INSERT INTO employee_address VALUES ('D-00000429', 'Jennifermouth', '62191 Brad Light Suite 919');
INSERT INTO employee_phoneno VALUES ('D-00000429', '+1-(131)-248-8123');
INSERT INTO doctor_intern VALUES ('D-00000429');
INSERT INTO employee VALUES ('D-00000430', 'Justin', 'Davis', 'Doctor');
INSERT INTO doctor VALUES ('D-00000430');
INSERT INTO employee_address VALUES ('D-00000430', 'Maryburgh', '0900 Ann Meadow Apt. 265');
INSERT INTO employee_phoneno VALUES ('D-00000430', '+1-(697)-201-6200');
INSERT INTO doctor_resident VALUES ('D-00000430');
INSERT INTO employee VALUES ('D-00000431', 'David', 'Blankenship', 'Doctor');
INSERT INTO doctor VALUES ('D-00000431');
INSERT INTO employee_address VALUES ('D-00000431', 'Martinezchester', '321 Miller Avenue Apt. 541');
INSERT INTO employee_phoneno VALUES ('D-00000431', '+1-(920)-161-1047');
INSERT INTO doctor_consultant VALUES ('D-00000431', 'Pathology');
INSERT INTO employee VALUES ('D-00000432', 'Donald', 'Murphy', 'Doctor');
INSERT INTO doctor VALUES ('D-00000432');
INSERT INTO employee_address VALUES ('D-00000432', 'Christianborough', '43498 Mcgrath Grove Apt. 893');
INSERT INTO employee_phoneno VALUES ('D-00000432', '+1-(422)-788-2957');
INSERT INTO doctor_intern VALUES ('D-00000432');
INSERT INTO employee VALUES ('D-00000433', 'Amber', 'Keller', 'Doctor');
INSERT INTO doctor VALUES ('D-00000433');
INSERT INTO employee_address VALUES ('D-00000433', 'Arnoldberg', '36457 Beverly Wells');
INSERT INTO employee_phoneno VALUES ('D-00000433', '+1-(397)-257-1398');
INSERT INTO doctor_resident VALUES ('D-00000433');
INSERT INTO employee VALUES ('D-00000434', 'Ashley', 'Peterson', 'Doctor');
INSERT INTO doctor VALUES ('D-00000434');
INSERT INTO employee_address VALUES ('D-00000434', 'Carrilloburgh', '6299 Shelby Place Suite 368');
INSERT INTO employee_phoneno VALUES ('D-00000434', '+1-(240)-798-3192');
INSERT INTO doctor_consultant VALUES ('D-00000434', 'Pathology');
INSERT INTO employee VALUES ('D-00000435', 'Joseph', 'Wade', 'Doctor');
INSERT INTO doctor VALUES ('D-00000435');
INSERT INTO employee_address VALUES ('D-00000435', 'New Michaelshire', '3053 Robinson Mills Apt. 987');
INSERT INTO employee_phoneno VALUES ('D-00000435', '+1-(708)-389-2939');
INSERT INTO doctor_intern VALUES ('D-00000435');
INSERT INTO employee VALUES ('D-00000436', 'Anthony', 'Phillips', 'Doctor');
INSERT INTO doctor VALUES ('D-00000436');
INSERT INTO employee_address VALUES ('D-00000436', 'East Melissa', '88710 Kenneth Prairie Suite 694');
INSERT INTO employee_phoneno VALUES ('D-00000436', '+1-(446)-800-9589');
INSERT INTO doctor_resident VALUES ('D-00000436');
INSERT INTO employee VALUES ('D-00000437', 'Ryan', 'Olson', 'Doctor');
INSERT INTO doctor VALUES ('D-00000437');
INSERT INTO employee_address VALUES ('D-00000437', 'Velezland', '76821 Buck Hollow Suite 488');
INSERT INTO employee_phoneno VALUES ('D-00000437', '+1-(537)-051-2772');
INSERT INTO doctor_consultant VALUES ('D-00000437', 'Anethisology');
INSERT INTO employee VALUES ('D-00000438', 'Brandi', 'Scott', 'Doctor');
INSERT INTO doctor VALUES ('D-00000438');
INSERT INTO employee_address VALUES ('D-00000438', 'Brownhaven', '38802 Schultz Squares');
INSERT INTO employee_phoneno VALUES ('D-00000438', '+1-(563)-995-2710');
INSERT INTO doctor_intern VALUES ('D-00000438');
INSERT INTO employee VALUES ('D-00000439', 'Samantha', 'May', 'Doctor');
INSERT INTO doctor VALUES ('D-00000439');
INSERT INTO employee_address VALUES ('D-00000439', 'East Vincent', '6955 Brown Mission Suite 012');
INSERT INTO employee_phoneno VALUES ('D-00000439', '+1-(305)-120-4211');
INSERT INTO doctor_resident VALUES ('D-00000439');
INSERT INTO employee VALUES ('D-00000440', 'Angela', 'Walker', 'Doctor');
INSERT INTO doctor VALUES ('D-00000440');
INSERT INTO employee_address VALUES ('D-00000440', 'Sarahstad', '2071 Monica Forges');
INSERT INTO employee_phoneno VALUES ('D-00000440', '+1-(241)-034-6828');
INSERT INTO doctor_consultant VALUES ('D-00000440', 'Neurology');
INSERT INTO employee VALUES ('D-00000441', 'Elizabeth', 'Ford', 'Doctor');
INSERT INTO doctor VALUES ('D-00000441');
INSERT INTO employee_address VALUES ('D-00000441', 'Lake Raymond', '60393 Aguirre Junction Apt. 102');
INSERT INTO employee_phoneno VALUES ('D-00000441', '+1-(811)-050-0166');
INSERT INTO doctor_intern VALUES ('D-00000441');
INSERT INTO employee VALUES ('D-00000442', 'Erica', 'Velasquez', 'Doctor');
INSERT INTO doctor VALUES ('D-00000442');
INSERT INTO employee_address VALUES ('D-00000442', 'Rothstad', '59528 Flowers Hill');
INSERT INTO employee_phoneno VALUES ('D-00000442', '+1-(858)-529-0481');
INSERT INTO doctor_resident VALUES ('D-00000442');
INSERT INTO employee VALUES ('D-00000443', 'Scott', 'Henderson', 'Doctor');
INSERT INTO doctor VALUES ('D-00000443');
INSERT INTO employee_address VALUES ('D-00000443', 'Butlermouth', '808 Johnson Haven');
INSERT INTO employee_phoneno VALUES ('D-00000443', '+1-(897)-789-0733');
INSERT INTO doctor_consultant VALUES ('D-00000443', 'Dermatology');
INSERT INTO employee VALUES ('D-00000444', 'Shannon', 'Lee', 'Doctor');
INSERT INTO doctor VALUES ('D-00000444');
INSERT INTO employee_address VALUES ('D-00000444', 'East Michele', '830 Stacy Flats Apt. 911');
INSERT INTO employee_phoneno VALUES ('D-00000444', '+1-(782)-880-6016');
INSERT INTO doctor_intern VALUES ('D-00000444');
INSERT INTO employee VALUES ('D-00000445', 'Melanie', 'Young', 'Doctor');
INSERT INTO doctor VALUES ('D-00000445');
INSERT INTO employee_address VALUES ('D-00000445', 'Floresfort', '246 Prince Fork');
INSERT INTO employee_phoneno VALUES ('D-00000445', '+1-(747)-813-6778');
INSERT INTO doctor_resident VALUES ('D-00000445');
INSERT INTO employee VALUES ('D-00000446', 'Derek', 'Gordon', 'Doctor');
INSERT INTO doctor VALUES ('D-00000446');
INSERT INTO employee_address VALUES ('D-00000446', 'West Sandra', '55468 Jeffrey Courts Apt. 287');
INSERT INTO employee_phoneno VALUES ('D-00000446', '+1-(301)-782-0723');
INSERT INTO doctor_consultant VALUES ('D-00000446', 'Anethisology');
INSERT INTO employee VALUES ('D-00000447', 'Katherine', 'Holland', 'Doctor');
INSERT INTO doctor VALUES ('D-00000447');
INSERT INTO employee_address VALUES ('D-00000447', 'North Michelleborough', '3439 Crystal Path');
INSERT INTO employee_phoneno VALUES ('D-00000447', '+1-(493)-344-3510');
INSERT INTO doctor_intern VALUES ('D-00000447');
INSERT INTO employee VALUES ('D-00000448', 'Veronica', 'Peterson', 'Doctor');
INSERT INTO doctor VALUES ('D-00000448');
INSERT INTO employee_address VALUES ('D-00000448', 'Philipmouth', '477 James Ridges');
INSERT INTO employee_phoneno VALUES ('D-00000448', '+1-(322)-784-7927');
INSERT INTO doctor_resident VALUES ('D-00000448');
INSERT INTO employee VALUES ('D-00000449', 'Gregory', 'Cruz', 'Doctor');
INSERT INTO doctor VALUES ('D-00000449');
INSERT INTO employee_address VALUES ('D-00000449', 'Jamesstad', '9865 Trujillo Road Suite 723');
INSERT INTO employee_phoneno VALUES ('D-00000449', '+1-(106)-403-9412');
INSERT INTO doctor_consultant VALUES ('D-00000449', 'Dermatology');
INSERT INTO employee VALUES ('D-00000450', 'Bryan', 'Martin', 'Doctor');
INSERT INTO doctor VALUES ('D-00000450');
INSERT INTO employee_address VALUES ('D-00000450', 'Adamstown', '99830 Amy Isle');
INSERT INTO employee_phoneno VALUES ('D-00000450', '+1-(776)-911-7263');
INSERT INTO doctor_intern VALUES ('D-00000450');
INSERT INTO employee VALUES ('D-00000451', 'Michael', 'Page', 'Doctor');
INSERT INTO doctor VALUES ('D-00000451');
INSERT INTO employee_address VALUES ('D-00000451', 'Michellemouth', '8917 Elliott Lodge Suite 080');
INSERT INTO employee_phoneno VALUES ('D-00000451', '+1-(833)-981-0509');
INSERT INTO doctor_resident VALUES ('D-00000451');
INSERT INTO employee VALUES ('D-00000452', 'John', 'Castillo', 'Doctor');
INSERT INTO doctor VALUES ('D-00000452');
INSERT INTO employee_address VALUES ('D-00000452', 'Allenburgh', '4090 Ronald Center Apt. 371');
INSERT INTO employee_phoneno VALUES ('D-00000452', '+1-(236)-399-4321');
INSERT INTO doctor_consultant VALUES ('D-00000452', 'Neurology');
INSERT INTO employee VALUES ('D-00000453', 'Kristin', 'Campbell', 'Doctor');
INSERT INTO doctor VALUES ('D-00000453');
INSERT INTO employee_address VALUES ('D-00000453', 'Sullivanborough', '29988 Richard Camp');
INSERT INTO employee_phoneno VALUES ('D-00000453', '+1-(354)-571-9430');
INSERT INTO doctor_intern VALUES ('D-00000453');
INSERT INTO employee VALUES ('D-00000454', 'Laura', 'Garcia', 'Doctor');
INSERT INTO doctor VALUES ('D-00000454');
INSERT INTO employee_address VALUES ('D-00000454', 'Victorbury', '6813 Barry Ford');
INSERT INTO employee_phoneno VALUES ('D-00000454', '+1-(618)-932-7423');
INSERT INTO doctor_resident VALUES ('D-00000454');
INSERT INTO employee VALUES ('D-00000455', 'Danny', 'Willis', 'Doctor');
INSERT INTO doctor VALUES ('D-00000455');
INSERT INTO employee_address VALUES ('D-00000455', 'Wallaceville', '8932 Bradshaw Shoals');
INSERT INTO employee_phoneno VALUES ('D-00000455', '+1-(876)-448-5047');
INSERT INTO doctor_consultant VALUES ('D-00000455', 'Dermatology');
INSERT INTO employee VALUES ('D-00000456', 'James', 'Barr', 'Doctor');
INSERT INTO doctor VALUES ('D-00000456');
INSERT INTO employee_address VALUES ('D-00000456', 'New Kathryn', '22704 Fisher Street');
INSERT INTO employee_phoneno VALUES ('D-00000456', '+1-(236)-940-1709');
INSERT INTO doctor_intern VALUES ('D-00000456');
INSERT INTO employee VALUES ('D-00000457', 'Emily', 'French', 'Doctor');
INSERT INTO doctor VALUES ('D-00000457');
INSERT INTO employee_address VALUES ('D-00000457', 'Davidchester', '5323 Thomas Greens');
INSERT INTO employee_phoneno VALUES ('D-00000457', '+1-(802)-818-3196');
INSERT INTO doctor_resident VALUES ('D-00000457');
INSERT INTO employee VALUES ('D-00000458', 'Jennifer', 'Hammond', 'Doctor');
INSERT INTO doctor VALUES ('D-00000458');
INSERT INTO employee_address VALUES ('D-00000458', 'New Jeffery', '025 Deborah Unions Apt. 968');
INSERT INTO employee_phoneno VALUES ('D-00000458', '+1-(146)-170-7371');
INSERT INTO doctor_consultant VALUES ('D-00000458', 'Anethisology');
INSERT INTO employee VALUES ('D-00000459', 'Nancy', 'Blake', 'Doctor');
INSERT INTO doctor VALUES ('D-00000459');
INSERT INTO employee_address VALUES ('D-00000459', 'East Dawn', '266 Williams Ramp Suite 236');
INSERT INTO employee_phoneno VALUES ('D-00000459', '+1-(764)-079-3045');
INSERT INTO doctor_intern VALUES ('D-00000459');
INSERT INTO employee VALUES ('D-00000460', 'Marcia', 'Fleming', 'Doctor');
INSERT INTO doctor VALUES ('D-00000460');
INSERT INTO employee_address VALUES ('D-00000460', 'Gabrielberg', '167 Davis Orchard');
INSERT INTO employee_phoneno VALUES ('D-00000460', '+1-(830)-937-3647');
INSERT INTO doctor_resident VALUES ('D-00000460');
INSERT INTO employee VALUES ('D-00000461', 'Cameron', 'Mason', 'Doctor');
INSERT INTO doctor VALUES ('D-00000461');
INSERT INTO employee_address VALUES ('D-00000461', 'West Kristen', '7818 Amber Street Apt. 456');
INSERT INTO employee_phoneno VALUES ('D-00000461', '+1-(280)-287-3494');
INSERT INTO doctor_consultant VALUES ('D-00000461', 'Citology');
INSERT INTO employee VALUES ('D-00000462', 'Bryan', 'Wells', 'Doctor');
INSERT INTO doctor VALUES ('D-00000462');
INSERT INTO employee_address VALUES ('D-00000462', 'Roytown', '329 Stafford Ports');
INSERT INTO employee_phoneno VALUES ('D-00000462', '+1-(133)-195-2743');
INSERT INTO doctor_intern VALUES ('D-00000462');
INSERT INTO employee VALUES ('D-00000463', 'Maria', 'Thompson', 'Doctor');
INSERT INTO doctor VALUES ('D-00000463');
INSERT INTO employee_address VALUES ('D-00000463', 'New Lauraville', '77369 Patrick Landing Suite 335');
INSERT INTO employee_phoneno VALUES ('D-00000463', '+1-(901)-539-4664');
INSERT INTO doctor_resident VALUES ('D-00000463');
INSERT INTO employee VALUES ('D-00000464', 'Richard', 'Brown', 'Doctor');
INSERT INTO doctor VALUES ('D-00000464');
INSERT INTO employee_address VALUES ('D-00000464', 'Lake Vincentview', '4094 Medina Way Apt. 670');
INSERT INTO employee_phoneno VALUES ('D-00000464', '+1-(971)-518-2182');
INSERT INTO doctor_consultant VALUES ('D-00000464', 'Dermatology');
INSERT INTO employee VALUES ('D-00000465', 'Randy', 'Hammond', 'Doctor');
INSERT INTO doctor VALUES ('D-00000465');
INSERT INTO employee_address VALUES ('D-00000465', 'Lake Julie', '740 Peter Locks Apt. 535');
INSERT INTO employee_phoneno VALUES ('D-00000465', '+1-(597)-313-7964');
INSERT INTO doctor_intern VALUES ('D-00000465');
INSERT INTO employee VALUES ('D-00000466', 'Brooke', 'Browning', 'Doctor');
INSERT INTO doctor VALUES ('D-00000466');
INSERT INTO employee_address VALUES ('D-00000466', 'South Anthonyhaven', '470 Kayla Spring Suite 194');
INSERT INTO employee_phoneno VALUES ('D-00000466', '+1-(987)-347-6421');
INSERT INTO doctor_resident VALUES ('D-00000466');
INSERT INTO employee VALUES ('D-00000467', 'Angela', 'Perez', 'Doctor');
INSERT INTO doctor VALUES ('D-00000467');
INSERT INTO employee_address VALUES ('D-00000467', 'Port Samantha', '5344 Ferguson Spurs Apt. 790');
INSERT INTO employee_phoneno VALUES ('D-00000467', '+1-(471)-652-2252');
INSERT INTO doctor_consultant VALUES ('D-00000467', 'Dermatology');
INSERT INTO employee VALUES ('D-00000468', 'Stephanie', 'Henry', 'Doctor');
INSERT INTO doctor VALUES ('D-00000468');
INSERT INTO employee_address VALUES ('D-00000468', 'Stewartberg', '880 Adam Ville Suite 806');
INSERT INTO employee_phoneno VALUES ('D-00000468', '+1-(997)-086-9335');
INSERT INTO doctor_intern VALUES ('D-00000468');
INSERT INTO employee VALUES ('D-00000469', 'Donald', 'Le', 'Doctor');
INSERT INTO doctor VALUES ('D-00000469');
INSERT INTO employee_address VALUES ('D-00000469', 'Frenchview', '725 Jones Valley');
INSERT INTO employee_phoneno VALUES ('D-00000469', '+1-(446)-889-5590');
INSERT INTO doctor_resident VALUES ('D-00000469');
INSERT INTO employee VALUES ('D-00000470', 'Cameron', 'Hurst', 'Doctor');
INSERT INTO doctor VALUES ('D-00000470');
INSERT INTO employee_address VALUES ('D-00000470', 'East Troy', '2155 Campbell Canyon');
INSERT INTO employee_phoneno VALUES ('D-00000470', '+1-(278)-323-8594');
INSERT INTO doctor_consultant VALUES ('D-00000470', 'Citology');
INSERT INTO employee VALUES ('D-00000471', 'Nicholas', 'Green', 'Doctor');
INSERT INTO doctor VALUES ('D-00000471');
INSERT INTO employee_address VALUES ('D-00000471', 'Lisaburgh', '591 Stephens Inlet Suite 116');
INSERT INTO employee_phoneno VALUES ('D-00000471', '+1-(449)-786-0258');
INSERT INTO doctor_intern VALUES ('D-00000471');
INSERT INTO employee VALUES ('D-00000472', 'Kaitlyn', 'Gonzalez', 'Doctor');
INSERT INTO doctor VALUES ('D-00000472');
INSERT INTO employee_address VALUES ('D-00000472', 'New Lauraburgh', '27333 Brian Forest');
INSERT INTO employee_phoneno VALUES ('D-00000472', '+1-(366)-585-2764');
INSERT INTO doctor_resident VALUES ('D-00000472');
INSERT INTO employee VALUES ('D-00000473', 'Lindsey', 'Moore', 'Doctor');
INSERT INTO doctor VALUES ('D-00000473');
INSERT INTO employee_address VALUES ('D-00000473', 'Williamsburgh', '6214 Andrew Roads Suite 120');
INSERT INTO employee_phoneno VALUES ('D-00000473', '+1-(530)-956-6335');
INSERT INTO doctor_consultant VALUES ('D-00000473', 'Anethisology');
INSERT INTO employee VALUES ('D-00000474', 'Leah', 'Palmer', 'Doctor');
INSERT INTO doctor VALUES ('D-00000474');
INSERT INTO employee_address VALUES ('D-00000474', 'Pattonshire', '387 James Loaf');
INSERT INTO employee_phoneno VALUES ('D-00000474', '+1-(134)-411-3072');
INSERT INTO doctor_intern VALUES ('D-00000474');
INSERT INTO employee VALUES ('D-00000475', 'Brittany', 'Flores', 'Doctor');
INSERT INTO doctor VALUES ('D-00000475');
INSERT INTO employee_address VALUES ('D-00000475', 'Skinnerview', '4619 Vicki Ports Suite 451');
INSERT INTO employee_phoneno VALUES ('D-00000475', '+1-(104)-963-1147');
INSERT INTO doctor_resident VALUES ('D-00000475');
INSERT INTO employee VALUES ('D-00000476', 'Jason', 'Jackson', 'Doctor');
INSERT INTO doctor VALUES ('D-00000476');
INSERT INTO employee_address VALUES ('D-00000476', 'Port Jamesland', '110 Eric Mountains');
INSERT INTO employee_phoneno VALUES ('D-00000476', '+1-(898)-612-5734');
INSERT INTO doctor_consultant VALUES ('D-00000476', 'Citology');
INSERT INTO employee VALUES ('D-00000477', 'Shelia', 'Aguilar', 'Doctor');
INSERT INTO doctor VALUES ('D-00000477');
INSERT INTO employee_address VALUES ('D-00000477', 'Lake Daniel', '162 Matthew Stravenue');
INSERT INTO employee_phoneno VALUES ('D-00000477', '+1-(603)-514-8835');
INSERT INTO doctor_intern VALUES ('D-00000477');
INSERT INTO employee VALUES ('D-00000478', 'Sonya', 'Joseph', 'Doctor');
INSERT INTO doctor VALUES ('D-00000478');
INSERT INTO employee_address VALUES ('D-00000478', 'Laurenport', '072 Johnson Motorway Apt. 571');
INSERT INTO employee_phoneno VALUES ('D-00000478', '+1-(170)-738-3359');
INSERT INTO doctor_resident VALUES ('D-00000478');
INSERT INTO employee VALUES ('D-00000479', 'Julia', 'Bowman', 'Doctor');
INSERT INTO doctor VALUES ('D-00000479');
INSERT INTO employee_address VALUES ('D-00000479', 'Troyville', '698 Benjamin Shore Apt. 260');
INSERT INTO employee_phoneno VALUES ('D-00000479', '+1-(649)-061-3353');
INSERT INTO doctor_consultant VALUES ('D-00000479', 'Anethisology');
INSERT INTO employee VALUES ('D-00000480', 'Cheyenne', 'Hill', 'Doctor');
INSERT INTO doctor VALUES ('D-00000480');
INSERT INTO employee_address VALUES ('D-00000480', 'West Rebeccafort', '630 Sean Plaza');
INSERT INTO employee_phoneno VALUES ('D-00000480', '+1-(194)-848-6119');
INSERT INTO doctor_intern VALUES ('D-00000480');
INSERT INTO employee VALUES ('D-00000481', 'Alejandro', 'Adams', 'Doctor');
INSERT INTO doctor VALUES ('D-00000481');
INSERT INTO employee_address VALUES ('D-00000481', 'Glenhaven', '7359 Laura Cove');
INSERT INTO employee_phoneno VALUES ('D-00000481', '+1-(599)-474-0911');
INSERT INTO doctor_resident VALUES ('D-00000481');
INSERT INTO employee VALUES ('D-00000482', 'Antonio', 'Olson', 'Doctor');
INSERT INTO doctor VALUES ('D-00000482');
INSERT INTO employee_address VALUES ('D-00000482', 'Juarezton', '92592 Victor Mall Apt. 152');
INSERT INTO employee_phoneno VALUES ('D-00000482', '+1-(109)-302-4683');
INSERT INTO doctor_consultant VALUES ('D-00000482', 'Pathology');
INSERT INTO employee VALUES ('D-00000483', 'Caroline', 'Gomez', 'Doctor');
INSERT INTO doctor VALUES ('D-00000483');
INSERT INTO employee_address VALUES ('D-00000483', 'South Isaac', '16661 Newman Lodge Suite 883');
INSERT INTO employee_phoneno VALUES ('D-00000483', '+1-(506)-694-6575');
INSERT INTO doctor_intern VALUES ('D-00000483');
INSERT INTO employee VALUES ('D-00000484', 'Julia', 'Davis', 'Doctor');
INSERT INTO doctor VALUES ('D-00000484');
INSERT INTO employee_address VALUES ('D-00000484', 'North Douglasmouth', '1970 Paula Keys');
INSERT INTO employee_phoneno VALUES ('D-00000484', '+1-(329)-543-3976');
INSERT INTO doctor_resident VALUES ('D-00000484');
INSERT INTO employee VALUES ('D-00000485', 'Paul', 'Castro', 'Doctor');
INSERT INTO doctor VALUES ('D-00000485');
INSERT INTO employee_address VALUES ('D-00000485', 'Patriciastad', '4816 Foster Mews');
INSERT INTO employee_phoneno VALUES ('D-00000485', '+1-(745)-212-6791');
INSERT INTO doctor_consultant VALUES ('D-00000485', 'Anethisology');
INSERT INTO employee VALUES ('D-00000486', 'Shelley', 'Taylor', 'Doctor');
INSERT INTO doctor VALUES ('D-00000486');
INSERT INTO employee_address VALUES ('D-00000486', 'Port Alyssachester', '588 Joseph Center');
INSERT INTO employee_phoneno VALUES ('D-00000486', '+1-(232)-690-4607');
INSERT INTO doctor_intern VALUES ('D-00000486');
INSERT INTO employee VALUES ('D-00000487', 'Jane', 'White', 'Doctor');
INSERT INTO doctor VALUES ('D-00000487');
INSERT INTO employee_address VALUES ('D-00000487', 'Cohenstad', '464 David Unions Suite 640');
INSERT INTO employee_phoneno VALUES ('D-00000487', '+1-(295)-323-0050');
INSERT INTO doctor_resident VALUES ('D-00000487');
INSERT INTO employee VALUES ('D-00000488', 'Amber', 'Jones', 'Doctor');
INSERT INTO doctor VALUES ('D-00000488');
INSERT INTO employee_address VALUES ('D-00000488', 'Rachelport', '9142 Flores Streets Apt. 168');
INSERT INTO employee_phoneno VALUES ('D-00000488', '+1-(411)-456-6421');
INSERT INTO doctor_consultant VALUES ('D-00000488', 'Citology');
INSERT INTO employee VALUES ('D-00000489', 'Melissa', 'Henry', 'Doctor');
INSERT INTO doctor VALUES ('D-00000489');
INSERT INTO employee_address VALUES ('D-00000489', 'North Patricia', '7221 Amanda Court');
INSERT INTO employee_phoneno VALUES ('D-00000489', '+1-(665)-948-7067');
INSERT INTO doctor_intern VALUES ('D-00000489');
INSERT INTO employee VALUES ('D-00000490', 'Michael', 'Morgan', 'Doctor');
INSERT INTO doctor VALUES ('D-00000490');
INSERT INTO employee_address VALUES ('D-00000490', 'New Dustin', '337 Gonzalez Manors');
INSERT INTO employee_phoneno VALUES ('D-00000490', '+1-(993)-562-9537');
INSERT INTO doctor_resident VALUES ('D-00000490');
INSERT INTO employee VALUES ('D-00000491', 'Susan', 'Branch', 'Doctor');
INSERT INTO doctor VALUES ('D-00000491');
INSERT INTO employee_address VALUES ('D-00000491', 'South Michelle', '9028 Morton Locks Suite 275');
INSERT INTO employee_phoneno VALUES ('D-00000491', '+1-(511)-910-7060');
INSERT INTO doctor_consultant VALUES ('D-00000491', 'Anethisology');
INSERT INTO employee VALUES ('D-00000492', 'Leah', 'Barber', 'Doctor');
INSERT INTO doctor VALUES ('D-00000492');
INSERT INTO employee_address VALUES ('D-00000492', 'South Heather', '1101 Krystal Cape Suite 080');
INSERT INTO employee_phoneno VALUES ('D-00000492', '+1-(546)-732-9578');
INSERT INTO doctor_intern VALUES ('D-00000492');
INSERT INTO employee VALUES ('D-00000493', 'Samantha', 'Cortez', 'Doctor');
INSERT INTO doctor VALUES ('D-00000493');
INSERT INTO employee_address VALUES ('D-00000493', 'Cherylbury', '179 Brandi Landing');
INSERT INTO employee_phoneno VALUES ('D-00000493', '+1-(279)-626-1990');
INSERT INTO doctor_resident VALUES ('D-00000493');
INSERT INTO employee VALUES ('D-00000494', 'Patricia', 'Brown', 'Doctor');
INSERT INTO doctor VALUES ('D-00000494');
INSERT INTO employee_address VALUES ('D-00000494', 'Powellstad', '88395 Benjamin Course');
INSERT INTO employee_phoneno VALUES ('D-00000494', '+1-(992)-316-5817');
INSERT INTO doctor_consultant VALUES ('D-00000494', 'Dermatology');
INSERT INTO employee VALUES ('D-00000495', 'Caitlin', 'Ortega', 'Doctor');
INSERT INTO doctor VALUES ('D-00000495');
INSERT INTO employee_address VALUES ('D-00000495', 'New Michelle', '34144 King Mountains Suite 564');
INSERT INTO employee_phoneno VALUES ('D-00000495', '+1-(749)-322-9116');
INSERT INTO doctor_intern VALUES ('D-00000495');
INSERT INTO employee VALUES ('D-00000496', 'Anthony', 'Davies', 'Doctor');
INSERT INTO doctor VALUES ('D-00000496');
INSERT INTO employee_address VALUES ('D-00000496', 'Thompsontown', '770 Austin Wells');
INSERT INTO employee_phoneno VALUES ('D-00000496', '+1-(134)-322-8279');
INSERT INTO doctor_resident VALUES ('D-00000496');
INSERT INTO employee VALUES ('D-00000497', 'David', 'Bailey', 'Doctor');
INSERT INTO doctor VALUES ('D-00000497');
INSERT INTO employee_address VALUES ('D-00000497', 'West Sandraburgh', '5797 Kim Crest');
INSERT INTO employee_phoneno VALUES ('D-00000497', '+1-(863)-442-6276');
INSERT INTO doctor_consultant VALUES ('D-00000497', 'Anethisology');
INSERT INTO employee VALUES ('D-00000498', 'Spencer', 'Powers', 'Doctor');
INSERT INTO doctor VALUES ('D-00000498');
INSERT INTO employee_address VALUES ('D-00000498', 'North Billbury', '44139 Thompson Corner');
INSERT INTO employee_phoneno VALUES ('D-00000498', '+1-(997)-492-5475');
INSERT INTO doctor_intern VALUES ('D-00000498');
INSERT INTO employee VALUES ('D-00000499', 'Lisa', 'Mcintosh', 'Doctor');
INSERT INTO doctor VALUES ('D-00000499');
INSERT INTO employee_address VALUES ('D-00000499', 'Stevenshire', '55711 Joseph Stream Apt. 900');
INSERT INTO employee_phoneno VALUES ('D-00000499', '+1-(526)-896-3885');
INSERT INTO doctor_resident VALUES ('D-00000499');
INSERT INTO employee VALUES ('D-00000500', 'Sylvia', 'French', 'Doctor');
INSERT INTO doctor VALUES ('D-00000500');
INSERT INTO employee_address VALUES ('D-00000500', 'South Pamela', '9460 Benjamin Street');
INSERT INTO employee_phoneno VALUES ('D-00000500', '+1-(749)-122-6544');
INSERT INTO doctor_consultant VALUES ('D-00000500', 'Anethisology');

INSERT INTO employee VALUES ('N-00000001', 'Timothy', 'Thomas', 'Nurse');
INSERT INTO nurse VALUES ('N-00000001', '2001/8/3');
INSERT INTO employee_address VALUES ('N-00000001', 'West Christopherfurt', '619 Michael Villages Suite 761');
INSERT INTO employee_phoneno VALUES ('N-00000001', '+1-(956)-668-6321');
INSERT INTO nurse_midwife VALUES ('N-00000001');
INSERT INTO employee VALUES ('N-00000002', 'Michael', 'Dawson', 'Nurse');
INSERT INTO nurse VALUES ('N-00000002', '1967/4/26');
INSERT INTO employee_address VALUES ('N-00000002', 'South Phillipberg', '76046 David Causeway');
INSERT INTO employee_phoneno VALUES ('N-00000002', '+1-(237)-661-2359');
INSERT INTO nurse_enrolled VALUES ('N-00000002');
INSERT INTO employee VALUES ('N-00000003', 'Alan', 'Boone', 'Nurse');
INSERT INTO nurse VALUES ('N-00000003', '1945/3/23');
INSERT INTO employee_address VALUES ('N-00000003', 'Hernandezbury', '9122 Andrew Lodge');
INSERT INTO employee_phoneno VALUES ('N-00000003', '+1-(843)-327-3674');
INSERT INTO nurse_registered VALUES ('N-00000003');
INSERT INTO employee VALUES ('N-00000004', 'Lori', 'Lawrence', 'Nurse');
INSERT INTO nurse VALUES ('N-00000004', '1954/3/29');
INSERT INTO employee_address VALUES ('N-00000004', 'Colleenport', '25441 Barbara Plains');
INSERT INTO employee_phoneno VALUES ('N-00000004', '+1-(227)-857-7373');
INSERT INTO nurse_midwife VALUES ('N-00000004');
INSERT INTO employee VALUES ('N-00000005', 'Emily', 'Warren', 'Nurse');
INSERT INTO nurse VALUES ('N-00000005', '1994/6/10');
INSERT INTO employee_address VALUES ('N-00000005', 'Alvarezmouth', '21544 Keith Terrace');
INSERT INTO employee_phoneno VALUES ('N-00000005', '+1-(970)-736-1614');
INSERT INTO nurse_enrolled VALUES ('N-00000005');
INSERT INTO employee VALUES ('N-00000006', 'Robert', 'Blake', 'Nurse');
INSERT INTO nurse VALUES ('N-00000006', '2006/3/22');
INSERT INTO employee_address VALUES ('N-00000006', 'East Carol', '5757 Baker Views');
INSERT INTO employee_phoneno VALUES ('N-00000006', '+1-(409)-459-2763');
INSERT INTO nurse_registered VALUES ('N-00000006');
INSERT INTO employee VALUES ('N-00000007', 'Robin', 'Anthony', 'Nurse');
INSERT INTO nurse VALUES ('N-00000007', '2014/8/27');
INSERT INTO employee_address VALUES ('N-00000007', 'Jordanfort', '72451 Katherine Island');
INSERT INTO employee_phoneno VALUES ('N-00000007', '+1-(556)-151-6505');
INSERT INTO nurse_midwife VALUES ('N-00000007');
INSERT INTO employee VALUES ('N-00000008', 'Stephanie', 'Brown', 'Nurse');
INSERT INTO nurse VALUES ('N-00000008', '1995/6/26');
INSERT INTO employee_address VALUES ('N-00000008', 'Solisburgh', '5136 Richard Circle');
INSERT INTO employee_phoneno VALUES ('N-00000008', '+1-(165)-408-7655');
INSERT INTO nurse_enrolled VALUES ('N-00000008');
INSERT INTO employee VALUES ('N-00000009', 'Anne', 'Byrd', 'Nurse');
INSERT INTO nurse VALUES ('N-00000009', '1983/9/25');
INSERT INTO employee_address VALUES ('N-00000009', 'North Jocelyn', '8596 Brown Mission');
INSERT INTO employee_phoneno VALUES ('N-00000009', '+1-(792)-677-9155');
INSERT INTO nurse_registered VALUES ('N-00000009');
INSERT INTO employee VALUES ('N-00000010', 'Sean', 'Carter', 'Nurse');
INSERT INTO nurse VALUES ('N-00000010', '2008/9/4');
INSERT INTO employee_address VALUES ('N-00000010', 'Millerside', '3611 Mccarthy Drive Apt. 366');
INSERT INTO employee_phoneno VALUES ('N-00000010', '+1-(617)-227-6548');
INSERT INTO nurse_midwife VALUES ('N-00000010');
INSERT INTO employee VALUES ('N-00000011', 'Christine', 'Williamson', 'Nurse');
INSERT INTO nurse VALUES ('N-00000011', '1986/5/16');
INSERT INTO employee_address VALUES ('N-00000011', 'West Allisonfort', '145 Wright Rest Suite 063');
INSERT INTO employee_phoneno VALUES ('N-00000011', '+1-(390)-550-2595');
INSERT INTO nurse_enrolled VALUES ('N-00000011');
INSERT INTO employee VALUES ('N-00000012', 'Debbie', 'Gibson', 'Nurse');
INSERT INTO nurse VALUES ('N-00000012', '1965/9/26');
INSERT INTO employee_address VALUES ('N-00000012', 'New Danielside', '398 Benjamin Prairie');
INSERT INTO employee_phoneno VALUES ('N-00000012', '+1-(669)-824-4171');
INSERT INTO nurse_registered VALUES ('N-00000012');
INSERT INTO employee VALUES ('N-00000013', 'Andrew', 'Best', 'Nurse');
INSERT INTO nurse VALUES ('N-00000013', '1967/6/3');
INSERT INTO employee_address VALUES ('N-00000013', 'Smithfort', '166 Reed Lodge');
INSERT INTO employee_phoneno VALUES ('N-00000013', '+1-(779)-999-9081');
INSERT INTO nurse_midwife VALUES ('N-00000013');
INSERT INTO employee VALUES ('N-00000014', 'Joseph', 'Woodard', 'Nurse');
INSERT INTO nurse VALUES ('N-00000014', '2014/3/0');
INSERT INTO employee_address VALUES ('N-00000014', 'Ramosmouth', '4603 Julia Route');
INSERT INTO employee_phoneno VALUES ('N-00000014', '+1-(881)-086-2097');
INSERT INTO nurse_enrolled VALUES ('N-00000014');
INSERT INTO employee VALUES ('N-00000015', 'Catherine', 'Sullivan', 'Nurse');
INSERT INTO nurse VALUES ('N-00000015', '1976/4/16');
INSERT INTO employee_address VALUES ('N-00000015', 'West Shannonview', '1708 Atkinson Squares');
INSERT INTO employee_phoneno VALUES ('N-00000015', '+1-(369)-846-2672');
INSERT INTO nurse_registered VALUES ('N-00000015');
INSERT INTO employee VALUES ('N-00000016', 'Jennifer', 'Torres', 'Nurse');
INSERT INTO nurse VALUES ('N-00000016', '1964/2/17');
INSERT INTO employee_address VALUES ('N-00000016', 'Paulamouth', '77740 Harper Roads Suite 092');
INSERT INTO employee_phoneno VALUES ('N-00000016', '+1-(446)-270-6643');
INSERT INTO nurse_midwife VALUES ('N-00000016');
INSERT INTO employee VALUES ('N-00000017', 'William', 'Martinez', 'Nurse');
INSERT INTO nurse VALUES ('N-00000017', '1945/0/23');
INSERT INTO employee_address VALUES ('N-00000017', 'West Holly', '4175 Klein Points Suite 628');
INSERT INTO employee_phoneno VALUES ('N-00000017', '+1-(988)-710-7694');
INSERT INTO nurse_enrolled VALUES ('N-00000017');
INSERT INTO employee VALUES ('N-00000018', 'Brian', 'Bryant', 'Nurse');
INSERT INTO nurse VALUES ('N-00000018', '1948/7/23');
INSERT INTO employee_address VALUES ('N-00000018', 'Keithview', '6548 Kathleen Motorway');
INSERT INTO employee_phoneno VALUES ('N-00000018', '+1-(976)-842-0952');
INSERT INTO nurse_registered VALUES ('N-00000018');
INSERT INTO employee VALUES ('N-00000019', 'Christopher', 'Wilson', 'Nurse');
INSERT INTO nurse VALUES ('N-00000019', '1985/1/5');
INSERT INTO employee_address VALUES ('N-00000019', 'Port Jameschester', '2871 Stephenson Fork Apt. 352');
INSERT INTO employee_phoneno VALUES ('N-00000019', '+1-(479)-545-0400');
INSERT INTO nurse_midwife VALUES ('N-00000019');
INSERT INTO employee VALUES ('N-00000020', 'Christopher', 'Huff', 'Nurse');
INSERT INTO nurse VALUES ('N-00000020', '1969/0/0');
INSERT INTO employee_address VALUES ('N-00000020', 'Andrewland', '70534 Juan Manor');
INSERT INTO employee_phoneno VALUES ('N-00000020', '+1-(642)-063-3245');
INSERT INTO nurse_enrolled VALUES ('N-00000020');
INSERT INTO employee VALUES ('N-00000021', 'Adam', 'Andrews', 'Nurse');
INSERT INTO nurse VALUES ('N-00000021', '1957/5/14');
INSERT INTO employee_address VALUES ('N-00000021', 'Mullinsville', '39124 Ryan Stravenue');
INSERT INTO employee_phoneno VALUES ('N-00000021', '+1-(653)-771-0810');
INSERT INTO nurse_registered VALUES ('N-00000021');
INSERT INTO employee VALUES ('N-00000022', 'John', 'Rogers', 'Nurse');
INSERT INTO nurse VALUES ('N-00000022', '1989/9/17');
INSERT INTO employee_address VALUES ('N-00000022', 'Port Joview', '910 Tyler Corners');
INSERT INTO employee_phoneno VALUES ('N-00000022', '+1-(457)-340-2708');
INSERT INTO nurse_midwife VALUES ('N-00000022');
INSERT INTO employee VALUES ('N-00000023', 'Chase', 'Ingram', 'Nurse');
INSERT INTO nurse VALUES ('N-00000023', '1982/9/9');
INSERT INTO employee_address VALUES ('N-00000023', 'Westview', '54118 Zachary Summit');
INSERT INTO employee_phoneno VALUES ('N-00000023', '+1-(789)-224-3619');
INSERT INTO nurse_enrolled VALUES ('N-00000023');
INSERT INTO employee VALUES ('N-00000024', 'Michael', 'Harris', 'Nurse');
INSERT INTO nurse VALUES ('N-00000024', '1967/3/28');
INSERT INTO employee_address VALUES ('N-00000024', 'Lake Catherine', '2524 Johnson Pass');
INSERT INTO employee_phoneno VALUES ('N-00000024', '+1-(468)-592-8388');
INSERT INTO nurse_registered VALUES ('N-00000024');
INSERT INTO employee VALUES ('N-00000025', 'Cheryl', 'Kidd', 'Nurse');
INSERT INTO nurse VALUES ('N-00000025', '1995/11/29');
INSERT INTO employee_address VALUES ('N-00000025', 'Brendaland', '045 Ray Ranch Apt. 722');
INSERT INTO employee_phoneno VALUES ('N-00000025', '+1-(444)-087-7797');
INSERT INTO nurse_midwife VALUES ('N-00000025');
INSERT INTO employee VALUES ('N-00000026', 'Sandra', 'Sawyer', 'Nurse');
INSERT INTO nurse VALUES ('N-00000026', '1998/4/29');
INSERT INTO employee_address VALUES ('N-00000026', 'Lake Davidville', '772 Brown Port');
INSERT INTO employee_phoneno VALUES ('N-00000026', '+1-(991)-858-3298');
INSERT INTO nurse_enrolled VALUES ('N-00000026');
INSERT INTO employee VALUES ('N-00000027', 'Mary', 'Donaldson', 'Nurse');
INSERT INTO nurse VALUES ('N-00000027', '1976/7/4');
INSERT INTO employee_address VALUES ('N-00000027', 'New Stephenburgh', '424 David Plaza Suite 877');
INSERT INTO employee_phoneno VALUES ('N-00000027', '+1-(626)-740-8135');
INSERT INTO nurse_registered VALUES ('N-00000027');
INSERT INTO employee VALUES ('N-00000028', 'Scott', 'Lewis', 'Nurse');
INSERT INTO nurse VALUES ('N-00000028', '2015/2/28');
INSERT INTO employee_address VALUES ('N-00000028', 'New Charles', '8980 Williams Lakes Suite 010');
INSERT INTO employee_phoneno VALUES ('N-00000028', '+1-(257)-984-4795');
INSERT INTO nurse_midwife VALUES ('N-00000028');
INSERT INTO employee VALUES ('N-00000029', 'Katherine', 'Rivera', 'Nurse');
INSERT INTO nurse VALUES ('N-00000029', '1950/8/30');
INSERT INTO employee_address VALUES ('N-00000029', 'West Anna', '986 Davis Parkway');
INSERT INTO employee_phoneno VALUES ('N-00000029', '+1-(967)-774-9040');
INSERT INTO nurse_enrolled VALUES ('N-00000029');
INSERT INTO employee VALUES ('N-00000030', 'John', 'Weiss', 'Nurse');
INSERT INTO nurse VALUES ('N-00000030', '1982/5/1');
INSERT INTO employee_address VALUES ('N-00000030', 'Barryville', '83630 Brewer Crossroad');
INSERT INTO employee_phoneno VALUES ('N-00000030', '+1-(964)-109-1264');
INSERT INTO nurse_registered VALUES ('N-00000030');
INSERT INTO employee VALUES ('N-00000031', 'Kelly', 'Wright', 'Nurse');
INSERT INTO nurse VALUES ('N-00000031', '2006/6/29');
INSERT INTO employee_address VALUES ('N-00000031', 'Theresaton', '53668 Melanie Forge');
INSERT INTO employee_phoneno VALUES ('N-00000031', '+1-(672)-343-2934');
INSERT INTO nurse_midwife VALUES ('N-00000031');
INSERT INTO employee VALUES ('N-00000032', 'Robert', 'Jones', 'Nurse');
INSERT INTO nurse VALUES ('N-00000032', '1967/8/11');
INSERT INTO employee_address VALUES ('N-00000032', 'Lake Christineland', '858 Shari Forge Suite 828');
INSERT INTO employee_phoneno VALUES ('N-00000032', '+1-(366)-222-4813');
INSERT INTO nurse_enrolled VALUES ('N-00000032');
INSERT INTO employee VALUES ('N-00000033', 'James', 'Myers', 'Nurse');
INSERT INTO nurse VALUES ('N-00000033', '1971/11/15');
INSERT INTO employee_address VALUES ('N-00000033', 'Thompsontown', '9815 Felicia Crescent Apt. 204');
INSERT INTO employee_phoneno VALUES ('N-00000033', '+1-(567)-842-8032');
INSERT INTO nurse_registered VALUES ('N-00000033');
INSERT INTO employee VALUES ('N-00000034', 'Sharon', 'Dudley', 'Nurse');
INSERT INTO nurse VALUES ('N-00000034', '1994/9/2');
INSERT INTO employee_address VALUES ('N-00000034', 'Bellville', '83562 Duncan Islands Apt. 273');
INSERT INTO employee_phoneno VALUES ('N-00000034', '+1-(196)-649-8784');
INSERT INTO nurse_midwife VALUES ('N-00000034');
INSERT INTO employee VALUES ('N-00000035', 'Katelyn', 'Fowler', 'Nurse');
INSERT INTO nurse VALUES ('N-00000035', '1961/5/25');
INSERT INTO employee_address VALUES ('N-00000035', 'Howelltown', '3835 Lori Green Apt. 673');
INSERT INTO employee_phoneno VALUES ('N-00000035', '+1-(919)-912-4625');
INSERT INTO nurse_enrolled VALUES ('N-00000035');
INSERT INTO employee VALUES ('N-00000036', 'Jacqueline', 'Montoya', 'Nurse');
INSERT INTO nurse VALUES ('N-00000036', '1991/6/10');
INSERT INTO employee_address VALUES ('N-00000036', 'South Carlosview', '194 Steven Station');
INSERT INTO employee_phoneno VALUES ('N-00000036', '+1-(523)-667-2364');
INSERT INTO nurse_registered VALUES ('N-00000036');
INSERT INTO employee VALUES ('N-00000037', 'Scott', 'Dorsey', 'Nurse');
INSERT INTO nurse VALUES ('N-00000037', '1992/3/23');
INSERT INTO employee_address VALUES ('N-00000037', 'West David', '9559 Billy Isle Apt. 916');
INSERT INTO employee_phoneno VALUES ('N-00000037', '+1-(330)-237-7875');
INSERT INTO nurse_midwife VALUES ('N-00000037');
INSERT INTO employee VALUES ('N-00000038', 'Eric', 'Bradley', 'Nurse');
INSERT INTO nurse VALUES ('N-00000038', '1974/11/7');
INSERT INTO employee_address VALUES ('N-00000038', 'Lake Rebeccafort', '580 Martinez Center Apt. 307');
INSERT INTO employee_phoneno VALUES ('N-00000038', '+1-(349)-317-1274');
INSERT INTO nurse_enrolled VALUES ('N-00000038');
INSERT INTO employee VALUES ('N-00000039', 'Becky', 'Edwards', 'Nurse');
INSERT INTO nurse VALUES ('N-00000039', '1981/0/6');
INSERT INTO employee_address VALUES ('N-00000039', 'East Lisafurt', '11600 Deborah Ridge');
INSERT INTO employee_phoneno VALUES ('N-00000039', '+1-(995)-447-7743');
INSERT INTO nurse_registered VALUES ('N-00000039');
INSERT INTO employee VALUES ('N-00000040', 'David', 'Hill', 'Nurse');
INSERT INTO nurse VALUES ('N-00000040', '2012/5/13');
INSERT INTO employee_address VALUES ('N-00000040', 'Kellytown', '13715 Cochran Mews Apt. 796');
INSERT INTO employee_phoneno VALUES ('N-00000040', '+1-(516)-693-6979');
INSERT INTO nurse_midwife VALUES ('N-00000040');
INSERT INTO employee VALUES ('N-00000041', 'Travis', 'Smith', 'Nurse');
INSERT INTO nurse VALUES ('N-00000041', '1963/12/29');
INSERT INTO employee_address VALUES ('N-00000041', 'Georgeshire', '4826 Hamilton Islands Apt. 672');
INSERT INTO employee_phoneno VALUES ('N-00000041', '+1-(642)-782-1424');
INSERT INTO nurse_enrolled VALUES ('N-00000041');
INSERT INTO employee VALUES ('N-00000042', 'Kimberly', 'Jackson', 'Nurse');
INSERT INTO nurse VALUES ('N-00000042', '1969/7/18');
INSERT INTO employee_address VALUES ('N-00000042', 'Fitzpatrickside', '15406 Cheryl Lock Suite 154');
INSERT INTO employee_phoneno VALUES ('N-00000042', '+1-(110)-758-3221');
INSERT INTO nurse_registered VALUES ('N-00000042');
INSERT INTO employee VALUES ('N-00000043', 'Michael', 'Delgado', 'Nurse');
INSERT INTO nurse VALUES ('N-00000043', '2006/12/26');
INSERT INTO employee_address VALUES ('N-00000043', 'Marshallbury', '9032 Sharon Lodge');
INSERT INTO employee_phoneno VALUES ('N-00000043', '+1-(897)-602-5183');
INSERT INTO nurse_midwife VALUES ('N-00000043');
INSERT INTO employee VALUES ('N-00000044', 'Daniel', 'Peterson', 'Nurse');
INSERT INTO nurse VALUES ('N-00000044', '1947/12/1');
INSERT INTO employee_address VALUES ('N-00000044', 'Vazquezport', '993 Griffin Burgs');
INSERT INTO employee_phoneno VALUES ('N-00000044', '+1-(885)-423-0507');
INSERT INTO nurse_enrolled VALUES ('N-00000044');
INSERT INTO employee VALUES ('N-00000045', 'Morgan', 'Snyder', 'Nurse');
INSERT INTO nurse VALUES ('N-00000045', '1987/3/10');
INSERT INTO employee_address VALUES ('N-00000045', 'North Jamieview', '8632 Joshua Unions Apt. 566');
INSERT INTO employee_phoneno VALUES ('N-00000045', '+1-(302)-032-3957');
INSERT INTO nurse_registered VALUES ('N-00000045');
INSERT INTO employee VALUES ('N-00000046', 'Chase', 'Cruz', 'Nurse');
INSERT INTO nurse VALUES ('N-00000046', '1978/2/0');
INSERT INTO employee_address VALUES ('N-00000046', 'Jessicaside', '13544 Wilson Light');
INSERT INTO employee_phoneno VALUES ('N-00000046', '+1-(520)-247-6469');
INSERT INTO nurse_midwife VALUES ('N-00000046');
INSERT INTO employee VALUES ('N-00000047', 'Amanda', 'Grant', 'Nurse');
INSERT INTO nurse VALUES ('N-00000047', '2007/1/20');
INSERT INTO employee_address VALUES ('N-00000047', 'Pearsonmouth', '335 William Gateway Apt. 491');
INSERT INTO employee_phoneno VALUES ('N-00000047', '+1-(177)-060-5475');
INSERT INTO nurse_enrolled VALUES ('N-00000047');
INSERT INTO employee VALUES ('N-00000048', 'Alicia', 'Juarez', 'Nurse');
INSERT INTO nurse VALUES ('N-00000048', '1958/0/5');
INSERT INTO employee_address VALUES ('N-00000048', 'West Christopher', '6638 Roberts Motorway');
INSERT INTO employee_phoneno VALUES ('N-00000048', '+1-(183)-425-5561');
INSERT INTO nurse_registered VALUES ('N-00000048');
INSERT INTO employee VALUES ('N-00000049', 'Kelly', 'Harmon', 'Nurse');
INSERT INTO nurse VALUES ('N-00000049', '2007/1/26');
INSERT INTO employee_address VALUES ('N-00000049', 'New Alecbury', '894 Jennifer Stravenue');
INSERT INTO employee_phoneno VALUES ('N-00000049', '+1-(453)-563-6721');
INSERT INTO nurse_midwife VALUES ('N-00000049');
INSERT INTO employee VALUES ('N-00000050', 'Kevin', 'Long', 'Nurse');
INSERT INTO nurse VALUES ('N-00000050', '1973/12/29');
INSERT INTO employee_address VALUES ('N-00000050', 'West Jose', '37835 Green Shoal');
INSERT INTO employee_phoneno VALUES ('N-00000050', '+1-(388)-331-2860');
INSERT INTO nurse_enrolled VALUES ('N-00000050');
INSERT INTO employee VALUES ('N-00000051', 'Megan', 'Williams', 'Nurse');
INSERT INTO nurse VALUES ('N-00000051', '1986/7/15');
INSERT INTO employee_address VALUES ('N-00000051', 'New Matthew', '3622 Dalton Centers Suite 918');
INSERT INTO employee_phoneno VALUES ('N-00000051', '+1-(807)-734-8218');
INSERT INTO nurse_registered VALUES ('N-00000051');
INSERT INTO employee VALUES ('N-00000052', 'Laura', 'Kirby', 'Nurse');
INSERT INTO nurse VALUES ('N-00000052', '1965/4/26');
INSERT INTO employee_address VALUES ('N-00000052', 'Port Victoriaberg', '9678 Kelly Harbor Suite 486');
INSERT INTO employee_phoneno VALUES ('N-00000052', '+1-(187)-468-1189');
INSERT INTO nurse_midwife VALUES ('N-00000052');
INSERT INTO employee VALUES ('N-00000053', 'Bethany', 'Williams', 'Nurse');
INSERT INTO nurse VALUES ('N-00000053', '1972/4/14');
INSERT INTO employee_address VALUES ('N-00000053', 'Lake Rebeccaborough', '9149 Carter Ramp');
INSERT INTO employee_phoneno VALUES ('N-00000053', '+1-(782)-965-9419');
INSERT INTO nurse_enrolled VALUES ('N-00000053');
INSERT INTO employee VALUES ('N-00000054', 'David', 'Green', 'Nurse');
INSERT INTO nurse VALUES ('N-00000054', '1953/11/9');
INSERT INTO employee_address VALUES ('N-00000054', 'East Tonya', '87397 Rojas Mews Suite 076');
INSERT INTO employee_phoneno VALUES ('N-00000054', '+1-(997)-868-7402');
INSERT INTO nurse_registered VALUES ('N-00000054');
INSERT INTO employee VALUES ('N-00000055', 'Maureen', 'Garcia', 'Nurse');
INSERT INTO nurse VALUES ('N-00000055', '1960/12/29');
INSERT INTO employee_address VALUES ('N-00000055', 'Barnesfurt', '30761 Alicia Keys');
INSERT INTO employee_phoneno VALUES ('N-00000055', '+1-(644)-122-0176');
INSERT INTO nurse_midwife VALUES ('N-00000055');
INSERT INTO employee VALUES ('N-00000056', 'Amanda', 'Coleman', 'Nurse');
INSERT INTO nurse VALUES ('N-00000056', '1970/4/9');
INSERT INTO employee_address VALUES ('N-00000056', 'Lake Elaine', '94889 Foster Ranch Apt. 920');
INSERT INTO employee_phoneno VALUES ('N-00000056', '+1-(555)-175-6845');
INSERT INTO nurse_enrolled VALUES ('N-00000056');
INSERT INTO employee VALUES ('N-00000057', 'Vanessa', 'Anderson', 'Nurse');
INSERT INTO nurse VALUES ('N-00000057', '2013/0/24');
INSERT INTO employee_address VALUES ('N-00000057', 'East Cathy', '4001 Stacey Expressway');
INSERT INTO employee_phoneno VALUES ('N-00000057', '+1-(335)-231-9669');
INSERT INTO nurse_registered VALUES ('N-00000057');
INSERT INTO employee VALUES ('N-00000058', 'Robert', 'Wilson', 'Nurse');
INSERT INTO nurse VALUES ('N-00000058', '2002/9/9');
INSERT INTO employee_address VALUES ('N-00000058', 'East Sandraland', '682 David Trail Apt. 485');
INSERT INTO employee_phoneno VALUES ('N-00000058', '+1-(383)-148-2473');
INSERT INTO nurse_midwife VALUES ('N-00000058');
INSERT INTO employee VALUES ('N-00000059', 'Michelle', 'Perry', 'Nurse');
INSERT INTO nurse VALUES ('N-00000059', '1976/0/22');
INSERT INTO employee_address VALUES ('N-00000059', 'Livingstonstad', '7473 Richard Lakes Suite 052');
INSERT INTO employee_phoneno VALUES ('N-00000059', '+1-(524)-338-7392');
INSERT INTO nurse_enrolled VALUES ('N-00000059');
INSERT INTO employee VALUES ('N-00000060', 'Eduardo', 'Sweeney', 'Nurse');
INSERT INTO nurse VALUES ('N-00000060', '1998/6/28');
INSERT INTO employee_address VALUES ('N-00000060', 'Saraside', '8890 Tammy Walk');
INSERT INTO employee_phoneno VALUES ('N-00000060', '+1-(508)-909-3777');
INSERT INTO nurse_registered VALUES ('N-00000060');
INSERT INTO employee VALUES ('N-00000061', 'Kyle', 'Fletcher', 'Nurse');
INSERT INTO nurse VALUES ('N-00000061', '1949/8/13');
INSERT INTO employee_address VALUES ('N-00000061', 'Sawyerside', '9779 Hodge Path Apt. 785');
INSERT INTO employee_phoneno VALUES ('N-00000061', '+1-(569)-467-5655');
INSERT INTO nurse_midwife VALUES ('N-00000061');
INSERT INTO employee VALUES ('N-00000062', 'Bridget', 'Collins', 'Nurse');
INSERT INTO nurse VALUES ('N-00000062', '1960/5/1');
INSERT INTO employee_address VALUES ('N-00000062', 'Crawfordmouth', '46507 Smith Dale');
INSERT INTO employee_phoneno VALUES ('N-00000062', '+1-(483)-815-4763');
INSERT INTO nurse_enrolled VALUES ('N-00000062');
INSERT INTO employee VALUES ('N-00000063', 'Anthony', 'Johnson', 'Nurse');
INSERT INTO nurse VALUES ('N-00000063', '1983/10/17');
INSERT INTO employee_address VALUES ('N-00000063', 'New Rose', '46940 Davis Stream Apt. 869');
INSERT INTO employee_phoneno VALUES ('N-00000063', '+1-(217)-949-0194');
INSERT INTO nurse_registered VALUES ('N-00000063');
INSERT INTO employee VALUES ('N-00000064', 'Julie', 'Murphy', 'Nurse');
INSERT INTO nurse VALUES ('N-00000064', '1968/10/16');
INSERT INTO employee_address VALUES ('N-00000064', 'East Cristinamouth', '3113 Patricia Pike Suite 454');
INSERT INTO employee_phoneno VALUES ('N-00000064', '+1-(588)-678-3094');
INSERT INTO nurse_midwife VALUES ('N-00000064');
INSERT INTO employee VALUES ('N-00000065', 'Lauren', 'Cooper', 'Nurse');
INSERT INTO nurse VALUES ('N-00000065', '1999/12/28');
INSERT INTO employee_address VALUES ('N-00000065', 'North Robertville', '9706 Gabriel Island Apt. 407');
INSERT INTO employee_phoneno VALUES ('N-00000065', '+1-(419)-312-7311');
INSERT INTO nurse_enrolled VALUES ('N-00000065');
INSERT INTO employee VALUES ('N-00000066', 'Bailey', 'Lowery', 'Nurse');
INSERT INTO nurse VALUES ('N-00000066', '1986/11/7');
INSERT INTO employee_address VALUES ('N-00000066', 'Barkerbury', '09599 Wallace Haven Suite 283');
INSERT INTO employee_phoneno VALUES ('N-00000066', '+1-(925)-732-3567');
INSERT INTO nurse_registered VALUES ('N-00000066');
INSERT INTO employee VALUES ('N-00000067', 'Danielle', 'Wilson', 'Nurse');
INSERT INTO nurse VALUES ('N-00000067', '2000/10/13');
INSERT INTO employee_address VALUES ('N-00000067', 'South Martin', '9307 Todd Street');
INSERT INTO employee_phoneno VALUES ('N-00000067', '+1-(970)-181-1606');
INSERT INTO nurse_midwife VALUES ('N-00000067');
INSERT INTO employee VALUES ('N-00000068', 'Mark', 'Pennington', 'Nurse');
INSERT INTO nurse VALUES ('N-00000068', '1990/11/30');
INSERT INTO employee_address VALUES ('N-00000068', 'Lanestad', '81559 Luis Cove Apt. 911');
INSERT INTO employee_phoneno VALUES ('N-00000068', '+1-(727)-136-1508');
INSERT INTO nurse_enrolled VALUES ('N-00000068');
INSERT INTO employee VALUES ('N-00000069', 'David', 'Reese', 'Nurse');
INSERT INTO nurse VALUES ('N-00000069', '1992/0/0');
INSERT INTO employee_address VALUES ('N-00000069', 'East Tinashire', '9911 Mcdonald Manor');
INSERT INTO employee_phoneno VALUES ('N-00000069', '+1-(621)-864-0433');
INSERT INTO nurse_registered VALUES ('N-00000069');
INSERT INTO employee VALUES ('N-00000070', 'Jonathan', 'Buchanan', 'Nurse');
INSERT INTO nurse VALUES ('N-00000070', '2009/10/20');
INSERT INTO employee_address VALUES ('N-00000070', 'Hopkinsshire', '03298 Wilson Ridge');
INSERT INTO employee_phoneno VALUES ('N-00000070', '+1-(588)-457-5678');
INSERT INTO nurse_midwife VALUES ('N-00000070');
INSERT INTO employee VALUES ('N-00000071', 'David', 'Grant', 'Nurse');
INSERT INTO nurse VALUES ('N-00000071', '1964/2/2');
INSERT INTO employee_address VALUES ('N-00000071', 'Annabury', '547 Whitehead Green Apt. 028');
INSERT INTO employee_phoneno VALUES ('N-00000071', '+1-(657)-760-2452');
INSERT INTO nurse_enrolled VALUES ('N-00000071');
INSERT INTO employee VALUES ('N-00000072', 'Tasha', 'Schmidt', 'Nurse');
INSERT INTO nurse VALUES ('N-00000072', '1990/2/10');
INSERT INTO employee_address VALUES ('N-00000072', 'Kellifort', '830 Elizabeth Trafficway Suite 040');
INSERT INTO employee_phoneno VALUES ('N-00000072', '+1-(752)-828-0335');
INSERT INTO nurse_registered VALUES ('N-00000072');
INSERT INTO employee VALUES ('N-00000073', 'Curtis', 'Vang', 'Nurse');
INSERT INTO nurse VALUES ('N-00000073', '1959/4/9');
INSERT INTO employee_address VALUES ('N-00000073', 'Kathleenhaven', '382 Wilson Prairie Apt. 519');
INSERT INTO employee_phoneno VALUES ('N-00000073', '+1-(655)-880-0226');
INSERT INTO nurse_midwife VALUES ('N-00000073');
INSERT INTO employee VALUES ('N-00000074', 'Michele', 'Williams', 'Nurse');
INSERT INTO nurse VALUES ('N-00000074', '1958/2/3');
INSERT INTO employee_address VALUES ('N-00000074', 'East Johnnyview', '157 Valdez Stream Apt. 242');
INSERT INTO employee_phoneno VALUES ('N-00000074', '+1-(255)-861-6128');
INSERT INTO nurse_enrolled VALUES ('N-00000074');
INSERT INTO employee VALUES ('N-00000075', 'Adam', 'Gonzalez', 'Nurse');
INSERT INTO nurse VALUES ('N-00000075', '1981/5/2');
INSERT INTO employee_address VALUES ('N-00000075', 'New Robinchester', '87090 Brown Parkway');
INSERT INTO employee_phoneno VALUES ('N-00000075', '+1-(332)-453-7876');
INSERT INTO nurse_registered VALUES ('N-00000075');
INSERT INTO employee VALUES ('N-00000076', 'Donald', 'Collins', 'Nurse');
INSERT INTO nurse VALUES ('N-00000076', '1975/9/27');
INSERT INTO employee_address VALUES ('N-00000076', 'Henryborough', '102 Maria Forest Apt. 899');
INSERT INTO employee_phoneno VALUES ('N-00000076', '+1-(804)-222-9936');
INSERT INTO nurse_midwife VALUES ('N-00000076');
INSERT INTO employee VALUES ('N-00000077', 'Rachael', 'Lee', 'Nurse');
INSERT INTO nurse VALUES ('N-00000077', '1985/0/10');
INSERT INTO employee_address VALUES ('N-00000077', 'Ashleyton', '40722 Baker Prairie');
INSERT INTO employee_phoneno VALUES ('N-00000077', '+1-(331)-167-9859');
INSERT INTO nurse_enrolled VALUES ('N-00000077');
INSERT INTO employee VALUES ('N-00000078', 'Corey', 'Rodriguez', 'Nurse');
INSERT INTO nurse VALUES ('N-00000078', '2010/1/24');
INSERT INTO employee_address VALUES ('N-00000078', 'Thomasmouth', '4484 Michelle Courts Suite 913');
INSERT INTO employee_phoneno VALUES ('N-00000078', '+1-(169)-881-4654');
INSERT INTO nurse_registered VALUES ('N-00000078');
INSERT INTO employee VALUES ('N-00000079', 'Ryan', 'Cruz', 'Nurse');
INSERT INTO nurse VALUES ('N-00000079', '1988/4/25');
INSERT INTO employee_address VALUES ('N-00000079', 'Johnsonfort', '0711 Adam Ridge');
INSERT INTO employee_phoneno VALUES ('N-00000079', '+1-(297)-877-1976');
INSERT INTO nurse_midwife VALUES ('N-00000079');
INSERT INTO employee VALUES ('N-00000080', 'Nathaniel', 'Armstrong', 'Nurse');
INSERT INTO nurse VALUES ('N-00000080', '1973/4/30');
INSERT INTO employee_address VALUES ('N-00000080', 'Brianville', '484 Allison Springs');
INSERT INTO employee_phoneno VALUES ('N-00000080', '+1-(587)-660-5984');
INSERT INTO nurse_enrolled VALUES ('N-00000080');
INSERT INTO employee VALUES ('N-00000081', 'Shelly', 'Lynch', 'Nurse');
INSERT INTO nurse VALUES ('N-00000081', '1993/11/17');
INSERT INTO employee_address VALUES ('N-00000081', 'Nielsenside', '611 Richardson Lock');
INSERT INTO employee_phoneno VALUES ('N-00000081', '+1-(987)-419-1017');
INSERT INTO nurse_registered VALUES ('N-00000081');
INSERT INTO employee VALUES ('N-00000082', 'Mark', 'Richardson', 'Nurse');
INSERT INTO nurse VALUES ('N-00000082', '1994/7/22');
INSERT INTO employee_address VALUES ('N-00000082', 'South Gloria', '2868 Ernest Lodge Apt. 750');
INSERT INTO employee_phoneno VALUES ('N-00000082', '+1-(587)-097-4863');
INSERT INTO nurse_midwife VALUES ('N-00000082');
INSERT INTO employee VALUES ('N-00000083', 'Mary', 'Carey', 'Nurse');
INSERT INTO nurse VALUES ('N-00000083', '2004/6/2');
INSERT INTO employee_address VALUES ('N-00000083', 'Lake Ericaberg', '0529 Amber Forest Suite 498');
INSERT INTO employee_phoneno VALUES ('N-00000083', '+1-(164)-266-7031');
INSERT INTO nurse_enrolled VALUES ('N-00000083');
INSERT INTO employee VALUES ('N-00000084', 'Tina', 'Hill', 'Nurse');
INSERT INTO nurse VALUES ('N-00000084', '1949/8/2');
INSERT INTO employee_address VALUES ('N-00000084', 'Riosburgh', '49971 Mendoza Crescent');
INSERT INTO employee_phoneno VALUES ('N-00000084', '+1-(681)-667-3037');
INSERT INTO nurse_registered VALUES ('N-00000084');
INSERT INTO employee VALUES ('N-00000085', 'Lucas', 'Quinn', 'Nurse');
INSERT INTO nurse VALUES ('N-00000085', '1969/8/24');
INSERT INTO employee_address VALUES ('N-00000085', 'Maloneside', '8606 Gonzalez Spurs');
INSERT INTO employee_phoneno VALUES ('N-00000085', '+1-(815)-089-5076');
INSERT INTO nurse_midwife VALUES ('N-00000085');
INSERT INTO employee VALUES ('N-00000086', 'Desiree', 'Contreras', 'Nurse');
INSERT INTO nurse VALUES ('N-00000086', '1957/11/4');
INSERT INTO employee_address VALUES ('N-00000086', 'East Amberfort', '343 David Grove');
INSERT INTO employee_phoneno VALUES ('N-00000086', '+1-(121)-530-5687');
INSERT INTO nurse_enrolled VALUES ('N-00000086');
INSERT INTO employee VALUES ('N-00000087', 'Angela', 'Robinson', 'Nurse');
INSERT INTO nurse VALUES ('N-00000087', '1994/1/27');
INSERT INTO employee_address VALUES ('N-00000087', 'Fernandochester', '1747 Patricia Station');
INSERT INTO employee_phoneno VALUES ('N-00000087', '+1-(988)-496-5492');
INSERT INTO nurse_registered VALUES ('N-00000087');
INSERT INTO employee VALUES ('N-00000088', 'Chloe', 'Mckay', 'Nurse');
INSERT INTO nurse VALUES ('N-00000088', '1974/11/12');
INSERT INTO employee_address VALUES ('N-00000088', 'East Dawnside', '852 Herbert Mission Apt. 453');
INSERT INTO employee_phoneno VALUES ('N-00000088', '+1-(383)-480-8574');
INSERT INTO nurse_midwife VALUES ('N-00000088');
INSERT INTO employee VALUES ('N-00000089', 'Michael', 'Wilson', 'Nurse');
INSERT INTO nurse VALUES ('N-00000089', '2003/9/7');
INSERT INTO employee_address VALUES ('N-00000089', 'New Toniborough', '3017 Bailey Oval Apt. 557');
INSERT INTO employee_phoneno VALUES ('N-00000089', '+1-(369)-857-8074');
INSERT INTO nurse_enrolled VALUES ('N-00000089');
INSERT INTO employee VALUES ('N-00000090', 'Mary', 'Henderson', 'Nurse');
INSERT INTO nurse VALUES ('N-00000090', '1977/4/5');
INSERT INTO employee_address VALUES ('N-00000090', 'Lake Ronaldbury', '4858 Barron Stravenue');
INSERT INTO employee_phoneno VALUES ('N-00000090', '+1-(465)-692-5044');
INSERT INTO nurse_registered VALUES ('N-00000090');
INSERT INTO employee VALUES ('N-00000091', 'Rebecca', 'Mendoza', 'Nurse');
INSERT INTO nurse VALUES ('N-00000091', '1954/7/18');
INSERT INTO employee_address VALUES ('N-00000091', 'Port Amyfort', '1991 Brandi Cove Suite 832');
INSERT INTO employee_phoneno VALUES ('N-00000091', '+1-(567)-908-3480');
INSERT INTO nurse_midwife VALUES ('N-00000091');
INSERT INTO employee VALUES ('N-00000092', 'Kenneth', 'Taylor', 'Nurse');
INSERT INTO nurse VALUES ('N-00000092', '1981/7/2');
INSERT INTO employee_address VALUES ('N-00000092', 'West Erin', '402 Hannah Mountains');
INSERT INTO employee_phoneno VALUES ('N-00000092', '+1-(213)-092-2875');
INSERT INTO nurse_enrolled VALUES ('N-00000092');
INSERT INTO employee VALUES ('N-00000093', 'Christopher', 'Proctor', 'Nurse');
INSERT INTO nurse VALUES ('N-00000093', '1953/10/6');
INSERT INTO employee_address VALUES ('N-00000093', 'East Tiffany', '17530 Carrie Mission Apt. 689');
INSERT INTO employee_phoneno VALUES ('N-00000093', '+1-(828)-509-9469');
INSERT INTO nurse_registered VALUES ('N-00000093');
INSERT INTO employee VALUES ('N-00000094', 'Stephanie', 'Hubbard', 'Nurse');
INSERT INTO nurse VALUES ('N-00000094', '1988/6/10');
INSERT INTO employee_address VALUES ('N-00000094', 'Port Autumn', '90810 Smith Roads Apt. 196');
INSERT INTO employee_phoneno VALUES ('N-00000094', '+1-(621)-462-6775');
INSERT INTO nurse_midwife VALUES ('N-00000094');
INSERT INTO employee VALUES ('N-00000095', 'Jane', 'Kelly', 'Nurse');
INSERT INTO nurse VALUES ('N-00000095', '1967/12/2');
INSERT INTO employee_address VALUES ('N-00000095', 'Brownport', '6070 Zachary Corners');
INSERT INTO employee_phoneno VALUES ('N-00000095', '+1-(675)-410-2034');
INSERT INTO nurse_enrolled VALUES ('N-00000095');
INSERT INTO employee VALUES ('N-00000096', 'Deborah', 'Rodriguez', 'Nurse');
INSERT INTO nurse VALUES ('N-00000096', '2017/8/29');
INSERT INTO employee_address VALUES ('N-00000096', 'Toddview', '59761 Rodriguez Port');
INSERT INTO employee_phoneno VALUES ('N-00000096', '+1-(140)-514-6450');
INSERT INTO nurse_registered VALUES ('N-00000096');
INSERT INTO employee VALUES ('N-00000097', 'Heidi', 'Miller', 'Nurse');
INSERT INTO nurse VALUES ('N-00000097', '1981/4/10');
INSERT INTO employee_address VALUES ('N-00000097', 'Greenstad', '558 Lewis Green Apt. 651');
INSERT INTO employee_phoneno VALUES ('N-00000097', '+1-(458)-518-8627');
INSERT INTO nurse_midwife VALUES ('N-00000097');
INSERT INTO employee VALUES ('N-00000098', 'Daniel', 'Mathis', 'Nurse');
INSERT INTO nurse VALUES ('N-00000098', '1979/5/24');
INSERT INTO employee_address VALUES ('N-00000098', 'West Dennis', '03476 Davis Gardens Apt. 066');
INSERT INTO employee_phoneno VALUES ('N-00000098', '+1-(763)-825-6920');
INSERT INTO nurse_enrolled VALUES ('N-00000098');
INSERT INTO employee VALUES ('N-00000099', 'Carlos', 'Williams', 'Nurse');
INSERT INTO nurse VALUES ('N-00000099', '1999/4/9');
INSERT INTO employee_address VALUES ('N-00000099', 'North Sharonview', '8678 Nichols Ford Apt. 650');
INSERT INTO employee_phoneno VALUES ('N-00000099', '+1-(177)-029-6629');
INSERT INTO nurse_registered VALUES ('N-00000099');
INSERT INTO employee VALUES ('N-00000100', 'Joseph', 'Wiggins', 'Nurse');
INSERT INTO nurse VALUES ('N-00000100', '1964/9/22');
INSERT INTO employee_address VALUES ('N-00000100', 'Johnschester', '1746 Schmidt Crossing Suite 747');
INSERT INTO employee_phoneno VALUES ('N-00000100', '+1-(324)-991-7172');
INSERT INTO nurse_midwife VALUES ('N-00000100');
INSERT INTO employee VALUES ('N-00000101', 'Oscar', 'Johnson', 'Nurse');
INSERT INTO nurse VALUES ('N-00000101', '1951/1/28');
INSERT INTO employee_address VALUES ('N-00000101', 'Velazquezchester', '575 Jennifer Mountain');
INSERT INTO employee_phoneno VALUES ('N-00000101', '+1-(350)-439-6721');
INSERT INTO nurse_enrolled VALUES ('N-00000101');
INSERT INTO employee VALUES ('N-00000102', 'Jennifer', 'Powers', 'Nurse');
INSERT INTO nurse VALUES ('N-00000102', '2012/0/15');
INSERT INTO employee_address VALUES ('N-00000102', 'Port Keith', '7323 Bradley Forest Apt. 395');
INSERT INTO employee_phoneno VALUES ('N-00000102', '+1-(724)-666-2038');
INSERT INTO nurse_registered VALUES ('N-00000102');
INSERT INTO employee VALUES ('N-00000103', 'Shannon', 'Butler', 'Nurse');
INSERT INTO nurse VALUES ('N-00000103', '1975/4/30');
INSERT INTO employee_address VALUES ('N-00000103', 'New Stevenview', '427 Anderson Valleys');
INSERT INTO employee_phoneno VALUES ('N-00000103', '+1-(493)-059-6195');
INSERT INTO nurse_midwife VALUES ('N-00000103');
INSERT INTO employee VALUES ('N-00000104', 'Jennifer', 'Scott', 'Nurse');
INSERT INTO nurse VALUES ('N-00000104', '1955/9/10');
INSERT INTO employee_address VALUES ('N-00000104', 'Jennifermouth', '53922 Atkins Grove Apt. 485');
INSERT INTO employee_phoneno VALUES ('N-00000104', '+1-(237)-017-3285');
INSERT INTO nurse_enrolled VALUES ('N-00000104');
INSERT INTO employee VALUES ('N-00000105', 'Amanda', 'Leblanc', 'Nurse');
INSERT INTO nurse VALUES ('N-00000105', '2017/3/0');
INSERT INTO employee_address VALUES ('N-00000105', 'East Michele', '2227 Pamela Mission');
INSERT INTO employee_phoneno VALUES ('N-00000105', '+1-(340)-910-3228');
INSERT INTO nurse_registered VALUES ('N-00000105');
INSERT INTO employee VALUES ('N-00000106', 'Calvin', 'Hansen', 'Nurse');
INSERT INTO nurse VALUES ('N-00000106', '2000/1/3');
INSERT INTO employee_address VALUES ('N-00000106', 'Lake Danielstad', '005 Joseph Union Apt. 172');
INSERT INTO employee_phoneno VALUES ('N-00000106', '+1-(347)-432-7167');
INSERT INTO nurse_midwife VALUES ('N-00000106');
INSERT INTO employee VALUES ('N-00000107', 'Lisa', 'Chase', 'Nurse');
INSERT INTO nurse VALUES ('N-00000107', '1964/0/12');
INSERT INTO employee_address VALUES ('N-00000107', 'East Joshuaport', '3604 Brandon Path Apt. 512');
INSERT INTO employee_phoneno VALUES ('N-00000107', '+1-(897)-973-1967');
INSERT INTO nurse_enrolled VALUES ('N-00000107');
INSERT INTO employee VALUES ('N-00000108', 'Jason', 'Johnson', 'Nurse');
INSERT INTO nurse VALUES ('N-00000108', '2009/4/13');
INSERT INTO employee_address VALUES ('N-00000108', 'Kelleyberg', '09266 Curry Trafficway Suite 064');
INSERT INTO employee_phoneno VALUES ('N-00000108', '+1-(831)-777-2472');
INSERT INTO nurse_registered VALUES ('N-00000108');
INSERT INTO employee VALUES ('N-00000109', 'Victor', 'Patterson', 'Nurse');
INSERT INTO nurse VALUES ('N-00000109', '1959/12/24');
INSERT INTO employee_address VALUES ('N-00000109', 'East Elizabeth', '152 Parker Mountains Suite 918');
INSERT INTO employee_phoneno VALUES ('N-00000109', '+1-(691)-158-1407');
INSERT INTO nurse_midwife VALUES ('N-00000109');
INSERT INTO employee VALUES ('N-00000110', 'Katelyn', 'Lowe', 'Nurse');
INSERT INTO nurse VALUES ('N-00000110', '2013/9/13');
INSERT INTO employee_address VALUES ('N-00000110', 'Port Jefferytown', '93624 Philip Glens Apt. 165');
INSERT INTO employee_phoneno VALUES ('N-00000110', '+1-(185)-184-4311');
INSERT INTO nurse_enrolled VALUES ('N-00000110');
INSERT INTO employee VALUES ('N-00000111', 'Marissa', 'Wright', 'Nurse');
INSERT INTO nurse VALUES ('N-00000111', '2000/10/30');
INSERT INTO employee_address VALUES ('N-00000111', 'Christophermouth', '3867 Fernandez Common');
INSERT INTO employee_phoneno VALUES ('N-00000111', '+1-(448)-041-9438');
INSERT INTO nurse_registered VALUES ('N-00000111');
INSERT INTO employee VALUES ('N-00000112', 'Christopher', 'Castro', 'Nurse');
INSERT INTO nurse VALUES ('N-00000112', '1991/2/19');
INSERT INTO employee_address VALUES ('N-00000112', 'Carrmouth', '10460 Taylor Meadows');
INSERT INTO employee_phoneno VALUES ('N-00000112', '+1-(559)-448-2338');
INSERT INTO nurse_midwife VALUES ('N-00000112');
INSERT INTO employee VALUES ('N-00000113', 'Meghan', 'Schwartz', 'Nurse');
INSERT INTO nurse VALUES ('N-00000113', '1986/3/8');
INSERT INTO employee_address VALUES ('N-00000113', 'Tylerland', '117 Johnson Prairie');
INSERT INTO employee_phoneno VALUES ('N-00000113', '+1-(547)-986-2336');
INSERT INTO nurse_enrolled VALUES ('N-00000113');
INSERT INTO employee VALUES ('N-00000114', 'Jean', 'Gutierrez', 'Nurse');
INSERT INTO nurse VALUES ('N-00000114', '1989/5/7');
INSERT INTO employee_address VALUES ('N-00000114', 'Justinhaven', '150 Seth Port');
INSERT INTO employee_phoneno VALUES ('N-00000114', '+1-(875)-183-3833');
INSERT INTO nurse_registered VALUES ('N-00000114');
INSERT INTO employee VALUES ('N-00000115', 'Charles', 'Hicks', 'Nurse');
INSERT INTO nurse VALUES ('N-00000115', '1956/12/5');
INSERT INTO employee_address VALUES ('N-00000115', 'Changshire', '7953 Jack Point');
INSERT INTO employee_phoneno VALUES ('N-00000115', '+1-(960)-672-3331');
INSERT INTO nurse_midwife VALUES ('N-00000115');
INSERT INTO employee VALUES ('N-00000116', 'Erica', 'Diaz', 'Nurse');
INSERT INTO nurse VALUES ('N-00000116', '1949/7/29');
INSERT INTO employee_address VALUES ('N-00000116', 'Singhmouth', '364 Lang Ramp Suite 739');
INSERT INTO employee_phoneno VALUES ('N-00000116', '+1-(964)-419-5356');
INSERT INTO nurse_enrolled VALUES ('N-00000116');
INSERT INTO employee VALUES ('N-00000117', 'Jessica', 'Scott', 'Nurse');
INSERT INTO nurse VALUES ('N-00000117', '1971/2/28');
INSERT INTO employee_address VALUES ('N-00000117', 'Leeville', '6244 Maria Manors');
INSERT INTO employee_phoneno VALUES ('N-00000117', '+1-(138)-153-8640');
INSERT INTO nurse_registered VALUES ('N-00000117');
INSERT INTO employee VALUES ('N-00000118', 'Patrick', 'Thomas', 'Nurse');
INSERT INTO nurse VALUES ('N-00000118', '1977/5/16');
INSERT INTO employee_address VALUES ('N-00000118', 'North Dianaside', '3811 Clark Stream Suite 612');
INSERT INTO employee_phoneno VALUES ('N-00000118', '+1-(890)-327-1606');
INSERT INTO nurse_midwife VALUES ('N-00000118');
INSERT INTO employee VALUES ('N-00000119', 'Bonnie', 'Garner', 'Nurse');
INSERT INTO nurse VALUES ('N-00000119', '2016/0/19');
INSERT INTO employee_address VALUES ('N-00000119', 'Melissaborough', '3251 Matthew Gateway');
INSERT INTO employee_phoneno VALUES ('N-00000119', '+1-(475)-639-5219');
INSERT INTO nurse_enrolled VALUES ('N-00000119');
INSERT INTO employee VALUES ('N-00000120', 'Cody', 'Jackson', 'Nurse');
INSERT INTO nurse VALUES ('N-00000120', '1948/12/22');
INSERT INTO employee_address VALUES ('N-00000120', 'East Danielhaven', '655 Curtis Path Suite 374');
INSERT INTO employee_phoneno VALUES ('N-00000120', '+1-(484)-019-5066');
INSERT INTO nurse_registered VALUES ('N-00000120');
INSERT INTO employee VALUES ('N-00000121', 'Katherine', 'Hill', 'Nurse');
INSERT INTO nurse VALUES ('N-00000121', '2002/9/17');
INSERT INTO employee_address VALUES ('N-00000121', 'Port Michaeltown', '5924 Mcknight Landing Apt. 108');
INSERT INTO employee_phoneno VALUES ('N-00000121', '+1-(407)-963-3394');
INSERT INTO nurse_midwife VALUES ('N-00000121');
INSERT INTO employee VALUES ('N-00000122', 'Victoria', 'Wood', 'Nurse');
INSERT INTO nurse VALUES ('N-00000122', '1954/10/28');
INSERT INTO employee_address VALUES ('N-00000122', 'Laurachester', '451 Francisco Orchard');
INSERT INTO employee_phoneno VALUES ('N-00000122', '+1-(861)-188-1992');
INSERT INTO nurse_enrolled VALUES ('N-00000122');
INSERT INTO employee VALUES ('N-00000123', 'Shawn', 'Pearson', 'Nurse');
INSERT INTO nurse VALUES ('N-00000123', '1986/10/12');
INSERT INTO employee_address VALUES ('N-00000123', 'Lake Kimtown', '65648 Nathan Route Suite 814');
INSERT INTO employee_phoneno VALUES ('N-00000123', '+1-(830)-553-5152');
INSERT INTO nurse_registered VALUES ('N-00000123');
INSERT INTO employee VALUES ('N-00000124', 'John', 'Black', 'Nurse');
INSERT INTO nurse VALUES ('N-00000124', '1956/1/30');
INSERT INTO employee_address VALUES ('N-00000124', 'Port Rebeccamouth', '7641 Lane Square Suite 501');
INSERT INTO employee_phoneno VALUES ('N-00000124', '+1-(832)-989-7096');
INSERT INTO nurse_midwife VALUES ('N-00000124');
INSERT INTO employee VALUES ('N-00000125', 'Anthony', 'Williams', 'Nurse');
INSERT INTO nurse VALUES ('N-00000125', '2003/11/23');
INSERT INTO employee_address VALUES ('N-00000125', 'Gregorystad', '756 Christina Causeway');
INSERT INTO employee_phoneno VALUES ('N-00000125', '+1-(905)-048-0378');
INSERT INTO nurse_enrolled VALUES ('N-00000125');
INSERT INTO employee VALUES ('N-00000126', 'Courtney', 'Camacho', 'Nurse');
INSERT INTO nurse VALUES ('N-00000126', '1948/1/24');
INSERT INTO employee_address VALUES ('N-00000126', 'Lake Lawrence', '640 Sandra Common Apt. 487');
INSERT INTO employee_phoneno VALUES ('N-00000126', '+1-(603)-193-6755');
INSERT INTO nurse_registered VALUES ('N-00000126');
INSERT INTO employee VALUES ('N-00000127', 'Timothy', 'Jones', 'Nurse');
INSERT INTO nurse VALUES ('N-00000127', '1942/12/16');
INSERT INTO employee_address VALUES ('N-00000127', 'North Jeffrey', '86614 David Drives');
INSERT INTO employee_phoneno VALUES ('N-00000127', '+1-(457)-326-5166');
INSERT INTO nurse_midwife VALUES ('N-00000127');
INSERT INTO employee VALUES ('N-00000128', 'Christopher', 'Jones', 'Nurse');
INSERT INTO nurse VALUES ('N-00000128', '2011/5/21');
INSERT INTO employee_address VALUES ('N-00000128', 'Wilsonville', '903 Coffey Estate Apt. 073');
INSERT INTO employee_phoneno VALUES ('N-00000128', '+1-(516)-130-2223');
INSERT INTO nurse_enrolled VALUES ('N-00000128');
INSERT INTO employee VALUES ('N-00000129', 'Shawn', 'Warner', 'Nurse');
INSERT INTO nurse VALUES ('N-00000129', '2009/4/20');
INSERT INTO employee_address VALUES ('N-00000129', 'Lake Kevinfurt', '735 Hurst Square Suite 976');
INSERT INTO employee_phoneno VALUES ('N-00000129', '+1-(140)-861-1332');
INSERT INTO nurse_registered VALUES ('N-00000129');
INSERT INTO employee VALUES ('N-00000130', 'Samantha', 'Wright', 'Nurse');
INSERT INTO nurse VALUES ('N-00000130', '1981/3/7');
INSERT INTO employee_address VALUES ('N-00000130', 'Port Danielmouth', '625 Allen Village Suite 133');
INSERT INTO employee_phoneno VALUES ('N-00000130', '+1-(765)-866-3439');
INSERT INTO nurse_midwife VALUES ('N-00000130');
INSERT INTO employee VALUES ('N-00000131', 'Emily', 'Carney', 'Nurse');
INSERT INTO nurse VALUES ('N-00000131', '1971/0/21');
INSERT INTO employee_address VALUES ('N-00000131', 'New Amandaside', '183 Bennett Viaduct Suite 253');
INSERT INTO employee_phoneno VALUES ('N-00000131', '+1-(787)-022-0275');
INSERT INTO nurse_enrolled VALUES ('N-00000131');
INSERT INTO employee VALUES ('N-00000132', 'Todd', 'Sullivan', 'Nurse');
INSERT INTO nurse VALUES ('N-00000132', '1944/9/4');
INSERT INTO employee_address VALUES ('N-00000132', 'Rogersville', '6290 Simpson Harbor Apt. 514');
INSERT INTO employee_phoneno VALUES ('N-00000132', '+1-(402)-884-7268');
INSERT INTO nurse_registered VALUES ('N-00000132');
INSERT INTO employee VALUES ('N-00000133', 'Teresa', 'Martinez', 'Nurse');
INSERT INTO nurse VALUES ('N-00000133', '1947/7/11');
INSERT INTO employee_address VALUES ('N-00000133', 'Susanborough', '0607 Kirby Motorway');
INSERT INTO employee_phoneno VALUES ('N-00000133', '+1-(591)-016-9202');
INSERT INTO nurse_midwife VALUES ('N-00000133');
INSERT INTO employee VALUES ('N-00000134', 'Tonya', 'Martinez', 'Nurse');
INSERT INTO nurse VALUES ('N-00000134', '2011/11/27');
INSERT INTO employee_address VALUES ('N-00000134', 'Farmerchester', '756 Jeffrey Passage Apt. 166');
INSERT INTO employee_phoneno VALUES ('N-00000134', '+1-(469)-884-5211');
INSERT INTO nurse_enrolled VALUES ('N-00000134');
INSERT INTO employee VALUES ('N-00000135', 'David', 'Figueroa', 'Nurse');
INSERT INTO nurse VALUES ('N-00000135', '1993/2/9');
INSERT INTO employee_address VALUES ('N-00000135', 'Johnsonhaven', '238 Brown Mills');
INSERT INTO employee_phoneno VALUES ('N-00000135', '+1-(144)-038-1029');
INSERT INTO nurse_registered VALUES ('N-00000135');
INSERT INTO employee VALUES ('N-00000136', 'Kenneth', 'Mccall', 'Nurse');
INSERT INTO nurse VALUES ('N-00000136', '1984/9/16');
INSERT INTO employee_address VALUES ('N-00000136', 'New Coreyberg', '4290 Rogers Brook Suite 272');
INSERT INTO employee_phoneno VALUES ('N-00000136', '+1-(439)-520-5696');
INSERT INTO nurse_midwife VALUES ('N-00000136');
INSERT INTO employee VALUES ('N-00000137', 'William', 'Love', 'Nurse');
INSERT INTO nurse VALUES ('N-00000137', '1969/7/11');
INSERT INTO employee_address VALUES ('N-00000137', 'Myersborough', '99301 David Club Apt. 065');
INSERT INTO employee_phoneno VALUES ('N-00000137', '+1-(954)-083-6681');
INSERT INTO nurse_enrolled VALUES ('N-00000137');
INSERT INTO employee VALUES ('N-00000138', 'Melissa', 'Arroyo', 'Nurse');
INSERT INTO nurse VALUES ('N-00000138', '1997/2/12');
INSERT INTO employee_address VALUES ('N-00000138', 'Nicholasville', '6267 Griffin Hill Apt. 308');
INSERT INTO employee_phoneno VALUES ('N-00000138', '+1-(795)-940-1790');
INSERT INTO nurse_registered VALUES ('N-00000138');
INSERT INTO employee VALUES ('N-00000139', 'Cheryl', 'Gomez', 'Nurse');
INSERT INTO nurse VALUES ('N-00000139', '1978/2/9');
INSERT INTO employee_address VALUES ('N-00000139', 'South Robertstad', '54233 Michelle Lodge Apt. 406');
INSERT INTO employee_phoneno VALUES ('N-00000139', '+1-(739)-837-5587');
INSERT INTO nurse_midwife VALUES ('N-00000139');
INSERT INTO employee VALUES ('N-00000140', 'Scott', 'Vang', 'Nurse');
INSERT INTO nurse VALUES ('N-00000140', '1970/4/24');
INSERT INTO employee_address VALUES ('N-00000140', 'Marybury', '012 Porter Mission');
INSERT INTO employee_phoneno VALUES ('N-00000140', '+1-(100)-805-1683');
INSERT INTO nurse_enrolled VALUES ('N-00000140');
INSERT INTO employee VALUES ('N-00000141', 'Jennifer', 'Strickland', 'Nurse');
INSERT INTO nurse VALUES ('N-00000141', '1997/1/24');
INSERT INTO employee_address VALUES ('N-00000141', 'South Benjaminchester', '87566 Mandy Prairie Apt. 280');
INSERT INTO employee_phoneno VALUES ('N-00000141', '+1-(892)-684-4635');
INSERT INTO nurse_registered VALUES ('N-00000141');
INSERT INTO employee VALUES ('N-00000142', 'Stephanie', 'Richardson', 'Nurse');
INSERT INTO nurse VALUES ('N-00000142', '1975/10/18');
INSERT INTO employee_address VALUES ('N-00000142', 'West Toddview', '4322 Vang Parks');
INSERT INTO employee_phoneno VALUES ('N-00000142', '+1-(333)-515-5188');
INSERT INTO nurse_midwife VALUES ('N-00000142');
INSERT INTO employee VALUES ('N-00000143', 'Paul', 'Richards', 'Nurse');
INSERT INTO nurse VALUES ('N-00000143', '2009/3/13');
INSERT INTO employee_address VALUES ('N-00000143', 'Brownmouth', '72739 Jeremy Cliffs');
INSERT INTO employee_phoneno VALUES ('N-00000143', '+1-(404)-565-5544');
INSERT INTO nurse_enrolled VALUES ('N-00000143');
INSERT INTO employee VALUES ('N-00000144', 'Shelby', 'Rowe', 'Nurse');
INSERT INTO nurse VALUES ('N-00000144', '2005/6/18');
INSERT INTO employee_address VALUES ('N-00000144', 'North Meagantown', '638 Veronica Pass Suite 785');
INSERT INTO employee_phoneno VALUES ('N-00000144', '+1-(281)-724-4424');
INSERT INTO nurse_registered VALUES ('N-00000144');
INSERT INTO employee VALUES ('N-00000145', 'Heidi', 'Brown', 'Nurse');
INSERT INTO nurse VALUES ('N-00000145', '1977/2/22');
INSERT INTO employee_address VALUES ('N-00000145', 'Hensleyfurt', '5997 John Glens Apt. 770');
INSERT INTO employee_phoneno VALUES ('N-00000145', '+1-(434)-280-0192');
INSERT INTO nurse_midwife VALUES ('N-00000145');
INSERT INTO employee VALUES ('N-00000146', 'Christopher', 'Roberts', 'Nurse');
INSERT INTO nurse VALUES ('N-00000146', '1974/1/12');
INSERT INTO employee_address VALUES ('N-00000146', 'Smithland', '44483 Sean Lane Apt. 123');
INSERT INTO employee_phoneno VALUES ('N-00000146', '+1-(174)-626-5677');
INSERT INTO nurse_enrolled VALUES ('N-00000146');
INSERT INTO employee VALUES ('N-00000147', 'Jessica', 'Smith', 'Nurse');
INSERT INTO nurse VALUES ('N-00000147', '1992/2/16');
INSERT INTO employee_address VALUES ('N-00000147', 'Lake Davidborough', '96466 Buchanan Squares');
INSERT INTO employee_phoneno VALUES ('N-00000147', '+1-(275)-851-9416');
INSERT INTO nurse_registered VALUES ('N-00000147');
INSERT INTO employee VALUES ('N-00000148', 'Stacy', 'Martinez', 'Nurse');
INSERT INTO nurse VALUES ('N-00000148', '1947/6/5');
INSERT INTO employee_address VALUES ('N-00000148', 'South Dylanbury', '8128 Bass Spur');
INSERT INTO employee_phoneno VALUES ('N-00000148', '+1-(910)-109-4794');
INSERT INTO nurse_midwife VALUES ('N-00000148');
INSERT INTO employee VALUES ('N-00000149', 'Sarah', 'Simpson', 'Nurse');
INSERT INTO nurse VALUES ('N-00000149', '1945/11/12');
INSERT INTO employee_address VALUES ('N-00000149', 'Jenniferfort', '862 Johnson Lodge');
INSERT INTO employee_phoneno VALUES ('N-00000149', '+1-(433)-969-0833');
INSERT INTO nurse_enrolled VALUES ('N-00000149');
INSERT INTO employee VALUES ('N-00000150', 'Kathleen', 'Morton', 'Nurse');
INSERT INTO nurse VALUES ('N-00000150', '2007/10/18');
INSERT INTO employee_address VALUES ('N-00000150', 'Port Michelle', '01047 Hodge Fort Suite 470');
INSERT INTO employee_phoneno VALUES ('N-00000150', '+1-(262)-053-8352');
INSERT INTO nurse_registered VALUES ('N-00000150');
INSERT INTO employee VALUES ('N-00000151', 'Colleen', 'White', 'Nurse');
INSERT INTO nurse VALUES ('N-00000151', '2014/3/7');
INSERT INTO employee_address VALUES ('N-00000151', 'Summersport', '2969 Lawson Centers');
INSERT INTO employee_phoneno VALUES ('N-00000151', '+1-(494)-612-1652');
INSERT INTO nurse_midwife VALUES ('N-00000151');
INSERT INTO employee VALUES ('N-00000152', 'Kayla', 'Mitchell', 'Nurse');
INSERT INTO nurse VALUES ('N-00000152', '2001/9/23');
INSERT INTO employee_address VALUES ('N-00000152', 'Lawrenceburgh', '9978 Perez Extensions');
INSERT INTO employee_phoneno VALUES ('N-00000152', '+1-(786)-062-6586');
INSERT INTO nurse_enrolled VALUES ('N-00000152');
INSERT INTO employee VALUES ('N-00000153', 'Colleen', 'Andrews', 'Nurse');
INSERT INTO nurse VALUES ('N-00000153', '1954/12/22');
INSERT INTO employee_address VALUES ('N-00000153', 'Jasonstad', '20294 Taylor Crossing');
INSERT INTO employee_phoneno VALUES ('N-00000153', '+1-(774)-753-9830');
INSERT INTO nurse_registered VALUES ('N-00000153');
INSERT INTO employee VALUES ('N-00000154', 'Joseph', 'Stone', 'Nurse');
INSERT INTO nurse VALUES ('N-00000154', '1991/4/13');
INSERT INTO employee_address VALUES ('N-00000154', 'Lewisland', '1422 Malone Plaza');
INSERT INTO employee_phoneno VALUES ('N-00000154', '+1-(878)-425-4957');
INSERT INTO nurse_midwife VALUES ('N-00000154');
INSERT INTO employee VALUES ('N-00000155', 'Daniel', 'White', 'Nurse');
INSERT INTO nurse VALUES ('N-00000155', '2006/4/3');
INSERT INTO employee_address VALUES ('N-00000155', 'Terrymouth', '987 Angela Shore Apt. 139');
INSERT INTO employee_phoneno VALUES ('N-00000155', '+1-(409)-733-7740');
INSERT INTO nurse_enrolled VALUES ('N-00000155');
INSERT INTO employee VALUES ('N-00000156', 'Kendra', 'Garner', 'Nurse');
INSERT INTO nurse VALUES ('N-00000156', '1953/0/16');
INSERT INTO employee_address VALUES ('N-00000156', 'New Kaylaview', '808 Berg Plain');
INSERT INTO employee_phoneno VALUES ('N-00000156', '+1-(606)-561-7045');
INSERT INTO nurse_registered VALUES ('N-00000156');
INSERT INTO employee VALUES ('N-00000157', 'Shelley', 'Cordova', 'Nurse');
INSERT INTO nurse VALUES ('N-00000157', '1971/4/12');
INSERT INTO employee_address VALUES ('N-00000157', 'New Markburgh', '113 Dwayne Islands');
INSERT INTO employee_phoneno VALUES ('N-00000157', '+1-(433)-304-1842');
INSERT INTO nurse_midwife VALUES ('N-00000157');
INSERT INTO employee VALUES ('N-00000158', 'Amber', 'Bishop', 'Nurse');
INSERT INTO nurse VALUES ('N-00000158', '1952/8/4');
INSERT INTO employee_address VALUES ('N-00000158', 'Victoriabury', '0813 Lopez Mews');
INSERT INTO employee_phoneno VALUES ('N-00000158', '+1-(609)-903-7852');
INSERT INTO nurse_enrolled VALUES ('N-00000158');
INSERT INTO employee VALUES ('N-00000159', 'Kevin', 'Roman', 'Nurse');
INSERT INTO nurse VALUES ('N-00000159', '1992/1/12');
INSERT INTO employee_address VALUES ('N-00000159', 'Lake Jacobhaven', '46146 Lawrence Stravenue');
INSERT INTO employee_phoneno VALUES ('N-00000159', '+1-(941)-569-2577');
INSERT INTO nurse_registered VALUES ('N-00000159');
INSERT INTO employee VALUES ('N-00000160', 'Alexis', 'Anderson', 'Nurse');
INSERT INTO nurse VALUES ('N-00000160', '2009/7/24');
INSERT INTO employee_address VALUES ('N-00000160', 'Courtneyland', '440 Ruiz Coves Suite 031');
INSERT INTO employee_phoneno VALUES ('N-00000160', '+1-(536)-554-2833');
INSERT INTO nurse_midwife VALUES ('N-00000160');
INSERT INTO employee VALUES ('N-00000161', 'Michael', 'Terry', 'Nurse');
INSERT INTO nurse VALUES ('N-00000161', '1988/0/23');
INSERT INTO employee_address VALUES ('N-00000161', 'Melissabury', '15832 Carlos Plaza');
INSERT INTO employee_phoneno VALUES ('N-00000161', '+1-(276)-933-5457');
INSERT INTO nurse_enrolled VALUES ('N-00000161');
INSERT INTO employee VALUES ('N-00000162', 'David', 'Brennan', 'Nurse');
INSERT INTO nurse VALUES ('N-00000162', '1948/0/30');
INSERT INTO employee_address VALUES ('N-00000162', 'Ronaldfort', '68683 Carson Route');
INSERT INTO employee_phoneno VALUES ('N-00000162', '+1-(585)-188-8687');
INSERT INTO nurse_registered VALUES ('N-00000162');
INSERT INTO employee VALUES ('N-00000163', 'Susan', 'Walker', 'Nurse');
INSERT INTO nurse VALUES ('N-00000163', '1977/4/6');
INSERT INTO employee_address VALUES ('N-00000163', 'South Madison', '468 Martinez Loop');
INSERT INTO employee_phoneno VALUES ('N-00000163', '+1-(704)-545-1703');
INSERT INTO nurse_midwife VALUES ('N-00000163');
INSERT INTO employee VALUES ('N-00000164', 'Dan', 'Patel', 'Nurse');
INSERT INTO nurse VALUES ('N-00000164', '1963/6/13');
INSERT INTO employee_address VALUES ('N-00000164', 'Kellyburgh', '09594 Joseph Coves');
INSERT INTO employee_phoneno VALUES ('N-00000164', '+1-(576)-894-4570');
INSERT INTO nurse_enrolled VALUES ('N-00000164');
INSERT INTO employee VALUES ('N-00000165', 'Brenda', 'Taylor', 'Nurse');
INSERT INTO nurse VALUES ('N-00000165', '1976/0/7');
INSERT INTO employee_address VALUES ('N-00000165', 'Reeseshire', '389 Dickson Alley Apt. 791');
INSERT INTO employee_phoneno VALUES ('N-00000165', '+1-(223)-939-1930');
INSERT INTO nurse_registered VALUES ('N-00000165');
INSERT INTO employee VALUES ('N-00000166', 'Lisa', 'Johnson', 'Nurse');
INSERT INTO nurse VALUES ('N-00000166', '1944/0/19');
INSERT INTO employee_address VALUES ('N-00000166', 'New Rebeccabury', '69970 Gregory Motorway Suite 272');
INSERT INTO employee_phoneno VALUES ('N-00000166', '+1-(279)-000-8666');
INSERT INTO nurse_midwife VALUES ('N-00000166');
INSERT INTO employee VALUES ('N-00000167', 'Veronica', 'Matthews', 'Nurse');
INSERT INTO nurse VALUES ('N-00000167', '1982/9/19');
INSERT INTO employee_address VALUES ('N-00000167', 'South Christopherberg', '59711 Ricardo Glen');
INSERT INTO employee_phoneno VALUES ('N-00000167', '+1-(957)-661-0439');
INSERT INTO nurse_enrolled VALUES ('N-00000167');
INSERT INTO employee VALUES ('N-00000168', 'Angela', 'Vincent', 'Nurse');
INSERT INTO nurse VALUES ('N-00000168', '1978/2/1');
INSERT INTO employee_address VALUES ('N-00000168', 'Susanton', '070 Jane Pass Apt. 592');
INSERT INTO employee_phoneno VALUES ('N-00000168', '+1-(654)-391-6159');
INSERT INTO nurse_registered VALUES ('N-00000168');
INSERT INTO employee VALUES ('N-00000169', 'Jennifer', 'Carson', 'Nurse');
INSERT INTO nurse VALUES ('N-00000169', '1951/8/21');
INSERT INTO employee_address VALUES ('N-00000169', 'Philipbury', '509 Baird Village');
INSERT INTO employee_phoneno VALUES ('N-00000169', '+1-(291)-923-0332');
INSERT INTO nurse_midwife VALUES ('N-00000169');
INSERT INTO employee VALUES ('N-00000170', 'Samuel', 'Butler', 'Nurse');
INSERT INTO nurse VALUES ('N-00000170', '1977/1/10');
INSERT INTO employee_address VALUES ('N-00000170', 'Lake Susan', '42351 Nicole Groves');
INSERT INTO employee_phoneno VALUES ('N-00000170', '+1-(396)-239-4733');
INSERT INTO nurse_enrolled VALUES ('N-00000170');
INSERT INTO employee VALUES ('N-00000171', 'Brian', 'Nichols', 'Nurse');
INSERT INTO nurse VALUES ('N-00000171', '1983/4/23');
INSERT INTO employee_address VALUES ('N-00000171', 'Lake Kathymouth', '659 Parks Manors');
INSERT INTO employee_phoneno VALUES ('N-00000171', '+1-(570)-515-9946');
INSERT INTO nurse_registered VALUES ('N-00000171');
INSERT INTO employee VALUES ('N-00000172', 'Benjamin', 'Jennings', 'Nurse');
INSERT INTO nurse VALUES ('N-00000172', '1964/4/2');
INSERT INTO employee_address VALUES ('N-00000172', 'Morrisonstad', '0659 Nicholas Fords');
INSERT INTO employee_phoneno VALUES ('N-00000172', '+1-(563)-240-9701');
INSERT INTO nurse_midwife VALUES ('N-00000172');
INSERT INTO employee VALUES ('N-00000173', 'Nicole', 'Wright', 'Nurse');
INSERT INTO nurse VALUES ('N-00000173', '1951/7/8');
INSERT INTO employee_address VALUES ('N-00000173', 'Jenniferhaven', '481 Brian Court');
INSERT INTO employee_phoneno VALUES ('N-00000173', '+1-(287)-906-2140');
INSERT INTO nurse_enrolled VALUES ('N-00000173');
INSERT INTO employee VALUES ('N-00000174', 'Jason', 'Black', 'Nurse');
INSERT INTO nurse VALUES ('N-00000174', '1982/1/8');
INSERT INTO employee_address VALUES ('N-00000174', 'Arnoldburgh', '183 Jackson Plains');
INSERT INTO employee_phoneno VALUES ('N-00000174', '+1-(622)-324-3056');
INSERT INTO nurse_registered VALUES ('N-00000174');
INSERT INTO employee VALUES ('N-00000175', 'Terrence', 'Travis', 'Nurse');
INSERT INTO nurse VALUES ('N-00000175', '1965/12/9');
INSERT INTO employee_address VALUES ('N-00000175', 'Ellisside', '126 Sara Passage');
INSERT INTO employee_phoneno VALUES ('N-00000175', '+1-(352)-148-2279');
INSERT INTO nurse_midwife VALUES ('N-00000175');
INSERT INTO employee VALUES ('N-00000176', 'Margaret', 'Ellis', 'Nurse');
INSERT INTO nurse VALUES ('N-00000176', '1995/9/10');
INSERT INTO employee_address VALUES ('N-00000176', 'Port Williambury', '00878 Amanda River');
INSERT INTO employee_phoneno VALUES ('N-00000176', '+1-(247)-186-4866');
INSERT INTO nurse_enrolled VALUES ('N-00000176');
INSERT INTO employee VALUES ('N-00000177', 'Adam', 'Olson', 'Nurse');
INSERT INTO nurse VALUES ('N-00000177', '1990/6/25');
INSERT INTO employee_address VALUES ('N-00000177', 'North Curtis', '10040 Norman Dam');
INSERT INTO employee_phoneno VALUES ('N-00000177', '+1-(778)-925-4924');
INSERT INTO nurse_registered VALUES ('N-00000177');
INSERT INTO employee VALUES ('N-00000178', 'Robert', 'Lopez', 'Nurse');
INSERT INTO nurse VALUES ('N-00000178', '1966/11/29');
INSERT INTO employee_address VALUES ('N-00000178', 'New Ricardoville', '44884 Calhoun Mall');
INSERT INTO employee_phoneno VALUES ('N-00000178', '+1-(587)-662-7036');
INSERT INTO nurse_midwife VALUES ('N-00000178');
INSERT INTO employee VALUES ('N-00000179', 'Brandy', 'Schmidt', 'Nurse');
INSERT INTO nurse VALUES ('N-00000179', '1944/12/14');
INSERT INTO employee_address VALUES ('N-00000179', 'New Christopher', '44996 Smith Plain');
INSERT INTO employee_phoneno VALUES ('N-00000179', '+1-(747)-731-2842');
INSERT INTO nurse_enrolled VALUES ('N-00000179');
INSERT INTO employee VALUES ('N-00000180', 'Megan', 'Turner', 'Nurse');
INSERT INTO nurse VALUES ('N-00000180', '1947/12/10');
INSERT INTO employee_address VALUES ('N-00000180', 'Sandraton', '833 Matthew Terrace Apt. 655');
INSERT INTO employee_phoneno VALUES ('N-00000180', '+1-(992)-061-0843');
INSERT INTO nurse_registered VALUES ('N-00000180');
INSERT INTO employee VALUES ('N-00000181', 'Kimberly', 'Green', 'Nurse');
INSERT INTO nurse VALUES ('N-00000181', '1977/12/16');
INSERT INTO employee_address VALUES ('N-00000181', 'South Andrewfort', '349 Davis Point Suite 859');
INSERT INTO employee_phoneno VALUES ('N-00000181', '+1-(980)-892-1317');
INSERT INTO nurse_midwife VALUES ('N-00000181');
INSERT INTO employee VALUES ('N-00000182', 'Lori', 'White', 'Nurse');
INSERT INTO nurse VALUES ('N-00000182', '1985/7/21');
INSERT INTO employee_address VALUES ('N-00000182', 'Lake Suzanne', '8741 Roberts Fall');
INSERT INTO employee_phoneno VALUES ('N-00000182', '+1-(122)-076-3991');
INSERT INTO nurse_enrolled VALUES ('N-00000182');
INSERT INTO employee VALUES ('N-00000183', 'Ronald', 'Newman', 'Nurse');
INSERT INTO nurse VALUES ('N-00000183', '1974/4/2');
INSERT INTO employee_address VALUES ('N-00000183', 'Brendanton', '887 Lee Well');
INSERT INTO employee_phoneno VALUES ('N-00000183', '+1-(976)-912-9829');
INSERT INTO nurse_registered VALUES ('N-00000183');
INSERT INTO employee VALUES ('N-00000184', 'Lisa', 'Wallace', 'Nurse');
INSERT INTO nurse VALUES ('N-00000184', '1960/9/20');
INSERT INTO employee_address VALUES ('N-00000184', 'South Lisaberg', '531 Kelly Neck');
INSERT INTO employee_phoneno VALUES ('N-00000184', '+1-(388)-820-6506');
INSERT INTO nurse_midwife VALUES ('N-00000184');
INSERT INTO employee VALUES ('N-00000185', 'Dana', 'Lopez', 'Nurse');
INSERT INTO nurse VALUES ('N-00000185', '1997/3/0');
INSERT INTO employee_address VALUES ('N-00000185', 'West Greggmouth', '3585 Martinez Route');
INSERT INTO employee_phoneno VALUES ('N-00000185', '+1-(882)-316-3214');
INSERT INTO nurse_enrolled VALUES ('N-00000185');
INSERT INTO employee VALUES ('N-00000186', 'Felicia', 'Jimenez', 'Nurse');
INSERT INTO nurse VALUES ('N-00000186', '1991/8/20');
INSERT INTO employee_address VALUES ('N-00000186', 'Gonzalesfort', '4345 Joyce Keys');
INSERT INTO employee_phoneno VALUES ('N-00000186', '+1-(872)-910-4540');
INSERT INTO nurse_registered VALUES ('N-00000186');
INSERT INTO employee VALUES ('N-00000187', 'Jonathan', 'Martinez', 'Nurse');
INSERT INTO nurse VALUES ('N-00000187', '2014/1/1');
INSERT INTO employee_address VALUES ('N-00000187', 'North Davidburgh', '64560 Miller Extension');
INSERT INTO employee_phoneno VALUES ('N-00000187', '+1-(991)-980-0664');
INSERT INTO nurse_midwife VALUES ('N-00000187');
INSERT INTO employee VALUES ('N-00000188', 'Carlos', 'Wells', 'Nurse');
INSERT INTO nurse VALUES ('N-00000188', '1991/2/22');
INSERT INTO employee_address VALUES ('N-00000188', 'Butlertown', '5165 Gonzales Village Suite 976');
INSERT INTO employee_phoneno VALUES ('N-00000188', '+1-(736)-025-8039');
INSERT INTO nurse_enrolled VALUES ('N-00000188');
INSERT INTO employee VALUES ('N-00000189', 'Rebecca', 'Reeves', 'Nurse');
INSERT INTO nurse VALUES ('N-00000189', '2013/5/29');
INSERT INTO employee_address VALUES ('N-00000189', 'New Geraldside', '987 Banks Gateway Suite 507');
INSERT INTO employee_phoneno VALUES ('N-00000189', '+1-(248)-433-4210');
INSERT INTO nurse_registered VALUES ('N-00000189');
INSERT INTO employee VALUES ('N-00000190', 'Amanda', 'Graves', 'Nurse');
INSERT INTO nurse VALUES ('N-00000190', '1994/1/11');
INSERT INTO employee_address VALUES ('N-00000190', 'Christensenshire', '42322 Ashley Ville');
INSERT INTO employee_phoneno VALUES ('N-00000190', '+1-(875)-328-8260');
INSERT INTO nurse_midwife VALUES ('N-00000190');
INSERT INTO employee VALUES ('N-00000191', 'Rachel', 'Foley', 'Nurse');
INSERT INTO nurse VALUES ('N-00000191', '1996/0/5');
INSERT INTO employee_address VALUES ('N-00000191', 'West Johnville', '798 Cummings River');
INSERT INTO employee_phoneno VALUES ('N-00000191', '+1-(163)-520-9217');
INSERT INTO nurse_enrolled VALUES ('N-00000191');
INSERT INTO employee VALUES ('N-00000192', 'Michael', 'Hardy', 'Nurse');
INSERT INTO nurse VALUES ('N-00000192', '1983/9/10');
INSERT INTO employee_address VALUES ('N-00000192', 'New Michaelhaven', '29888 Reeves Burgs');
INSERT INTO employee_phoneno VALUES ('N-00000192', '+1-(243)-228-0238');
INSERT INTO nurse_registered VALUES ('N-00000192');
INSERT INTO employee VALUES ('N-00000193', 'Pamela', 'Green', 'Nurse');
INSERT INTO nurse VALUES ('N-00000193', '2015/2/23');
INSERT INTO employee_address VALUES ('N-00000193', 'Lake Jennifer', '749 Brooks Burg');
INSERT INTO employee_phoneno VALUES ('N-00000193', '+1-(497)-00-1-5603');
INSERT INTO nurse_midwife VALUES ('N-00000193');
INSERT INTO employee VALUES ('N-00000194', 'Diane', 'Vaughn', 'Nurse');
INSERT INTO nurse VALUES ('N-00000194', '2006/4/15');
INSERT INTO employee_address VALUES ('N-00000194', 'South Jenniferview', '645 Rose Junction Apt. 936');
INSERT INTO employee_phoneno VALUES ('N-00000194', '+1-(585)-880-2412');
INSERT INTO nurse_enrolled VALUES ('N-00000194');
INSERT INTO employee VALUES ('N-00000195', 'Kimberly', 'Torres', 'Nurse');
INSERT INTO nurse VALUES ('N-00000195', '1977/0/23');
INSERT INTO employee_address VALUES ('N-00000195', 'Williamburgh', '2845 Chloe Shoal');
INSERT INTO employee_phoneno VALUES ('N-00000195', '+1-(117)-221-6433');
INSERT INTO nurse_registered VALUES ('N-00000195');
INSERT INTO employee VALUES ('N-00000196', 'Kelly', 'Richards', 'Nurse');
INSERT INTO nurse VALUES ('N-00000196', '1945/4/26');
INSERT INTO employee_address VALUES ('N-00000196', 'Evanston', '6482 Christopher Extension Apt. 985');
INSERT INTO employee_phoneno VALUES ('N-00000196', '+1-(490)-858-2029');
INSERT INTO nurse_midwife VALUES ('N-00000196');
INSERT INTO employee VALUES ('N-00000197', 'James', 'Robinson', 'Nurse');
INSERT INTO nurse VALUES ('N-00000197', '1978/7/6');
INSERT INTO employee_address VALUES ('N-00000197', 'Lake Doris', '089 Sarah Village');
INSERT INTO employee_phoneno VALUES ('N-00000197', '+1-(346)-264-9562');
INSERT INTO nurse_enrolled VALUES ('N-00000197');
INSERT INTO employee VALUES ('N-00000198', 'Leah', 'Parrish', 'Nurse');
INSERT INTO nurse VALUES ('N-00000198', '1955/8/29');
INSERT INTO employee_address VALUES ('N-00000198', 'New Joan', '2686 Harris Key');
INSERT INTO employee_phoneno VALUES ('N-00000198', '+1-(114)-591-2420');
INSERT INTO nurse_registered VALUES ('N-00000198');
INSERT INTO employee VALUES ('N-00000199', 'Jennifer', 'Melton', 'Nurse');
INSERT INTO nurse VALUES ('N-00000199', '1951/4/1');
INSERT INTO employee_address VALUES ('N-00000199', 'Ryantown', '604 Jones Mission');
INSERT INTO employee_phoneno VALUES ('N-00000199', '+1-(554)-873-1432');
INSERT INTO nurse_midwife VALUES ('N-00000199');
INSERT INTO employee VALUES ('N-00000200', 'Amy', 'Martinez', 'Nurse');
INSERT INTO nurse VALUES ('N-00000200', '1966/4/26');
INSERT INTO employee_address VALUES ('N-00000200', 'West Jeffrey', '93822 Jeremy Divide Apt. 046');
INSERT INTO employee_phoneno VALUES ('N-00000200', '+1-(336)-635-6612');
INSERT INTO nurse_enrolled VALUES ('N-00000200');
INSERT INTO employee VALUES ('N-00000201', 'Anita', 'Cummings', 'Nurse');
INSERT INTO nurse VALUES ('N-00000201', '1975/9/5');
INSERT INTO employee_address VALUES ('N-00000201', 'East Veronicaland', '278 Lynn Streets Apt. 818');
INSERT INTO employee_phoneno VALUES ('N-00000201', '+1-(990)-264-5106');
INSERT INTO nurse_registered VALUES ('N-00000201');
INSERT INTO employee VALUES ('N-00000202', 'Stephen', 'Carpenter', 'Nurse');
INSERT INTO nurse VALUES ('N-00000202', '1986/6/24');
INSERT INTO employee_address VALUES ('N-00000202', 'North Teresa', '7917 Angela Street Apt. 715');
INSERT INTO employee_phoneno VALUES ('N-00000202', '+1-(566)-542-3938');
INSERT INTO nurse_midwife VALUES ('N-00000202');
INSERT INTO employee VALUES ('N-00000203', 'Tiffany', 'Evans', 'Nurse');
INSERT INTO nurse VALUES ('N-00000203', '1977/2/8');
INSERT INTO employee_address VALUES ('N-00000203', 'North Coreychester', '07027 Walter Common Apt. 866');
INSERT INTO employee_phoneno VALUES ('N-00000203', '+1-(623)-295-2747');
INSERT INTO nurse_enrolled VALUES ('N-00000203');
INSERT INTO employee VALUES ('N-00000204', 'Rita', 'Jones', 'Nurse');
INSERT INTO nurse VALUES ('N-00000204', '1977/7/29');
INSERT INTO employee_address VALUES ('N-00000204', 'Thomashaven', '947 Bruce Islands');
INSERT INTO employee_phoneno VALUES ('N-00000204', '+1-(334)-487-2639');
INSERT INTO nurse_registered VALUES ('N-00000204');
INSERT INTO employee VALUES ('N-00000205', 'Sherry', 'Clark', 'Nurse');
INSERT INTO nurse VALUES ('N-00000205', '2009/5/28');
INSERT INTO employee_address VALUES ('N-00000205', 'South Jacobhaven', '791 Sanders Valley Apt. 051');
INSERT INTO employee_phoneno VALUES ('N-00000205', '+1-(115)-705-0885');
INSERT INTO nurse_midwife VALUES ('N-00000205');
INSERT INTO employee VALUES ('N-00000206', 'Kevin', 'Pope', 'Nurse');
INSERT INTO nurse VALUES ('N-00000206', '2004/7/0');
INSERT INTO employee_address VALUES ('N-00000206', 'East Stacyborough', '09431 Alexander Rue');
INSERT INTO employee_phoneno VALUES ('N-00000206', '+1-(106)-901-6464');
INSERT INTO nurse_enrolled VALUES ('N-00000206');
INSERT INTO employee VALUES ('N-00000207', 'Patricia', 'Hughes', 'Nurse');
INSERT INTO nurse VALUES ('N-00000207', '1951/1/29');
INSERT INTO employee_address VALUES ('N-00000207', 'Carrollland', '5454 Jackson Square Suite 282');
INSERT INTO employee_phoneno VALUES ('N-00000207', '+1-(701)-760-7072');
INSERT INTO nurse_registered VALUES ('N-00000207');
INSERT INTO employee VALUES ('N-00000208', 'John', 'Powell', 'Nurse');
INSERT INTO nurse VALUES ('N-00000208', '1962/10/22');
INSERT INTO employee_address VALUES ('N-00000208', 'Jaybury', '498 Lauren River');
INSERT INTO employee_phoneno VALUES ('N-00000208', '+1-(852)-458-4113');
INSERT INTO nurse_midwife VALUES ('N-00000208');
INSERT INTO employee VALUES ('N-00000209', 'Elizabeth', 'Russell', 'Nurse');
INSERT INTO nurse VALUES ('N-00000209', '1994/7/24');
INSERT INTO employee_address VALUES ('N-00000209', 'Theresaburgh', '64205 Aaron Crescent Suite 606');
INSERT INTO employee_phoneno VALUES ('N-00000209', '+1-(369)-093-9114');
INSERT INTO nurse_enrolled VALUES ('N-00000209');
INSERT INTO employee VALUES ('N-00000210', 'Jeffery', 'Rodriguez', 'Nurse');
INSERT INTO nurse VALUES ('N-00000210', '2000/1/14');
INSERT INTO employee_address VALUES ('N-00000210', 'Leeside', '70391 Noble Circle Apt. 114');
INSERT INTO employee_phoneno VALUES ('N-00000210', '+1-(291)-151-1189');
INSERT INTO nurse_registered VALUES ('N-00000210');
INSERT INTO employee VALUES ('N-00000211', 'John', 'Lynch', 'Nurse');
INSERT INTO nurse VALUES ('N-00000211', '2008/10/14');
INSERT INTO employee_address VALUES ('N-00000211', 'Lake Morganview', '43006 Caitlin Spring');
INSERT INTO employee_phoneno VALUES ('N-00000211', '+1-(731)-216-5713');
INSERT INTO nurse_midwife VALUES ('N-00000211');
INSERT INTO employee VALUES ('N-00000212', 'Tracy', 'Davis', 'Nurse');
INSERT INTO nurse VALUES ('N-00000212', '2007/1/12');
INSERT INTO employee_address VALUES ('N-00000212', 'Bradleyside', '684 Thompson Parkways');
INSERT INTO employee_phoneno VALUES ('N-00000212', '+1-(738)-098-4931');
INSERT INTO nurse_enrolled VALUES ('N-00000212');
INSERT INTO employee VALUES ('N-00000213', 'Allison', 'Haynes', 'Nurse');
INSERT INTO nurse VALUES ('N-00000213', '1946/3/28');
INSERT INTO employee_address VALUES ('N-00000213', 'Keithtown', '688 Hall Summit');
INSERT INTO employee_phoneno VALUES ('N-00000213', '+1-(943)-302-2174');
INSERT INTO nurse_registered VALUES ('N-00000213');
INSERT INTO employee VALUES ('N-00000214', 'Matthew', 'Patterson', 'Nurse');
INSERT INTO nurse VALUES ('N-00000214', '1945/5/0');
INSERT INTO employee_address VALUES ('N-00000214', 'Johnland', '21583 Vincent Skyway Suite 806');
INSERT INTO employee_phoneno VALUES ('N-00000214', '+1-(261)-875-9862');
INSERT INTO nurse_midwife VALUES ('N-00000214');
INSERT INTO employee VALUES ('N-00000215', 'Micheal', 'Cooper', 'Nurse');
INSERT INTO nurse VALUES ('N-00000215', '1969/11/14');
INSERT INTO employee_address VALUES ('N-00000215', 'Port Stephanie', '2697 Maria Points Suite 874');
INSERT INTO employee_phoneno VALUES ('N-00000215', '+1-(129)-447-5073');
INSERT INTO nurse_enrolled VALUES ('N-00000215');
INSERT INTO employee VALUES ('N-00000216', 'Ethan', 'Roberts', 'Nurse');
INSERT INTO nurse VALUES ('N-00000216', '1982/8/29');
INSERT INTO employee_address VALUES ('N-00000216', 'Ortegatown', '792 Hannah Inlet');
INSERT INTO employee_phoneno VALUES ('N-00000216', '+1-(496)-993-1749');
INSERT INTO nurse_registered VALUES ('N-00000216');
INSERT INTO employee VALUES ('N-00000217', 'Richard', 'Kennedy', 'Nurse');
INSERT INTO nurse VALUES ('N-00000217', '2011/9/16');
INSERT INTO employee_address VALUES ('N-00000217', 'Kennethville', '1165 Mullins Manors Suite 552');
INSERT INTO employee_phoneno VALUES ('N-00000217', '+1-(685)-443-6618');
INSERT INTO nurse_midwife VALUES ('N-00000217');
INSERT INTO employee VALUES ('N-00000218', 'Michele', 'Mcguire', 'Nurse');
INSERT INTO nurse VALUES ('N-00000218', '1960/2/2');
INSERT INTO employee_address VALUES ('N-00000218', 'Amandaborough', '704 Kyle Inlet Apt. 287');
INSERT INTO employee_phoneno VALUES ('N-00000218', '+1-(490)-036-7337');
INSERT INTO nurse_enrolled VALUES ('N-00000218');
INSERT INTO employee VALUES ('N-00000219', 'Trevor', 'Davis', 'Nurse');
INSERT INTO nurse VALUES ('N-00000219', '1960/12/4');
INSERT INTO employee_address VALUES ('N-00000219', 'Wandaberg', '7745 William Walk Suite 829');
INSERT INTO employee_phoneno VALUES ('N-00000219', '+1-(512)-411-1874');
INSERT INTO nurse_registered VALUES ('N-00000219');
INSERT INTO employee VALUES ('N-00000220', 'Garrett', 'Rodriguez', 'Nurse');
INSERT INTO nurse VALUES ('N-00000220', '2005/9/27');
INSERT INTO employee_address VALUES ('N-00000220', 'Nicholaston', '6596 Clarke Circles Suite 513');
INSERT INTO employee_phoneno VALUES ('N-00000220', '+1-(484)-279-8388');
INSERT INTO nurse_midwife VALUES ('N-00000220');
INSERT INTO employee VALUES ('N-00000221', 'Christine', 'Lewis', 'Nurse');
INSERT INTO nurse VALUES ('N-00000221', '1994/0/2');
INSERT INTO employee_address VALUES ('N-00000221', 'East Charles', '92658 Simmons Center');
INSERT INTO employee_phoneno VALUES ('N-00000221', '+1-(569)-746-6101');
INSERT INTO nurse_enrolled VALUES ('N-00000221');
INSERT INTO employee VALUES ('N-00000222', 'Pamela', 'Allen', 'Nurse');
INSERT INTO nurse VALUES ('N-00000222', '1980/3/17');
INSERT INTO employee_address VALUES ('N-00000222', 'Robersonfort', '872 Hogan Spurs Suite 871');
INSERT INTO employee_phoneno VALUES ('N-00000222', '+1-(154)-352-2383');
INSERT INTO nurse_registered VALUES ('N-00000222');
INSERT INTO employee VALUES ('N-00000223', 'Zoe', 'Jones', 'Nurse');
INSERT INTO nurse VALUES ('N-00000223', '1989/0/6');
INSERT INTO employee_address VALUES ('N-00000223', 'Roberttown', '99732 Whitaker Rapids');
INSERT INTO employee_phoneno VALUES ('N-00000223', '+1-(442)-121-0720');
INSERT INTO nurse_midwife VALUES ('N-00000223');
INSERT INTO employee VALUES ('N-00000224', 'Patricia', 'Barton', 'Nurse');
INSERT INTO nurse VALUES ('N-00000224', '1998/0/23');
INSERT INTO employee_address VALUES ('N-00000224', 'North Meganmouth', '7391 Moore Shores Apt. 451');
INSERT INTO employee_phoneno VALUES ('N-00000224', '+1-(610)-099-2449');
INSERT INTO nurse_enrolled VALUES ('N-00000224');
INSERT INTO employee VALUES ('N-00000225', 'Kenneth', 'Webb', 'Nurse');
INSERT INTO nurse VALUES ('N-00000225', '1951/2/26');
INSERT INTO employee_address VALUES ('N-00000225', 'New Tara', '109 Aaron Garden Suite 251');
INSERT INTO employee_phoneno VALUES ('N-00000225', '+1-(450)-470-8710');
INSERT INTO nurse_registered VALUES ('N-00000225');
INSERT INTO employee VALUES ('N-00000226', 'Brittany', 'Norton', 'Nurse');
INSERT INTO nurse VALUES ('N-00000226', '1952/7/30');
INSERT INTO employee_address VALUES ('N-00000226', 'Walkershire', '72151 Jessica Curve');
INSERT INTO employee_phoneno VALUES ('N-00000226', '+1-(920)-668-9994');
INSERT INTO nurse_midwife VALUES ('N-00000226');
INSERT INTO employee VALUES ('N-00000227', 'Lawrence', 'Ross', 'Nurse');
INSERT INTO nurse VALUES ('N-00000227', '1961/11/11');
INSERT INTO employee_address VALUES ('N-00000227', 'Sanchezville', '175 Russell Trace');
INSERT INTO employee_phoneno VALUES ('N-00000227', '+1-(236)-750-1375');
INSERT INTO nurse_enrolled VALUES ('N-00000227');
INSERT INTO employee VALUES ('N-00000228', 'Desiree', 'Ryan', 'Nurse');
INSERT INTO nurse VALUES ('N-00000228', '1948/12/10');
INSERT INTO employee_address VALUES ('N-00000228', 'Lake Kristen', '4337 Bauer Fields');
INSERT INTO employee_phoneno VALUES ('N-00000228', '+1-(220)-199-0022');
INSERT INTO nurse_registered VALUES ('N-00000228');
INSERT INTO employee VALUES ('N-00000229', 'Tracy', 'Taylor', 'Nurse');
INSERT INTO nurse VALUES ('N-00000229', '1978/8/24');
INSERT INTO employee_address VALUES ('N-00000229', 'Justinstad', '667 Herring Views');
INSERT INTO employee_phoneno VALUES ('N-00000229', '+1-(145)-344-3634');
INSERT INTO nurse_midwife VALUES ('N-00000229');
INSERT INTO employee VALUES ('N-00000230', 'Charles', 'Thomas', 'Nurse');
INSERT INTO nurse VALUES ('N-00000230', '1962/12/6');
INSERT INTO employee_address VALUES ('N-00000230', 'Hartfurt', '04950 Brandy Field Suite 824');
INSERT INTO employee_phoneno VALUES ('N-00000230', '+1-(628)-029-0686');
INSERT INTO nurse_enrolled VALUES ('N-00000230');
INSERT INTO employee VALUES ('N-00000231', 'Denise', 'Blair', 'Nurse');
INSERT INTO nurse VALUES ('N-00000231', '2015/6/18');
INSERT INTO employee_address VALUES ('N-00000231', 'South Robert', '008 Mcfarland Square Suite 698');
INSERT INTO employee_phoneno VALUES ('N-00000231', '+1-(632)-705-4839');
INSERT INTO nurse_registered VALUES ('N-00000231');
INSERT INTO employee VALUES ('N-00000232', 'Kenneth', 'Smith', 'Nurse');
INSERT INTO nurse VALUES ('N-00000232', '1945/5/11');
INSERT INTO employee_address VALUES ('N-00000232', 'Caseyborough', '563 Daniels Estate Apt. 383');
INSERT INTO employee_phoneno VALUES ('N-00000232', '+1-(973)-535-7206');
INSERT INTO nurse_midwife VALUES ('N-00000232');
INSERT INTO employee VALUES ('N-00000233', 'Christopher', 'Trevino', 'Nurse');
INSERT INTO nurse VALUES ('N-00000233', '2015/6/23');
INSERT INTO employee_address VALUES ('N-00000233', 'Hubbardmouth', '41947 Kristin Divide Apt. 444');
INSERT INTO employee_phoneno VALUES ('N-00000233', '+1-(347)-313-9146');
INSERT INTO nurse_enrolled VALUES ('N-00000233');
INSERT INTO employee VALUES ('N-00000234', 'Lisa', 'Scott', 'Nurse');
INSERT INTO nurse VALUES ('N-00000234', '2006/6/19');
INSERT INTO employee_address VALUES ('N-00000234', 'Lesterstad', '430 Smith Pass');
INSERT INTO employee_phoneno VALUES ('N-00000234', '+1-(127)-469-8801');
INSERT INTO nurse_registered VALUES ('N-00000234');
INSERT INTO employee VALUES ('N-00000235', 'Kristin', 'Green', 'Nurse');
INSERT INTO nurse VALUES ('N-00000235', '1979/4/13');
INSERT INTO employee_address VALUES ('N-00000235', 'Sharonborough', '037 Michael Fields Apt. 129');
INSERT INTO employee_phoneno VALUES ('N-00000235', '+1-(182)-428-9928');
INSERT INTO nurse_midwife VALUES ('N-00000235');
INSERT INTO employee VALUES ('N-00000236', 'Angela', 'Matthews', 'Nurse');
INSERT INTO nurse VALUES ('N-00000236', '1981/1/8');
INSERT INTO employee_address VALUES ('N-00000236', 'Lake Amber', '2652 Tony Drive Apt. 605');
INSERT INTO employee_phoneno VALUES ('N-00000236', '+1-(292)-787-8983');
INSERT INTO nurse_enrolled VALUES ('N-00000236');
INSERT INTO employee VALUES ('N-00000237', 'Jesse', 'Bonilla', 'Nurse');
INSERT INTO nurse VALUES ('N-00000237', '1992/12/29');
INSERT INTO employee_address VALUES ('N-00000237', 'Anthonyfort', '599 Miller Court');
INSERT INTO employee_phoneno VALUES ('N-00000237', '+1-(265)-371-1549');
INSERT INTO nurse_registered VALUES ('N-00000237');
INSERT INTO employee VALUES ('N-00000238', 'Mario', 'Green', 'Nurse');
INSERT INTO nurse VALUES ('N-00000238', '2012/6/0');
INSERT INTO employee_address VALUES ('N-00000238', 'North Kendra', '9156 Armstrong Park Suite 981');
INSERT INTO employee_phoneno VALUES ('N-00000238', '+1-(802)-528-8347');
INSERT INTO nurse_midwife VALUES ('N-00000238');
INSERT INTO employee VALUES ('N-00000239', 'Martin', 'Webb', 'Nurse');
INSERT INTO nurse VALUES ('N-00000239', '1962/3/25');
INSERT INTO employee_address VALUES ('N-00000239', 'East Carolynchester', '19203 Bishop Lodge Apt. 993');
INSERT INTO employee_phoneno VALUES ('N-00000239', '+1-(515)-450-1435');
INSERT INTO nurse_enrolled VALUES ('N-00000239');
INSERT INTO employee VALUES ('N-00000240', 'Monica', 'Chen', 'Nurse');
INSERT INTO nurse VALUES ('N-00000240', '1993/11/20');
INSERT INTO employee_address VALUES ('N-00000240', 'Thomasmouth', '91737 Orozco Extension Suite 829');
INSERT INTO employee_phoneno VALUES ('N-00000240', '+1-(651)-684-2113');
INSERT INTO nurse_registered VALUES ('N-00000240');
INSERT INTO employee VALUES ('N-00000241', 'Sharon', 'Jackson', 'Nurse');
INSERT INTO nurse VALUES ('N-00000241', '2011/0/7');
INSERT INTO employee_address VALUES ('N-00000241', 'South Matthew', '9500 Ramos Highway');
INSERT INTO employee_phoneno VALUES ('N-00000241', '+1-(946)-864-0105');
INSERT INTO nurse_midwife VALUES ('N-00000241');
INSERT INTO employee VALUES ('N-00000242', 'Tony', 'Allen', 'Nurse');
INSERT INTO nurse VALUES ('N-00000242', '1975/8/30');
INSERT INTO employee_address VALUES ('N-00000242', 'New Katherinetown', '6024 Laura Throughway');
INSERT INTO employee_phoneno VALUES ('N-00000242', '+1-(934)-898-2625');
INSERT INTO nurse_enrolled VALUES ('N-00000242');
INSERT INTO employee VALUES ('N-00000243', 'Melanie', 'Herrera', 'Nurse');
INSERT INTO nurse VALUES ('N-00000243', '1950/1/25');
INSERT INTO employee_address VALUES ('N-00000243', 'Lake Heathermouth', '8091 Samantha Drive Suite 155');
INSERT INTO employee_phoneno VALUES ('N-00000243', '+1-(616)-831-8815');
INSERT INTO nurse_registered VALUES ('N-00000243');
INSERT INTO employee VALUES ('N-00000244', 'Erica', 'Peck', 'Nurse');
INSERT INTO nurse VALUES ('N-00000244', '1988/8/30');
INSERT INTO employee_address VALUES ('N-00000244', 'North Kaylaville', '646 Gene River Apt. 094');
INSERT INTO employee_phoneno VALUES ('N-00000244', '+1-(515)-232-5291');
INSERT INTO nurse_midwife VALUES ('N-00000244');
INSERT INTO employee VALUES ('N-00000245', 'Michael', 'Richards', 'Nurse');
INSERT INTO nurse VALUES ('N-00000245', '1971/9/1');
INSERT INTO employee_address VALUES ('N-00000245', 'Kevinborough', '722 Jesus Bridge Suite 123');
INSERT INTO employee_phoneno VALUES ('N-00000245', '+1-(642)-00-1-5996');
INSERT INTO nurse_enrolled VALUES ('N-00000245');
INSERT INTO employee VALUES ('N-00000246', 'Belinda', 'Gilbert', 'Nurse');
INSERT INTO nurse VALUES ('N-00000246', '1995/2/14');
INSERT INTO employee_address VALUES ('N-00000246', 'Port Darryl', '8620 Wilson Summit');
INSERT INTO employee_phoneno VALUES ('N-00000246', '+1-(784)-481-9355');
INSERT INTO nurse_registered VALUES ('N-00000246');
INSERT INTO employee VALUES ('N-00000247', 'Jason', 'Gray', 'Nurse');
INSERT INTO nurse VALUES ('N-00000247', '1978/2/14');
INSERT INTO employee_address VALUES ('N-00000247', 'North Bradley', '57269 Frey Extensions Suite 569');
INSERT INTO employee_phoneno VALUES ('N-00000247', '+1-(985)-087-6420');
INSERT INTO nurse_midwife VALUES ('N-00000247');
INSERT INTO employee VALUES ('N-00000248', 'Matthew', 'Garcia', 'Nurse');
INSERT INTO nurse VALUES ('N-00000248', '1987/12/8');
INSERT INTO employee_address VALUES ('N-00000248', 'Diazberg', '2518 Palmer Drive Apt. 391');
INSERT INTO employee_phoneno VALUES ('N-00000248', '+1-(856)-432-5507');
INSERT INTO nurse_enrolled VALUES ('N-00000248');
INSERT INTO employee VALUES ('N-00000249', 'Lisa', 'Crosby', 'Nurse');
INSERT INTO nurse VALUES ('N-00000249', '1981/10/3');
INSERT INTO employee_address VALUES ('N-00000249', 'North Jenniferport', '2244 Gallagher Ranch Apt. 784');
INSERT INTO employee_phoneno VALUES ('N-00000249', '+1-(203)-784-3152');
INSERT INTO nurse_registered VALUES ('N-00000249');
INSERT INTO employee VALUES ('N-00000250', 'John', 'Herman', 'Nurse');
INSERT INTO nurse VALUES ('N-00000250', '1953/8/2');
INSERT INTO employee_address VALUES ('N-00000250', 'Morganside', '0309 Robert Walk');
INSERT INTO employee_phoneno VALUES ('N-00000250', '+1-(826)-339-6453');
INSERT INTO nurse_midwife VALUES ('N-00000250');
INSERT INTO employee VALUES ('N-00000251', 'Christopher', 'Hurst', 'Nurse');
INSERT INTO nurse VALUES ('N-00000251', '2007/0/10');
INSERT INTO employee_address VALUES ('N-00000251', 'Lake Tracy', '1991 Tyler Plains Suite 223');
INSERT INTO employee_phoneno VALUES ('N-00000251', '+1-(405)-758-2737');
INSERT INTO nurse_enrolled VALUES ('N-00000251');
INSERT INTO employee VALUES ('N-00000252', 'Laura', 'Hale', 'Nurse');
INSERT INTO nurse VALUES ('N-00000252', '1960/12/28');
INSERT INTO employee_address VALUES ('N-00000252', 'Codyside', '915 Maria Freeway');
INSERT INTO employee_phoneno VALUES ('N-00000252', '+1-(353)-042-2218');
INSERT INTO nurse_registered VALUES ('N-00000252');
INSERT INTO employee VALUES ('N-00000253', 'Laura', 'Collins', 'Nurse');
INSERT INTO nurse VALUES ('N-00000253', '1958/1/9');
INSERT INTO employee_address VALUES ('N-00000253', 'West Dustin', '4256 Jennifer Rapids');
INSERT INTO employee_phoneno VALUES ('N-00000253', '+1-(484)-488-2878');
INSERT INTO nurse_midwife VALUES ('N-00000253');
INSERT INTO employee VALUES ('N-00000254', 'William', 'Sweeney', 'Nurse');
INSERT INTO nurse VALUES ('N-00000254', '1965/1/26');
INSERT INTO employee_address VALUES ('N-00000254', 'Victoriaton', '244 Alyssa Manor Suite 936');
INSERT INTO employee_phoneno VALUES ('N-00000254', '+1-(284)-359-7702');
INSERT INTO nurse_enrolled VALUES ('N-00000254');
INSERT INTO employee VALUES ('N-00000255', 'Faith', 'Wagner', 'Nurse');
INSERT INTO nurse VALUES ('N-00000255', '2006/0/12');
INSERT INTO employee_address VALUES ('N-00000255', 'Maxwellshire', '0152 Christopher Causeway');
INSERT INTO employee_phoneno VALUES ('N-00000255', '+1-(152)-775-2140');
INSERT INTO nurse_registered VALUES ('N-00000255');
INSERT INTO employee VALUES ('N-00000256', 'Dana', 'Gray', 'Nurse');
INSERT INTO nurse VALUES ('N-00000256', '2006/2/5');
INSERT INTO employee_address VALUES ('N-00000256', 'Johnsonport', '7101 Amanda Meadow');
INSERT INTO employee_phoneno VALUES ('N-00000256', '+1-(315)-088-5700');
INSERT INTO nurse_midwife VALUES ('N-00000256');
INSERT INTO employee VALUES ('N-00000257', 'Allison', 'Taylor', 'Nurse');
INSERT INTO nurse VALUES ('N-00000257', '1949/2/3');
INSERT INTO employee_address VALUES ('N-00000257', 'Austinshire', '68049 White Rest Apt. 058');
INSERT INTO employee_phoneno VALUES ('N-00000257', '+1-(996)-643-4578');
INSERT INTO nurse_enrolled VALUES ('N-00000257');
INSERT INTO employee VALUES ('N-00000258', 'Ian', 'Moreno', 'Nurse');
INSERT INTO nurse VALUES ('N-00000258', '1980/10/8');
INSERT INTO employee_address VALUES ('N-00000258', 'Sharimouth', '388 Hernandez Lights');
INSERT INTO employee_phoneno VALUES ('N-00000258', '+1-(428)-954-8548');
INSERT INTO nurse_registered VALUES ('N-00000258');
INSERT INTO employee VALUES ('N-00000259', 'James', 'Smith', 'Nurse');
INSERT INTO nurse VALUES ('N-00000259', '2015/10/15');
INSERT INTO employee_address VALUES ('N-00000259', 'Lake Robinchester', '22922 Nancy Canyon');
INSERT INTO employee_phoneno VALUES ('N-00000259', '+1-(162)-385-7866');
INSERT INTO nurse_midwife VALUES ('N-00000259');
INSERT INTO employee VALUES ('N-00000260', 'Pam', 'Weber', 'Nurse');
INSERT INTO nurse VALUES ('N-00000260', '1958/8/16');
INSERT INTO employee_address VALUES ('N-00000260', 'Anthonyside', '300 Dyer Summit');
INSERT INTO employee_phoneno VALUES ('N-00000260', '+1-(558)-372-4328');
INSERT INTO nurse_enrolled VALUES ('N-00000260');
INSERT INTO employee VALUES ('N-00000261', 'Karen', 'Hamilton', 'Nurse');
INSERT INTO nurse VALUES ('N-00000261', '1977/3/12');
INSERT INTO employee_address VALUES ('N-00000261', 'Hudsonmouth', '5595 Cole Center');
INSERT INTO employee_phoneno VALUES ('N-00000261', '+1-(222)-159-4482');
INSERT INTO nurse_registered VALUES ('N-00000261');
INSERT INTO employee VALUES ('N-00000262', 'Robert', 'Watson', 'Nurse');
INSERT INTO nurse VALUES ('N-00000262', '1989/3/27');
INSERT INTO employee_address VALUES ('N-00000262', 'Andersonview', '175 Franco Prairie Suite 065');
INSERT INTO employee_phoneno VALUES ('N-00000262', '+1-(703)-963-2373');
INSERT INTO nurse_midwife VALUES ('N-00000262');
INSERT INTO employee VALUES ('N-00000263', 'Sara', 'Campbell', 'Nurse');
INSERT INTO nurse VALUES ('N-00000263', '1947/4/26');
INSERT INTO employee_address VALUES ('N-00000263', 'Alisonborough', '683 Robert Unions Suite 091');
INSERT INTO employee_phoneno VALUES ('N-00000263', '+1-(909)-152-3456');
INSERT INTO nurse_enrolled VALUES ('N-00000263');
INSERT INTO employee VALUES ('N-00000264', 'Jimmy', 'Mitchell', 'Nurse');
INSERT INTO nurse VALUES ('N-00000264', '2000/2/23');
INSERT INTO employee_address VALUES ('N-00000264', 'Michaelbury', '0203 Scott Track');
INSERT INTO employee_phoneno VALUES ('N-00000264', '+1-(204)-082-3263');
INSERT INTO nurse_registered VALUES ('N-00000264');
INSERT INTO employee VALUES ('N-00000265', 'James', 'Harrison', 'Nurse');
INSERT INTO nurse VALUES ('N-00000265', '1944/10/28');
INSERT INTO employee_address VALUES ('N-00000265', 'Elliottberg', '140 Burgess Forest');
INSERT INTO employee_phoneno VALUES ('N-00000265', '+1-(560)-569-4954');
INSERT INTO nurse_midwife VALUES ('N-00000265');
INSERT INTO employee VALUES ('N-00000266', 'Travis', 'Alvarez', 'Nurse');
INSERT INTO nurse VALUES ('N-00000266', '1993/9/27');
INSERT INTO employee_address VALUES ('N-00000266', 'Stevenland', '342 Sara Trafficway Suite 817');
INSERT INTO employee_phoneno VALUES ('N-00000266', '+1-(540)-337-3862');
INSERT INTO nurse_enrolled VALUES ('N-00000266');
INSERT INTO employee VALUES ('N-00000267', 'Paula', 'Romero', 'Nurse');
INSERT INTO nurse VALUES ('N-00000267', '1956/6/16');
INSERT INTO employee_address VALUES ('N-00000267', 'East Andrewburgh', '85966 Melissa Burg Suite 670');
INSERT INTO employee_phoneno VALUES ('N-00000267', '+1-(835)-497-9838');
INSERT INTO nurse_registered VALUES ('N-00000267');
INSERT INTO employee VALUES ('N-00000268', 'Melanie', 'Todd', 'Nurse');
INSERT INTO nurse VALUES ('N-00000268', '1997/7/14');
INSERT INTO employee_address VALUES ('N-00000268', 'North Lisamouth', '944 Grant Via Suite 332');
INSERT INTO employee_phoneno VALUES ('N-00000268', '+1-(542)-942-4907');
INSERT INTO nurse_midwife VALUES ('N-00000268');
INSERT INTO employee VALUES ('N-00000269', 'Zachary', 'Nash', 'Nurse');
INSERT INTO nurse VALUES ('N-00000269', '1953/0/27');
INSERT INTO employee_address VALUES ('N-00000269', 'Danielhaven', '966 Meyers Branch Apt. 655');
INSERT INTO employee_phoneno VALUES ('N-00000269', '+1-(895)-387-0593');
INSERT INTO nurse_enrolled VALUES ('N-00000269');
INSERT INTO employee VALUES ('N-00000270', 'James', 'Joseph', 'Nurse');
INSERT INTO nurse VALUES ('N-00000270', '1998/0/20');
INSERT INTO employee_address VALUES ('N-00000270', 'New Michaelatown', '272 Lisa Alley');
INSERT INTO employee_phoneno VALUES ('N-00000270', '+1-(835)-424-9674');
INSERT INTO nurse_registered VALUES ('N-00000270');
INSERT INTO employee VALUES ('N-00000271', 'Travis', 'Jones', 'Nurse');
INSERT INTO nurse VALUES ('N-00000271', '1943/10/25');
INSERT INTO employee_address VALUES ('N-00000271', 'North Karenton', '98431 Allen Estate Suite 719');
INSERT INTO employee_phoneno VALUES ('N-00000271', '+1-(677)-372-2267');
INSERT INTO nurse_midwife VALUES ('N-00000271');
INSERT INTO employee VALUES ('N-00000272', 'Katie', 'Taylor', 'Nurse');
INSERT INTO nurse VALUES ('N-00000272', '2010/6/15');
INSERT INTO employee_address VALUES ('N-00000272', 'West Rebekah', '1211 Howard Junction Suite 335');
INSERT INTO employee_phoneno VALUES ('N-00000272', '+1-(231)-141-0033');
INSERT INTO nurse_enrolled VALUES ('N-00000272');
INSERT INTO employee VALUES ('N-00000273', 'Donald', 'Williamson', 'Nurse');
INSERT INTO nurse VALUES ('N-00000273', '2007/0/10');
INSERT INTO employee_address VALUES ('N-00000273', 'Port Noahchester', '840 Andrea Villages Suite 322');
INSERT INTO employee_phoneno VALUES ('N-00000273', '+1-(368)-487-5751');
INSERT INTO nurse_registered VALUES ('N-00000273');
INSERT INTO employee VALUES ('N-00000274', 'Robert', 'Gonzales', 'Nurse');
INSERT INTO nurse VALUES ('N-00000274', '1992/6/28');
INSERT INTO employee_address VALUES ('N-00000274', 'Dawnshire', '8678 Stephanie Run');
INSERT INTO employee_phoneno VALUES ('N-00000274', '+1-(716)-050-6007');
INSERT INTO nurse_midwife VALUES ('N-00000274');
INSERT INTO employee VALUES ('N-00000275', 'Lisa', 'Jensen', 'Nurse');
INSERT INTO nurse VALUES ('N-00000275', '1947/2/26');
INSERT INTO employee_address VALUES ('N-00000275', 'Zoemouth', '028 Ryan Springs');
INSERT INTO employee_phoneno VALUES ('N-00000275', '+1-(935)-960-6289');
INSERT INTO nurse_enrolled VALUES ('N-00000275');
INSERT INTO employee VALUES ('N-00000276', 'Christopher', 'Bartlett', 'Nurse');
INSERT INTO nurse VALUES ('N-00000276', '2000/8/25');
INSERT INTO employee_address VALUES ('N-00000276', 'Rileyhaven', '20780 Patterson Passage Apt. 089');
INSERT INTO employee_phoneno VALUES ('N-00000276', '+1-(273)-125-4567');
INSERT INTO nurse_registered VALUES ('N-00000276');
INSERT INTO employee VALUES ('N-00000277', 'Jessica', 'Hernandez', 'Nurse');
INSERT INTO nurse VALUES ('N-00000277', '1973/9/22');
INSERT INTO employee_address VALUES ('N-00000277', 'New Sophiashire', '8304 Cruz Views Apt. 648');
INSERT INTO employee_phoneno VALUES ('N-00000277', '+1-(918)-964-6237');
INSERT INTO nurse_midwife VALUES ('N-00000277');
INSERT INTO employee VALUES ('N-00000278', 'Kelly', 'Gonzalez', 'Nurse');
INSERT INTO nurse VALUES ('N-00000278', '1955/0/27');
INSERT INTO employee_address VALUES ('N-00000278', 'Morrismouth', '124 Robert Lights Apt. 028');
INSERT INTO employee_phoneno VALUES ('N-00000278', '+1-(138)-857-5678');
INSERT INTO nurse_enrolled VALUES ('N-00000278');
INSERT INTO employee VALUES ('N-00000279', 'Jessica', 'Robbins', 'Nurse');
INSERT INTO nurse VALUES ('N-00000279', '2002/6/12');
INSERT INTO employee_address VALUES ('N-00000279', 'North Kennethberg', '1960 Adams Loop Apt. 690');
INSERT INTO employee_phoneno VALUES ('N-00000279', '+1-(604)-620-7662');
INSERT INTO nurse_registered VALUES ('N-00000279');
INSERT INTO employee VALUES ('N-00000280', 'Tara', 'White', 'Nurse');
INSERT INTO nurse VALUES ('N-00000280', '1986/4/26');
INSERT INTO employee_address VALUES ('N-00000280', 'Mendozaborough', '1643 Allison Shoal Suite 555');
INSERT INTO employee_phoneno VALUES ('N-00000280', '+1-(478)-145-9911');
INSERT INTO nurse_midwife VALUES ('N-00000280');
INSERT INTO employee VALUES ('N-00000281', 'Jill', 'Parker', 'Nurse');
INSERT INTO nurse VALUES ('N-00000281', '1973/1/23');
INSERT INTO employee_address VALUES ('N-00000281', 'Matthewland', '6742 Clark Summit');
INSERT INTO employee_phoneno VALUES ('N-00000281', '+1-(273)-410-2605');
INSERT INTO nurse_enrolled VALUES ('N-00000281');
INSERT INTO employee VALUES ('N-00000282', 'John', 'Gonzales', 'Nurse');
INSERT INTO nurse VALUES ('N-00000282', '2005/3/27');
INSERT INTO employee_address VALUES ('N-00000282', 'West Laura', '283 Padilla Plains Apt. 314');
INSERT INTO employee_phoneno VALUES ('N-00000282', '+1-(565)-513-0682');
INSERT INTO nurse_registered VALUES ('N-00000282');
INSERT INTO employee VALUES ('N-00000283', 'Ashley', 'Curtis', 'Nurse');
INSERT INTO nurse VALUES ('N-00000283', '1999/1/25');
INSERT INTO employee_address VALUES ('N-00000283', 'Huffport', '345 Michael Harbors Apt. 419');
INSERT INTO employee_phoneno VALUES ('N-00000283', '+1-(114)-278-4388');
INSERT INTO nurse_midwife VALUES ('N-00000283');
INSERT INTO employee VALUES ('N-00000284', 'Christie', 'Casey', 'Nurse');
INSERT INTO nurse VALUES ('N-00000284', '1961/0/0');
INSERT INTO employee_address VALUES ('N-00000284', 'Longtown', '8702 Ruiz Stravenue Suite 362');
INSERT INTO employee_phoneno VALUES ('N-00000284', '+1-(559)-028-2094');
INSERT INTO nurse_enrolled VALUES ('N-00000284');
INSERT INTO employee VALUES ('N-00000285', 'Thomas', 'Jones', 'Nurse');
INSERT INTO nurse VALUES ('N-00000285', '2013/3/25');
INSERT INTO employee_address VALUES ('N-00000285', 'New Sara', '745 Davis Parkway');
INSERT INTO employee_phoneno VALUES ('N-00000285', '+1-(787)-561-5546');
INSERT INTO nurse_registered VALUES ('N-00000285');
INSERT INTO employee VALUES ('N-00000286', 'Stephen', 'Beltran', 'Nurse');
INSERT INTO nurse VALUES ('N-00000286', '1982/9/9');
INSERT INTO employee_address VALUES ('N-00000286', 'Joeville', '2566 Cobb Lakes');
INSERT INTO employee_phoneno VALUES ('N-00000286', '+1-(831)-940-1245');
INSERT INTO nurse_midwife VALUES ('N-00000286');
INSERT INTO employee VALUES ('N-00000287', 'Sean', 'Brennan', 'Nurse');
INSERT INTO nurse VALUES ('N-00000287', '1996/4/18');
INSERT INTO employee_address VALUES ('N-00000287', 'Millermouth', '289 Garcia Trail');
INSERT INTO employee_phoneno VALUES ('N-00000287', '+1-(978)-297-9763');
INSERT INTO nurse_enrolled VALUES ('N-00000287');
INSERT INTO employee VALUES ('N-00000288', 'Stephanie', 'Rodriguez', 'Nurse');
INSERT INTO nurse VALUES ('N-00000288', '1982/4/20');
INSERT INTO employee_address VALUES ('N-00000288', 'Claudiaberg', '386 Marks Flats');
INSERT INTO employee_phoneno VALUES ('N-00000288', '+1-(136)-405-7788');
INSERT INTO nurse_registered VALUES ('N-00000288');
INSERT INTO employee VALUES ('N-00000289', 'Timothy', 'Jones', 'Nurse');
INSERT INTO nurse VALUES ('N-00000289', '2003/12/19');
INSERT INTO employee_address VALUES ('N-00000289', 'Port Carmenshire', '52559 Ballard Run');
INSERT INTO employee_phoneno VALUES ('N-00000289', '+1-(419)-928-4243');
INSERT INTO nurse_midwife VALUES ('N-00000289');
INSERT INTO employee VALUES ('N-00000290', 'Eric', 'Wilkinson', 'Nurse');
INSERT INTO nurse VALUES ('N-00000290', '1968/6/3');
INSERT INTO employee_address VALUES ('N-00000290', 'Austinburgh', '8190 Keller Expressway Suite 085');
INSERT INTO employee_phoneno VALUES ('N-00000290', '+1-(781)-939-8827');
INSERT INTO nurse_enrolled VALUES ('N-00000290');
INSERT INTO employee VALUES ('N-00000291', 'Jeremy', 'Smith', 'Nurse');
INSERT INTO nurse VALUES ('N-00000291', '1971/4/26');
INSERT INTO employee_address VALUES ('N-00000291', 'Williamsfurt', '6953 Jennifer Mountains');
INSERT INTO employee_phoneno VALUES ('N-00000291', '+1-(512)-688-4883');
INSERT INTO nurse_registered VALUES ('N-00000291');
INSERT INTO employee VALUES ('N-00000292', 'Gail', 'Fowler', 'Nurse');
INSERT INTO nurse VALUES ('N-00000292', '1997/1/26');
INSERT INTO employee_address VALUES ('N-00000292', 'Johnfort', '45228 Gonzalez Course Apt. 727');
INSERT INTO employee_phoneno VALUES ('N-00000292', '+1-(426)-034-1471');
INSERT INTO nurse_midwife VALUES ('N-00000292');
INSERT INTO employee VALUES ('N-00000293', 'Gregory', 'Peterson', 'Nurse');
INSERT INTO nurse VALUES ('N-00000293', '2011/1/13');
INSERT INTO employee_address VALUES ('N-00000293', 'South Michael', '02076 Anderson Branch');
INSERT INTO employee_phoneno VALUES ('N-00000293', '+1-(881)-766-9035');
INSERT INTO nurse_enrolled VALUES ('N-00000293');
INSERT INTO employee VALUES ('N-00000294', 'Jacqueline', 'Hall', 'Nurse');
INSERT INTO nurse VALUES ('N-00000294', '1951/5/28');
INSERT INTO employee_address VALUES ('N-00000294', 'Bradfordburgh', '8942 Dominique Lock');
INSERT INTO employee_phoneno VALUES ('N-00000294', '+1-(572)-660-4576');
INSERT INTO nurse_registered VALUES ('N-00000294');
INSERT INTO employee VALUES ('N-00000295', 'Rhonda', 'Velasquez', 'Nurse');
INSERT INTO nurse VALUES ('N-00000295', '1965/4/25');
INSERT INTO employee_address VALUES ('N-00000295', 'Paulberg', '56210 Marissa Turnpike');
INSERT INTO employee_phoneno VALUES ('N-00000295', '+1-(570)-408-9679');
INSERT INTO nurse_midwife VALUES ('N-00000295');
INSERT INTO employee VALUES ('N-00000296', 'Jason', 'Donovan', 'Nurse');
INSERT INTO nurse VALUES ('N-00000296', '1992/5/13');
INSERT INTO employee_address VALUES ('N-00000296', 'West Chadview', '526 Mary Mountain');
INSERT INTO employee_phoneno VALUES ('N-00000296', '+1-(253)-540-2485');
INSERT INTO nurse_enrolled VALUES ('N-00000296');
INSERT INTO employee VALUES ('N-00000297', 'Elizabeth', 'Bridges', 'Nurse');
INSERT INTO nurse VALUES ('N-00000297', '1956/12/22');
INSERT INTO employee_address VALUES ('N-00000297', 'Morenomouth', '909 David Shoal Suite 329');
INSERT INTO employee_phoneno VALUES ('N-00000297', '+1-(341)-765-3869');
INSERT INTO nurse_registered VALUES ('N-00000297');
INSERT INTO employee VALUES ('N-00000298', 'Tara', 'Collins', 'Nurse');
INSERT INTO nurse VALUES ('N-00000298', '1959/5/17');
INSERT INTO employee_address VALUES ('N-00000298', 'Lawsonstad', '30965 Jose Station Suite 913');
INSERT INTO employee_phoneno VALUES ('N-00000298', '+1-(379)-079-4896');
INSERT INTO nurse_midwife VALUES ('N-00000298');
INSERT INTO employee VALUES ('N-00000299', 'Sarah', 'Anderson', 'Nurse');
INSERT INTO nurse VALUES ('N-00000299', '1991/4/12');
INSERT INTO employee_address VALUES ('N-00000299', 'East Deannaside', '30890 Velasquez Course Suite 212');
INSERT INTO employee_phoneno VALUES ('N-00000299', '+1-(164)-939-2603');
INSERT INTO nurse_enrolled VALUES ('N-00000299');
INSERT INTO employee VALUES ('N-00000300', 'Amber', 'Downs', 'Nurse');
INSERT INTO nurse VALUES ('N-00000300', '1983/3/18');
INSERT INTO employee_address VALUES ('N-00000300', 'Wilkinsonbury', '385 Allen Junction');
INSERT INTO employee_phoneno VALUES ('N-00000300', '+1-(757)-560-2111');
INSERT INTO nurse_registered VALUES ('N-00000300');
INSERT INTO employee VALUES ('N-00000301', 'Monica', 'Ward', 'Nurse');
INSERT INTO nurse VALUES ('N-00000301', '1975/3/19');
INSERT INTO employee_address VALUES ('N-00000301', 'Bakerland', '329 John Harbors');
INSERT INTO employee_phoneno VALUES ('N-00000301', '+1-(189)-260-1916');
INSERT INTO nurse_midwife VALUES ('N-00000301');
INSERT INTO employee VALUES ('N-00000302', 'Brian', 'Bauer', 'Nurse');
INSERT INTO nurse VALUES ('N-00000302', '1962/6/11');
INSERT INTO employee_address VALUES ('N-00000302', 'Doylefort', '1264 Holmes Centers');
INSERT INTO employee_phoneno VALUES ('N-00000302', '+1-(531)-281-9918');
INSERT INTO nurse_enrolled VALUES ('N-00000302');
INSERT INTO employee VALUES ('N-00000303', 'Brandi', 'Howell', 'Nurse');
INSERT INTO nurse VALUES ('N-00000303', '1987/8/0');
INSERT INTO employee_address VALUES ('N-00000303', 'East Kelseyhaven', '837 Knight Park');
INSERT INTO employee_phoneno VALUES ('N-00000303', '+1-(140)-129-0908');
INSERT INTO nurse_registered VALUES ('N-00000303');
INSERT INTO employee VALUES ('N-00000304', 'Jonathan', 'Rhodes', 'Nurse');
INSERT INTO nurse VALUES ('N-00000304', '1993/4/15');
INSERT INTO employee_address VALUES ('N-00000304', 'West Brianbury', '072 Young Spur Apt. 128');
INSERT INTO employee_phoneno VALUES ('N-00000304', '+1-(885)-922-5435');
INSERT INTO nurse_midwife VALUES ('N-00000304');
INSERT INTO employee VALUES ('N-00000305', 'Rodney', 'Leblanc', 'Nurse');
INSERT INTO nurse VALUES ('N-00000305', '2001/8/4');
INSERT INTO employee_address VALUES ('N-00000305', 'Tylerchester', '615 Black Mall Suite 534');
INSERT INTO employee_phoneno VALUES ('N-00000305', '+1-(544)-572-1725');
INSERT INTO nurse_enrolled VALUES ('N-00000305');
INSERT INTO employee VALUES ('N-00000306', 'Cindy', 'Simpson', 'Nurse');
INSERT INTO nurse VALUES ('N-00000306', '2014/0/3');
INSERT INTO employee_address VALUES ('N-00000306', 'New Matthew', '1212 Christopher Villages');
INSERT INTO employee_phoneno VALUES ('N-00000306', '+1-(558)-118-5717');
INSERT INTO nurse_registered VALUES ('N-00000306');
INSERT INTO employee VALUES ('N-00000307', 'Daniel', 'Singh', 'Nurse');
INSERT INTO nurse VALUES ('N-00000307', '1959/6/11');
INSERT INTO employee_address VALUES ('N-00000307', 'East Lanceton', '095 Adams Junctions');
INSERT INTO employee_phoneno VALUES ('N-00000307', '+1-(451)-073-2171');
INSERT INTO nurse_midwife VALUES ('N-00000307');
INSERT INTO employee VALUES ('N-00000308', 'Caitlin', 'Lee', 'Nurse');
INSERT INTO nurse VALUES ('N-00000308', '1956/8/27');
INSERT INTO employee_address VALUES ('N-00000308', 'Port Jamesborough', '6450 Jennings Well');
INSERT INTO employee_phoneno VALUES ('N-00000308', '+1-(246)-024-8263');
INSERT INTO nurse_enrolled VALUES ('N-00000308');
INSERT INTO employee VALUES ('N-00000309', 'Joel', 'Andrews', 'Nurse');
INSERT INTO nurse VALUES ('N-00000309', '2016/7/27');
INSERT INTO employee_address VALUES ('N-00000309', 'Port Andrea', '18884 Katherine Causeway Apt. 175');
INSERT INTO employee_phoneno VALUES ('N-00000309', '+1-(683)-204-7776');
INSERT INTO nurse_registered VALUES ('N-00000309');
INSERT INTO employee VALUES ('N-00000310', 'Debra', 'Russell', 'Nurse');
INSERT INTO nurse VALUES ('N-00000310', '1961/5/8');
INSERT INTO employee_address VALUES ('N-00000310', 'Davidmouth', '1910 Heather Curve');
INSERT INTO employee_phoneno VALUES ('N-00000310', '+1-(230)-633-1522');
INSERT INTO nurse_midwife VALUES ('N-00000310');
INSERT INTO employee VALUES ('N-00000311', 'Philip', 'Holloway', 'Nurse');
INSERT INTO nurse VALUES ('N-00000311', '1945/3/12');
INSERT INTO employee_address VALUES ('N-00000311', 'East Melanieport', '9115 Farmer Ville Suite 863');
INSERT INTO employee_phoneno VALUES ('N-00000311', '+1-(297)-893-9589');
INSERT INTO nurse_enrolled VALUES ('N-00000311');
INSERT INTO employee VALUES ('N-00000312', 'Susan', 'Davies', 'Nurse');
INSERT INTO nurse VALUES ('N-00000312', '1947/9/11');
INSERT INTO employee_address VALUES ('N-00000312', 'East Scott', '42985 Kevin Dale Suite 958');
INSERT INTO employee_phoneno VALUES ('N-00000312', '+1-(175)-334-5866');
INSERT INTO nurse_registered VALUES ('N-00000312');
INSERT INTO employee VALUES ('N-00000313', 'Mark', 'Thomas', 'Nurse');
INSERT INTO nurse VALUES ('N-00000313', '1943/1/6');
INSERT INTO employee_address VALUES ('N-00000313', 'Richardchester', '350 Debra Spring Apt. 431');
INSERT INTO employee_phoneno VALUES ('N-00000313', '+1-(929)-918-1618');
INSERT INTO nurse_midwife VALUES ('N-00000313');
INSERT INTO employee VALUES ('N-00000314', 'Carrie', 'Perez', 'Nurse');
INSERT INTO nurse VALUES ('N-00000314', '1956/9/24');
INSERT INTO employee_address VALUES ('N-00000314', 'Wrightport', '735 Ellis Road Suite 736');
INSERT INTO employee_phoneno VALUES ('N-00000314', '+1-(664)-437-8062');
INSERT INTO nurse_enrolled VALUES ('N-00000314');
INSERT INTO employee VALUES ('N-00000315', 'Mitchell', 'Norton', 'Nurse');
INSERT INTO nurse VALUES ('N-00000315', '2005/3/19');
INSERT INTO employee_address VALUES ('N-00000315', 'Frankland', '943 Caldwell Centers Apt. 650');
INSERT INTO employee_phoneno VALUES ('N-00000315', '+1-(189)-549-8562');
INSERT INTO nurse_registered VALUES ('N-00000315');
INSERT INTO employee VALUES ('N-00000316', 'Melissa', 'Crosby', 'Nurse');
INSERT INTO nurse VALUES ('N-00000316', '1989/2/18');
INSERT INTO employee_address VALUES ('N-00000316', 'Port Kelseyfurt', '1624 Jenna Stravenue');
INSERT INTO employee_phoneno VALUES ('N-00000316', '+1-(718)-518-4843');
INSERT INTO nurse_midwife VALUES ('N-00000316');
INSERT INTO employee VALUES ('N-00000317', 'Amy', 'Henderson', 'Nurse');
INSERT INTO nurse VALUES ('N-00000317', '1978/9/28');
INSERT INTO employee_address VALUES ('N-00000317', 'Amyfurt', '32660 Bradley Grove');
INSERT INTO employee_phoneno VALUES ('N-00000317', '+1-(190)-806-6848');
INSERT INTO nurse_enrolled VALUES ('N-00000317');
INSERT INTO employee VALUES ('N-00000318', 'Anthony', 'Cooley', 'Nurse');
INSERT INTO nurse VALUES ('N-00000318', '1977/10/5');
INSERT INTO employee_address VALUES ('N-00000318', 'Port Jacob', '194 Katie Ferry');
INSERT INTO employee_phoneno VALUES ('N-00000318', '+1-(169)-015-7948');
INSERT INTO nurse_registered VALUES ('N-00000318');
INSERT INTO employee VALUES ('N-00000319', 'Marcus', 'Mcknight', 'Nurse');
INSERT INTO nurse VALUES ('N-00000319', '1964/8/24');
INSERT INTO employee_address VALUES ('N-00000319', 'Petersonville', '134 Michael Key Suite 905');
INSERT INTO employee_phoneno VALUES ('N-00000319', '+1-(327)-400-3931');
INSERT INTO nurse_midwife VALUES ('N-00000319');
INSERT INTO employee VALUES ('N-00000320', 'William', 'Jones', 'Nurse');
INSERT INTO nurse VALUES ('N-00000320', '1964/12/14');
INSERT INTO employee_address VALUES ('N-00000320', 'Patriciaville', '6731 Megan Trail Suite 809');
INSERT INTO employee_phoneno VALUES ('N-00000320', '+1-(534)-122-9926');
INSERT INTO nurse_enrolled VALUES ('N-00000320');
INSERT INTO employee VALUES ('N-00000321', 'Sean', 'Pittman', 'Nurse');
INSERT INTO nurse VALUES ('N-00000321', '2015/2/21');
INSERT INTO employee_address VALUES ('N-00000321', 'East Samanthabury', '603 Hill Alley Apt. 490');
INSERT INTO employee_phoneno VALUES ('N-00000321', '+1-(136)-750-6815');
INSERT INTO nurse_registered VALUES ('N-00000321');
INSERT INTO employee VALUES ('N-00000322', 'Erika', 'Wilkinson', 'Nurse');
INSERT INTO nurse VALUES ('N-00000322', '1950/1/26');
INSERT INTO employee_address VALUES ('N-00000322', 'Kellychester', '93046 Jacqueline Creek Apt. 022');
INSERT INTO employee_phoneno VALUES ('N-00000322', '+1-(227)-868-6933');
INSERT INTO nurse_midwife VALUES ('N-00000322');
INSERT INTO employee VALUES ('N-00000323', 'James', 'Andersen', 'Nurse');
INSERT INTO nurse VALUES ('N-00000323', '1996/9/3');
INSERT INTO employee_address VALUES ('N-00000323', 'Port Timothyport', '92202 Sarah Lake Apt. 206');
INSERT INTO employee_phoneno VALUES ('N-00000323', '+1-(565)-087-8586');
INSERT INTO nurse_enrolled VALUES ('N-00000323');
INSERT INTO employee VALUES ('N-00000324', 'Andrea', 'Cruz', 'Nurse');
INSERT INTO nurse VALUES ('N-00000324', '1954/8/7');
INSERT INTO employee_address VALUES ('N-00000324', 'Buckfort', '64575 Kara Shore');
INSERT INTO employee_phoneno VALUES ('N-00000324', '+1-(407)-198-3000');
INSERT INTO nurse_registered VALUES ('N-00000324');
INSERT INTO employee VALUES ('N-00000325', 'Michael', 'Perez', 'Nurse');
INSERT INTO nurse VALUES ('N-00000325', '2005/2/21');
INSERT INTO employee_address VALUES ('N-00000325', 'East Kimberlytown', '7580 Allen Falls Apt. 116');
INSERT INTO employee_phoneno VALUES ('N-00000325', '+1-(975)-474-9255');
INSERT INTO nurse_midwife VALUES ('N-00000325');
INSERT INTO employee VALUES ('N-00000326', 'Amber', 'Jackson', 'Nurse');
INSERT INTO nurse VALUES ('N-00000326', '1993/5/22');
INSERT INTO employee_address VALUES ('N-00000326', 'Ramirezchester', '12066 Sierra Center');
INSERT INTO employee_phoneno VALUES ('N-00000326', '+1-(699)-350-7229');
INSERT INTO nurse_enrolled VALUES ('N-00000326');
INSERT INTO employee VALUES ('N-00000327', 'Kelly', 'Anderson', 'Nurse');
INSERT INTO nurse VALUES ('N-00000327', '1990/10/9');
INSERT INTO employee_address VALUES ('N-00000327', 'East Stephanie', '22235 Brian Greens');
INSERT INTO employee_phoneno VALUES ('N-00000327', '+1-(724)-792-8114');
INSERT INTO nurse_registered VALUES ('N-00000327');
INSERT INTO employee VALUES ('N-00000328', 'Jason', 'Chapman', 'Nurse');
INSERT INTO nurse VALUES ('N-00000328', '1952/2/16');
INSERT INTO employee_address VALUES ('N-00000328', 'North Jackville', '5606 Gonzalez Pass Apt. 798');
INSERT INTO employee_phoneno VALUES ('N-00000328', '+1-(918)-186-4791');
INSERT INTO nurse_midwife VALUES ('N-00000328');
INSERT INTO employee VALUES ('N-00000329', 'Christina', 'Garza', 'Nurse');
INSERT INTO nurse VALUES ('N-00000329', '1962/8/1');
INSERT INTO employee_address VALUES ('N-00000329', 'Lake Gregory', '1510 Watts Manors Suite 822');
INSERT INTO employee_phoneno VALUES ('N-00000329', '+1-(207)-786-6700');
INSERT INTO nurse_enrolled VALUES ('N-00000329');
INSERT INTO employee VALUES ('N-00000330', 'Vincent', 'Holland', 'Nurse');
INSERT INTO nurse VALUES ('N-00000330', '1962/10/11');
INSERT INTO employee_address VALUES ('N-00000330', 'Harpertown', '235 Ross Track Apt. 076');
INSERT INTO employee_phoneno VALUES ('N-00000330', '+1-(235)-783-6212');
INSERT INTO nurse_registered VALUES ('N-00000330');
INSERT INTO employee VALUES ('N-00000331', 'Megan', 'Williams', 'Nurse');
INSERT INTO nurse VALUES ('N-00000331', '1973/6/23');
INSERT INTO employee_address VALUES ('N-00000331', 'Rachelstad', '908 Michelle Lodge Suite 385');
INSERT INTO employee_phoneno VALUES ('N-00000331', '+1-(794)-664-4313');
INSERT INTO nurse_midwife VALUES ('N-00000331');
INSERT INTO employee VALUES ('N-00000332', 'Stacey', 'Lynn', 'Nurse');
INSERT INTO nurse VALUES ('N-00000332', '1970/10/27');
INSERT INTO employee_address VALUES ('N-00000332', 'North Alyssaview', '95210 Smith Centers');
INSERT INTO employee_phoneno VALUES ('N-00000332', '+1-(548)-264-3890');
INSERT INTO nurse_enrolled VALUES ('N-00000332');
INSERT INTO employee VALUES ('N-00000333', 'Veronica', 'Mercer', 'Nurse');
INSERT INTO nurse VALUES ('N-00000333', '1988/3/4');
INSERT INTO employee_address VALUES ('N-00000333', 'East Teresa', '6504 Heather Village Suite 308');
INSERT INTO employee_phoneno VALUES ('N-00000333', '+1-(689)-130-7969');
INSERT INTO nurse_registered VALUES ('N-00000333');
INSERT INTO employee VALUES ('N-00000334', 'Tiffany', 'Smith', 'Nurse');
INSERT INTO nurse VALUES ('N-00000334', '1999/11/15');
INSERT INTO employee_address VALUES ('N-00000334', 'Richardsonhaven', '8451 Jason Rapids');
INSERT INTO employee_phoneno VALUES ('N-00000334', '+1-(930)-288-7616');
INSERT INTO nurse_midwife VALUES ('N-00000334');
INSERT INTO employee VALUES ('N-00000335', 'Michelle', 'Morris', 'Nurse');
INSERT INTO nurse VALUES ('N-00000335', '1966/1/3');
INSERT INTO employee_address VALUES ('N-00000335', 'Williamsview', '97436 Malik Hills');
INSERT INTO employee_phoneno VALUES ('N-00000335', '+1-(633)-020-9097');
INSERT INTO nurse_enrolled VALUES ('N-00000335');
INSERT INTO employee VALUES ('N-00000336', 'Dawn', 'Mitchell', 'Nurse');
INSERT INTO nurse VALUES ('N-00000336', '1970/6/3');
INSERT INTO employee_address VALUES ('N-00000336', 'East Barbara', '113 Brittany Forges Apt. 102');
INSERT INTO employee_phoneno VALUES ('N-00000336', '+1-(980)-026-2377');
INSERT INTO nurse_registered VALUES ('N-00000336');
INSERT INTO employee VALUES ('N-00000337', 'Louis', 'Webb', 'Nurse');
INSERT INTO nurse VALUES ('N-00000337', '1975/6/29');
INSERT INTO employee_address VALUES ('N-00000337', 'Fernandezhaven', '593 Jonathan Park');
INSERT INTO employee_phoneno VALUES ('N-00000337', '+1-(518)-185-4705');
INSERT INTO nurse_midwife VALUES ('N-00000337');
INSERT INTO employee VALUES ('N-00000338', 'Nicole', 'Adams', 'Nurse');
INSERT INTO nurse VALUES ('N-00000338', '2004/5/18');
INSERT INTO employee_address VALUES ('N-00000338', 'Port Kelsey', '62770 Jackson Drives Apt. 669');
INSERT INTO employee_phoneno VALUES ('N-00000338', '+1-(546)-125-6243');
INSERT INTO nurse_enrolled VALUES ('N-00000338');
INSERT INTO employee VALUES ('N-00000339', 'Brenda', 'Proctor', 'Nurse');
INSERT INTO nurse VALUES ('N-00000339', '1983/5/22');
INSERT INTO employee_address VALUES ('N-00000339', 'Patriciaview', '817 Sharon Union Apt. 880');
INSERT INTO employee_phoneno VALUES ('N-00000339', '+1-(905)-737-8670');
INSERT INTO nurse_registered VALUES ('N-00000339');
INSERT INTO employee VALUES ('N-00000340', 'Christopher', 'Johnson', 'Nurse');
INSERT INTO nurse VALUES ('N-00000340', '1947/4/0');
INSERT INTO employee_address VALUES ('N-00000340', 'East Jacob', '18931 Kara Stream Suite 948');
INSERT INTO employee_phoneno VALUES ('N-00000340', '+1-(293)-170-1360');
INSERT INTO nurse_midwife VALUES ('N-00000340');
INSERT INTO employee VALUES ('N-00000341', 'Emily', 'Adams', 'Nurse');
INSERT INTO nurse VALUES ('N-00000341', '1954/10/20');
INSERT INTO employee_address VALUES ('N-00000341', 'Lake Angela', '415 Courtney Mission');
INSERT INTO employee_phoneno VALUES ('N-00000341', '+1-(570)-612-4984');
INSERT INTO nurse_enrolled VALUES ('N-00000341');
INSERT INTO employee VALUES ('N-00000342', 'Bianca', 'Miller', 'Nurse');
INSERT INTO nurse VALUES ('N-00000342', '1949/12/16');
INSERT INTO employee_address VALUES ('N-00000342', 'East Leslie', '38101 Tracie Stream Apt. 872');
INSERT INTO employee_phoneno VALUES ('N-00000342', '+1-(687)-367-3885');
INSERT INTO nurse_registered VALUES ('N-00000342');
INSERT INTO employee VALUES ('N-00000343', 'Karina', 'Stevens', 'Nurse');
INSERT INTO nurse VALUES ('N-00000343', '2013/3/6');
INSERT INTO employee_address VALUES ('N-00000343', 'Boyleport', '168 Flores Trafficway Apt. 266');
INSERT INTO employee_phoneno VALUES ('N-00000343', '+1-(705)-459-5089');
INSERT INTO nurse_midwife VALUES ('N-00000343');
INSERT INTO employee VALUES ('N-00000344', 'Catherine', 'Nguyen', 'Nurse');
INSERT INTO nurse VALUES ('N-00000344', '1970/8/24');
INSERT INTO employee_address VALUES ('N-00000344', 'South Jasonfurt', '97787 Richards Street Apt. 779');
INSERT INTO employee_phoneno VALUES ('N-00000344', '+1-(730)-446-4581');
INSERT INTO nurse_enrolled VALUES ('N-00000344');
INSERT INTO employee VALUES ('N-00000345', 'Sarah', 'Henderson', 'Nurse');
INSERT INTO nurse VALUES ('N-00000345', '1961/11/7');
INSERT INTO employee_address VALUES ('N-00000345', 'South Jacobburgh', '54720 Hawkins Fork Suite 177');
INSERT INTO employee_phoneno VALUES ('N-00000345', '+1-(779)-468-4694');
INSERT INTO nurse_registered VALUES ('N-00000345');
INSERT INTO employee VALUES ('N-00000346', 'Amy', 'Arnold', 'Nurse');
INSERT INTO nurse VALUES ('N-00000346', '1958/4/6');
INSERT INTO employee_address VALUES ('N-00000346', 'Thomasfort', '8285 Jeffrey Station');
INSERT INTO employee_phoneno VALUES ('N-00000346', '+1-(481)-065-7296');
INSERT INTO nurse_midwife VALUES ('N-00000346');
INSERT INTO employee VALUES ('N-00000347', 'Michael', 'Patrick', 'Nurse');
INSERT INTO nurse VALUES ('N-00000347', '1958/1/4');
INSERT INTO employee_address VALUES ('N-00000347', 'Jaredborough', '078 Ronald Cape Apt. 426');
INSERT INTO employee_phoneno VALUES ('N-00000347', '+1-(191)-793-9709');
INSERT INTO nurse_enrolled VALUES ('N-00000347');
INSERT INTO employee VALUES ('N-00000348', 'Johnny', 'Schwartz', 'Nurse');
INSERT INTO nurse VALUES ('N-00000348', '2014/1/5');
INSERT INTO employee_address VALUES ('N-00000348', 'North Hannah', '58752 Tina Pines');
INSERT INTO employee_phoneno VALUES ('N-00000348', '+1-(616)-309-4220');
INSERT INTO nurse_registered VALUES ('N-00000348');
INSERT INTO employee VALUES ('N-00000349', 'Daniel', 'Mccann', 'Nurse');
INSERT INTO nurse VALUES ('N-00000349', '2015/6/7');
INSERT INTO employee_address VALUES ('N-00000349', 'Collinsview', '80870 Bates Park Suite 176');
INSERT INTO employee_phoneno VALUES ('N-00000349', '+1-(726)-127-9644');
INSERT INTO nurse_midwife VALUES ('N-00000349');
INSERT INTO employee VALUES ('N-00000350', 'Ian', 'Lopez', 'Nurse');
INSERT INTO nurse VALUES ('N-00000350', '1975/2/10');
INSERT INTO employee_address VALUES ('N-00000350', 'New Melissa', '657 Phillips Station Suite 647');
INSERT INTO employee_phoneno VALUES ('N-00000350', '+1-(989)-115-0933');
INSERT INTO nurse_enrolled VALUES ('N-00000350');
INSERT INTO employee VALUES ('N-00000351', 'Karen', 'Griffith', 'Nurse');
INSERT INTO nurse VALUES ('N-00000351', '2016/7/8');
INSERT INTO employee_address VALUES ('N-00000351', 'Whitneyburgh', '639 Keith Track Apt. 744');
INSERT INTO employee_phoneno VALUES ('N-00000351', '+1-(103)-449-8822');
INSERT INTO nurse_registered VALUES ('N-00000351');
INSERT INTO employee VALUES ('N-00000352', 'Virginia', 'Ramos', 'Nurse');
INSERT INTO nurse VALUES ('N-00000352', '1987/3/12');
INSERT INTO employee_address VALUES ('N-00000352', 'Mcdonaldfurt', '5240 Patel Rue Apt. 480');
INSERT INTO employee_phoneno VALUES ('N-00000352', '+1-(217)-356-2041');
INSERT INTO nurse_midwife VALUES ('N-00000352');
INSERT INTO employee VALUES ('N-00000353', 'Christina', 'Moss', 'Nurse');
INSERT INTO nurse VALUES ('N-00000353', '1987/2/28');
INSERT INTO employee_address VALUES ('N-00000353', 'North Rachael', '287 Anderson Drive');
INSERT INTO employee_phoneno VALUES ('N-00000353', '+1-(689)-856-3297');
INSERT INTO nurse_enrolled VALUES ('N-00000353');
INSERT INTO employee VALUES ('N-00000354', 'Rebecca', 'Butler', 'Nurse');
INSERT INTO nurse VALUES ('N-00000354', '2003/1/11');
INSERT INTO employee_address VALUES ('N-00000354', 'New Richard', '228 Taylor Island');
INSERT INTO employee_phoneno VALUES ('N-00000354', '+1-(557)-948-7628');
INSERT INTO nurse_registered VALUES ('N-00000354');
INSERT INTO employee VALUES ('N-00000355', 'Travis', 'Campbell', 'Nurse');
INSERT INTO nurse VALUES ('N-00000355', '2005/0/8');
INSERT INTO employee_address VALUES ('N-00000355', 'New Ashley', '135 Julie Vista Apt. 641');
INSERT INTO employee_phoneno VALUES ('N-00000355', '+1-(981)-904-5032');
INSERT INTO nurse_midwife VALUES ('N-00000355');
INSERT INTO employee VALUES ('N-00000356', 'Michael', 'Alexander', 'Nurse');
INSERT INTO nurse VALUES ('N-00000356', '1942/5/25');
INSERT INTO employee_address VALUES ('N-00000356', 'New Michael', '4089 Peggy Trail Suite 660');
INSERT INTO employee_phoneno VALUES ('N-00000356', '+1-(106)-738-8056');
INSERT INTO nurse_enrolled VALUES ('N-00000356');
INSERT INTO employee VALUES ('N-00000357', 'Joseph', 'Anderson', 'Nurse');
INSERT INTO nurse VALUES ('N-00000357', '2013/5/28');
INSERT INTO employee_address VALUES ('N-00000357', 'New Jessica', '028 Warren Prairie Apt. 407');
INSERT INTO employee_phoneno VALUES ('N-00000357', '+1-(550)-503-1542');
INSERT INTO nurse_registered VALUES ('N-00000357');
INSERT INTO employee VALUES ('N-00000358', 'Rachel', 'Evans', 'Nurse');
INSERT INTO nurse VALUES ('N-00000358', '1976/11/4');
INSERT INTO employee_address VALUES ('N-00000358', 'Lake Kristinachester', '762 Karen Light');
INSERT INTO employee_phoneno VALUES ('N-00000358', '+1-(873)-242-8368');
INSERT INTO nurse_midwife VALUES ('N-00000358');
INSERT INTO employee VALUES ('N-00000359', 'Matthew', 'Miller', 'Nurse');
INSERT INTO nurse VALUES ('N-00000359', '1998/3/28');
INSERT INTO employee_address VALUES ('N-00000359', 'Port Elijahborough', '995 Christopher Road');
INSERT INTO employee_phoneno VALUES ('N-00000359', '+1-(871)-624-2260');
INSERT INTO nurse_enrolled VALUES ('N-00000359');
INSERT INTO employee VALUES ('N-00000360', 'Ashley', 'Larson', 'Nurse');
INSERT INTO nurse VALUES ('N-00000360', '1984/8/22');
INSERT INTO employee_address VALUES ('N-00000360', 'Patricktown', '1213 Sarah Station');
INSERT INTO employee_phoneno VALUES ('N-00000360', '+1-(478)-904-7785');
INSERT INTO nurse_registered VALUES ('N-00000360');
INSERT INTO employee VALUES ('N-00000361', 'William', 'Moore', 'Nurse');
INSERT INTO nurse VALUES ('N-00000361', '1961/12/19');
INSERT INTO employee_address VALUES ('N-00000361', 'Cooktown', '92409 John Islands Apt. 855');
INSERT INTO employee_phoneno VALUES ('N-00000361', '+1-(597)-154-1150');
INSERT INTO nurse_midwife VALUES ('N-00000361');
INSERT INTO employee VALUES ('N-00000362', 'Derek', 'Simmons', 'Nurse');
INSERT INTO nurse VALUES ('N-00000362', '2001/8/22');
INSERT INTO employee_address VALUES ('N-00000362', 'Brownborough', '7916 Chelsea Port Suite 980');
INSERT INTO employee_phoneno VALUES ('N-00000362', '+1-(292)-393-0746');
INSERT INTO nurse_enrolled VALUES ('N-00000362');
INSERT INTO employee VALUES ('N-00000363', 'Tommy', 'Marquez', 'Nurse');
INSERT INTO nurse VALUES ('N-00000363', '1948/12/7');
INSERT INTO employee_address VALUES ('N-00000363', 'Brucetown', '9217 Richard Extensions Suite 967');
INSERT INTO employee_phoneno VALUES ('N-00000363', '+1-(581)-747-5962');
INSERT INTO nurse_registered VALUES ('N-00000363');
INSERT INTO employee VALUES ('N-00000364', 'Stephanie', 'Lewis', 'Nurse');
INSERT INTO nurse VALUES ('N-00000364', '1994/6/23');
INSERT INTO employee_address VALUES ('N-00000364', 'Debbietown', '77299 Brown Pass Suite 748');
INSERT INTO employee_phoneno VALUES ('N-00000364', '+1-(413)-909-5551');
INSERT INTO nurse_midwife VALUES ('N-00000364');
INSERT INTO employee VALUES ('N-00000365', 'Duane', 'Williams', 'Nurse');
INSERT INTO nurse VALUES ('N-00000365', '1971/8/22');
INSERT INTO employee_address VALUES ('N-00000365', 'Madelinehaven', '654 Brittany Keys Apt. 463');
INSERT INTO employee_phoneno VALUES ('N-00000365', '+1-(388)-014-6972');
INSERT INTO nurse_enrolled VALUES ('N-00000365');
INSERT INTO employee VALUES ('N-00000366', 'Melissa', 'Beard', 'Nurse');
INSERT INTO nurse VALUES ('N-00000366', '1956/3/15');
INSERT INTO employee_address VALUES ('N-00000366', 'Port Luisberg', '754 Tonya Island');
INSERT INTO employee_phoneno VALUES ('N-00000366', '+1-(594)-395-0961');
INSERT INTO nurse_registered VALUES ('N-00000366');
INSERT INTO employee VALUES ('N-00000367', 'Nicole', 'Parker', 'Nurse');
INSERT INTO nurse VALUES ('N-00000367', '1995/6/30');
INSERT INTO employee_address VALUES ('N-00000367', 'West Jeremiah', '110 Kristine Inlet Suite 112');
INSERT INTO employee_phoneno VALUES ('N-00000367', '+1-(190)-407-4289');
INSERT INTO nurse_midwife VALUES ('N-00000367');
INSERT INTO employee VALUES ('N-00000368', 'David', 'Brown', 'Nurse');
INSERT INTO nurse VALUES ('N-00000368', '1963/4/0');
INSERT INTO employee_address VALUES ('N-00000368', 'East Melissa', '177 Sanders Spur Suite 798');
INSERT INTO employee_phoneno VALUES ('N-00000368', '+1-(175)-256-9094');
INSERT INTO nurse_enrolled VALUES ('N-00000368');
INSERT INTO employee VALUES ('N-00000369', 'Kimberly', 'Good', 'Nurse');
INSERT INTO nurse VALUES ('N-00000369', '1960/0/3');
INSERT INTO employee_address VALUES ('N-00000369', 'Greenstad', '54600 Jackson Mountains Apt. 123');
INSERT INTO employee_phoneno VALUES ('N-00000369', '+1-(438)-335-3468');
INSERT INTO nurse_registered VALUES ('N-00000369');
INSERT INTO employee VALUES ('N-00000370', 'Melissa', 'Dixon', 'Nurse');
INSERT INTO nurse VALUES ('N-00000370', '1991/8/19');
INSERT INTO employee_address VALUES ('N-00000370', 'Lake Anthony', '65854 Davis Ranch Apt. 534');
INSERT INTO employee_phoneno VALUES ('N-00000370', '+1-(516)-446-8088');
INSERT INTO nurse_midwife VALUES ('N-00000370');
INSERT INTO employee VALUES ('N-00000371', 'Zachary', 'Wright', 'Nurse');
INSERT INTO nurse VALUES ('N-00000371', '2004/2/23');
INSERT INTO employee_address VALUES ('N-00000371', 'Danielston', '50659 Bradley Rapids Apt. 679');
INSERT INTO employee_phoneno VALUES ('N-00000371', '+1-(754)-213-5814');
INSERT INTO nurse_enrolled VALUES ('N-00000371');
INSERT INTO employee VALUES ('N-00000372', 'Amanda', 'Allison', 'Nurse');
INSERT INTO nurse VALUES ('N-00000372', '2004/5/23');
INSERT INTO employee_address VALUES ('N-00000372', 'Clarkview', '44503 Sherri Row');
INSERT INTO employee_phoneno VALUES ('N-00000372', '+1-(371)-440-8820');
INSERT INTO nurse_registered VALUES ('N-00000372');
INSERT INTO employee VALUES ('N-00000373', 'Daniel', 'Diaz', 'Nurse');
INSERT INTO nurse VALUES ('N-00000373', '2011/0/27');
INSERT INTO employee_address VALUES ('N-00000373', 'Michelemouth', '863 Richard Turnpike');
INSERT INTO employee_phoneno VALUES ('N-00000373', '+1-(248)-155-7591');
INSERT INTO nurse_midwife VALUES ('N-00000373');
INSERT INTO employee VALUES ('N-00000374', 'Jared', 'Weaver', 'Nurse');
INSERT INTO nurse VALUES ('N-00000374', '1948/3/28');
INSERT INTO employee_address VALUES ('N-00000374', 'South Teresatown', '1296 Hill Center Apt. 274');
INSERT INTO employee_phoneno VALUES ('N-00000374', '+1-(411)-032-9912');
INSERT INTO nurse_enrolled VALUES ('N-00000374');
INSERT INTO employee VALUES ('N-00000375', 'Gregory', 'Sanders', 'Nurse');
INSERT INTO nurse VALUES ('N-00000375', '1969/10/17');
INSERT INTO employee_address VALUES ('N-00000375', 'Wyattmouth', '0554 Harris Trace Apt. 702');
INSERT INTO employee_phoneno VALUES ('N-00000375', '+1-(291)-321-1611');
INSERT INTO nurse_registered VALUES ('N-00000375');
INSERT INTO employee VALUES ('N-00000376', 'Katherine', 'West', 'Nurse');
INSERT INTO nurse VALUES ('N-00000376', '1973/9/28');
INSERT INTO employee_address VALUES ('N-00000376', 'North Amanda', '2825 Robert Keys');
INSERT INTO employee_phoneno VALUES ('N-00000376', '+1-(188)-622-9125');
INSERT INTO nurse_midwife VALUES ('N-00000376');
INSERT INTO employee VALUES ('N-00000377', 'Jennifer', 'Rodriguez', 'Nurse');
INSERT INTO nurse VALUES ('N-00000377', '1985/5/21');
INSERT INTO employee_address VALUES ('N-00000377', 'Lake Deniseton', '142 Rosales Light');
INSERT INTO employee_phoneno VALUES ('N-00000377', '+1-(562)-506-7497');
INSERT INTO nurse_enrolled VALUES ('N-00000377');
INSERT INTO employee VALUES ('N-00000378', 'Michael', 'Ibarra', 'Nurse');
INSERT INTO nurse VALUES ('N-00000378', '1990/2/0');
INSERT INTO employee_address VALUES ('N-00000378', 'Danielborough', '637 Freeman Fort');
INSERT INTO employee_phoneno VALUES ('N-00000378', '+1-(109)-759-7207');
INSERT INTO nurse_registered VALUES ('N-00000378');
INSERT INTO employee VALUES ('N-00000379', 'James', 'Smith', 'Nurse');
INSERT INTO nurse VALUES ('N-00000379', '1988/7/27');
INSERT INTO employee_address VALUES ('N-00000379', 'Lake Alexandertown', '561 Rice Shore');
INSERT INTO employee_phoneno VALUES ('N-00000379', '+1-(298)-725-3970');
INSERT INTO nurse_midwife VALUES ('N-00000379');
INSERT INTO employee VALUES ('N-00000380', 'Alexis', 'Edwards', 'Nurse');
INSERT INTO nurse VALUES ('N-00000380', '1962/4/1');
INSERT INTO employee_address VALUES ('N-00000380', 'Lake Jessicafort', '250 Smith Bridge');
INSERT INTO employee_phoneno VALUES ('N-00000380', '+1-(173)-224-0031');
INSERT INTO nurse_enrolled VALUES ('N-00000380');
INSERT INTO employee VALUES ('N-00000381', 'Jamie', 'Miles', 'Nurse');
INSERT INTO nurse VALUES ('N-00000381', '1987/1/12');
INSERT INTO employee_address VALUES ('N-00000381', 'Weberfort', '845 Walker Shoals Apt. 712');
INSERT INTO employee_phoneno VALUES ('N-00000381', '+1-(218)-459-6584');
INSERT INTO nurse_registered VALUES ('N-00000381');
INSERT INTO employee VALUES ('N-00000382', 'Jonathan', 'Pierce', 'Nurse');
INSERT INTO nurse VALUES ('N-00000382', '1963/7/11');
INSERT INTO employee_address VALUES ('N-00000382', 'Lake Matthewbury', '7448 Marcus Parks');
INSERT INTO employee_phoneno VALUES ('N-00000382', '+1-(317)-344-1344');
INSERT INTO nurse_midwife VALUES ('N-00000382');
INSERT INTO employee VALUES ('N-00000383', 'Molly', 'Graves', 'Nurse');
INSERT INTO nurse VALUES ('N-00000383', '1968/1/0');
INSERT INTO employee_address VALUES ('N-00000383', 'Alexisville', '78802 Kathleen Spring Suite 285');
INSERT INTO employee_phoneno VALUES ('N-00000383', '+1-(108)-00-1-8035');
INSERT INTO nurse_enrolled VALUES ('N-00000383');
INSERT INTO employee VALUES ('N-00000384', 'Jacqueline', 'Miller', 'Nurse');
INSERT INTO nurse VALUES ('N-00000384', '2002/12/15');
INSERT INTO employee_address VALUES ('N-00000384', 'Bethview', '531 Gabriel Turnpike Apt. 721');
INSERT INTO employee_phoneno VALUES ('N-00000384', '+1-(717)-057-9547');
INSERT INTO nurse_registered VALUES ('N-00000384');
INSERT INTO employee VALUES ('N-00000385', 'Dominique', 'Ruiz', 'Nurse');
INSERT INTO nurse VALUES ('N-00000385', '2016/6/7');
INSERT INTO employee_address VALUES ('N-00000385', 'Austinport', '6697 Johnson Springs Suite 737');
INSERT INTO employee_phoneno VALUES ('N-00000385', '+1-(254)-621-2505');
INSERT INTO nurse_midwife VALUES ('N-00000385');
INSERT INTO employee VALUES ('N-00000386', 'Edward', 'Flores', 'Nurse');
INSERT INTO nurse VALUES ('N-00000386', '2005/10/7');
INSERT INTO employee_address VALUES ('N-00000386', 'New Jonathanville', '933 Hill Haven');
INSERT INTO employee_phoneno VALUES ('N-00000386', '+1-(801)-283-7543');
INSERT INTO nurse_enrolled VALUES ('N-00000386');
INSERT INTO employee VALUES ('N-00000387', 'Leah', 'Mccormick', 'Nurse');
INSERT INTO nurse VALUES ('N-00000387', '2004/10/2');
INSERT INTO employee_address VALUES ('N-00000387', 'New Jessicamouth', '12334 Wilkins Locks Suite 115');
INSERT INTO employee_phoneno VALUES ('N-00000387', '+1-(973)-882-1587');
INSERT INTO nurse_registered VALUES ('N-00000387');
INSERT INTO employee VALUES ('N-00000388', 'Thomas', 'Griffin', 'Nurse');
INSERT INTO nurse VALUES ('N-00000388', '1997/5/1');
INSERT INTO employee_address VALUES ('N-00000388', 'Wilsonfort', '8734 Fernandez Drives Apt. 218');
INSERT INTO employee_phoneno VALUES ('N-00000388', '+1-(588)-164-0052');
INSERT INTO nurse_midwife VALUES ('N-00000388');
INSERT INTO employee VALUES ('N-00000389', 'Roberto', 'Young', 'Nurse');
INSERT INTO nurse VALUES ('N-00000389', '1981/2/10');
INSERT INTO employee_address VALUES ('N-00000389', 'Lake Juliaside', '58475 Tony Mountain');
INSERT INTO employee_phoneno VALUES ('N-00000389', '+1-(639)-941-1212');
INSERT INTO nurse_enrolled VALUES ('N-00000389');
INSERT INTO employee VALUES ('N-00000390', 'Dale', 'Khan', 'Nurse');
INSERT INTO nurse VALUES ('N-00000390', '1974/5/29');
INSERT INTO employee_address VALUES ('N-00000390', 'Port Austin', '944 Ryan Cape');
INSERT INTO employee_phoneno VALUES ('N-00000390', '+1-(176)-126-3706');
INSERT INTO nurse_registered VALUES ('N-00000390');
INSERT INTO employee VALUES ('N-00000391', 'Thomas', 'Rivera', 'Nurse');
INSERT INTO nurse VALUES ('N-00000391', '1989/0/25');
INSERT INTO employee_address VALUES ('N-00000391', 'Port Janeshire', '71669 Cardenas Drive');
INSERT INTO employee_phoneno VALUES ('N-00000391', '+1-(313)-493-1338');
INSERT INTO nurse_midwife VALUES ('N-00000391');
INSERT INTO employee VALUES ('N-00000392', 'William', 'Ingram', 'Nurse');
INSERT INTO nurse VALUES ('N-00000392', '1944/8/29');
INSERT INTO employee_address VALUES ('N-00000392', 'Stephenstad', '3314 Eric Fords');
INSERT INTO employee_phoneno VALUES ('N-00000392', '+1-(942)-055-8493');
INSERT INTO nurse_enrolled VALUES ('N-00000392');
INSERT INTO employee VALUES ('N-00000393', 'Steven', 'Kelley', 'Nurse');
INSERT INTO nurse VALUES ('N-00000393', '1971/8/23');
INSERT INTO employee_address VALUES ('N-00000393', 'Stacyville', '3857 Stewart Club Suite 387');
INSERT INTO employee_phoneno VALUES ('N-00000393', '+1-(513)-539-2931');
INSERT INTO nurse_registered VALUES ('N-00000393');
INSERT INTO employee VALUES ('N-00000394', 'Summer', 'Green', 'Nurse');
INSERT INTO nurse VALUES ('N-00000394', '1942/4/16');
INSERT INTO employee_address VALUES ('N-00000394', 'Andersenhaven', '3840 Kramer Extensions');
INSERT INTO employee_phoneno VALUES ('N-00000394', '+1-(206)-766-9928');
INSERT INTO nurse_midwife VALUES ('N-00000394');
INSERT INTO employee VALUES ('N-00000395', 'Brandon', 'Sawyer', 'Nurse');
INSERT INTO nurse VALUES ('N-00000395', '1979/8/24');
INSERT INTO employee_address VALUES ('N-00000395', 'North Deborah', '672 Mitchell Stravenue Suite 007');
INSERT INTO employee_phoneno VALUES ('N-00000395', '+1-(605)-180-2013');
INSERT INTO nurse_enrolled VALUES ('N-00000395');
INSERT INTO employee VALUES ('N-00000396', 'Stephanie', 'Cummings', 'Nurse');
INSERT INTO nurse VALUES ('N-00000396', '1961/2/15');
INSERT INTO employee_address VALUES ('N-00000396', 'New Jamesview', '64306 Lopez Circles Apt. 284');
INSERT INTO employee_phoneno VALUES ('N-00000396', '+1-(854)-894-8201');
INSERT INTO nurse_registered VALUES ('N-00000396');
INSERT INTO employee VALUES ('N-00000397', 'James', 'Kim', 'Nurse');
INSERT INTO nurse VALUES ('N-00000397', '2009/8/6');
INSERT INTO employee_address VALUES ('N-00000397', 'North Jasonfurt', '83803 Singh Union Suite 414');
INSERT INTO employee_phoneno VALUES ('N-00000397', '+1-(886)-009-0490');
INSERT INTO nurse_midwife VALUES ('N-00000397');
INSERT INTO employee VALUES ('N-00000398', 'Megan', 'Murillo', 'Nurse');
INSERT INTO nurse VALUES ('N-00000398', '1991/7/15');
INSERT INTO employee_address VALUES ('N-00000398', 'Carrieside', '25664 Richard Loaf');
INSERT INTO employee_phoneno VALUES ('N-00000398', '+1-(688)-988-7122');
INSERT INTO nurse_enrolled VALUES ('N-00000398');
INSERT INTO employee VALUES ('N-00000399', 'Anita', 'Adams', 'Nurse');
INSERT INTO nurse VALUES ('N-00000399', '1942/3/9');
INSERT INTO employee_address VALUES ('N-00000399', 'Steeleshire', '516 Williams Parkway');
INSERT INTO employee_phoneno VALUES ('N-00000399', '+1-(873)-646-9695');
INSERT INTO nurse_registered VALUES ('N-00000399');
INSERT INTO employee VALUES ('N-00000400', 'Jamie', 'Alexander', 'Nurse');
INSERT INTO nurse VALUES ('N-00000400', '2006/8/25');
INSERT INTO employee_address VALUES ('N-00000400', 'West Jessica', '705 Nicole Flat');
INSERT INTO employee_phoneno VALUES ('N-00000400', '+1-(638)-946-1055');
INSERT INTO nurse_midwife VALUES ('N-00000400');
INSERT INTO employee VALUES ('N-00000401', 'William', 'Ferguson', 'Nurse');
INSERT INTO nurse VALUES ('N-00000401', '2001/9/11');
INSERT INTO employee_address VALUES ('N-00000401', 'New Rodney', '863 Andrea Bypass Suite 510');
INSERT INTO employee_phoneno VALUES ('N-00000401', '+1-(296)-187-4267');
INSERT INTO nurse_enrolled VALUES ('N-00000401');
INSERT INTO employee VALUES ('N-00000402', 'Patricia', 'Benton', 'Nurse');
INSERT INTO nurse VALUES ('N-00000402', '1958/7/8');
INSERT INTO employee_address VALUES ('N-00000402', 'Gonzalezchester', '03873 Carlson Common');
INSERT INTO employee_phoneno VALUES ('N-00000402', '+1-(421)-267-2966');
INSERT INTO nurse_registered VALUES ('N-00000402');
INSERT INTO employee VALUES ('N-00000403', 'Meghan', 'Levine', 'Nurse');
INSERT INTO nurse VALUES ('N-00000403', '1984/11/12');
INSERT INTO employee_address VALUES ('N-00000403', 'Robinside', '128 James Branch');
INSERT INTO employee_phoneno VALUES ('N-00000403', '+1-(682)-991-2319');
INSERT INTO nurse_midwife VALUES ('N-00000403');
INSERT INTO employee VALUES ('N-00000404', 'Jill', 'Moore', 'Nurse');
INSERT INTO nurse VALUES ('N-00000404', '1967/8/22');
INSERT INTO employee_address VALUES ('N-00000404', 'East Rachelside', '23843 Christopher Ways');
INSERT INTO employee_phoneno VALUES ('N-00000404', '+1-(934)-835-6418');
INSERT INTO nurse_enrolled VALUES ('N-00000404');
INSERT INTO employee VALUES ('N-00000405', 'Rodney', 'Sampson', 'Nurse');
INSERT INTO nurse VALUES ('N-00000405', '1966/5/30');
INSERT INTO employee_address VALUES ('N-00000405', 'West Joyceville', '697 Silva Park');
INSERT INTO employee_phoneno VALUES ('N-00000405', '+1-(238)-290-7985');
INSERT INTO nurse_registered VALUES ('N-00000405');
INSERT INTO employee VALUES ('N-00000406', 'Justin', 'Ruiz', 'Nurse');
INSERT INTO nurse VALUES ('N-00000406', '2016/9/16');
INSERT INTO employee_address VALUES ('N-00000406', 'Port Johntown', '45105 Nguyen Trail');
INSERT INTO employee_phoneno VALUES ('N-00000406', '+1-(634)-246-0853');
INSERT INTO nurse_midwife VALUES ('N-00000406');
INSERT INTO employee VALUES ('N-00000407', 'Christopher', 'Cooper', 'Nurse');
INSERT INTO nurse VALUES ('N-00000407', '1947/11/28');
INSERT INTO employee_address VALUES ('N-00000407', 'South Danielleview', '16854 Johnson Freeway Suite 178');
INSERT INTO employee_phoneno VALUES ('N-00000407', '+1-(982)-307-8231');
INSERT INTO nurse_enrolled VALUES ('N-00000407');
INSERT INTO employee VALUES ('N-00000408', 'Robert', 'Thomas', 'Nurse');
INSERT INTO nurse VALUES ('N-00000408', '2009/3/4');
INSERT INTO employee_address VALUES ('N-00000408', 'West Williamburgh', '54145 Thomas Extension Suite 865');
INSERT INTO employee_phoneno VALUES ('N-00000408', '+1-(907)-499-9201');
INSERT INTO nurse_registered VALUES ('N-00000408');
INSERT INTO employee VALUES ('N-00000409', 'Matthew', 'Williams', 'Nurse');
INSERT INTO nurse VALUES ('N-00000409', '2004/5/8');
INSERT INTO employee_address VALUES ('N-00000409', 'North Zacharychester', '63096 Martin Lodge');
INSERT INTO employee_phoneno VALUES ('N-00000409', '+1-(169)-672-0151');
INSERT INTO nurse_midwife VALUES ('N-00000409');
INSERT INTO employee VALUES ('N-00000410', 'Daniel', 'Hernandez', 'Nurse');
INSERT INTO nurse VALUES ('N-00000410', '2002/4/14');
INSERT INTO employee_address VALUES ('N-00000410', 'Brooksland', '74755 Wilkerson Way Suite 503');
INSERT INTO employee_phoneno VALUES ('N-00000410', '+1-(388)-287-4655');
INSERT INTO nurse_enrolled VALUES ('N-00000410');
INSERT INTO employee VALUES ('N-00000411', 'Danielle', 'Hayes', 'Nurse');
INSERT INTO nurse VALUES ('N-00000411', '1984/3/22');
INSERT INTO employee_address VALUES ('N-00000411', 'New Tyler', '5734 Evans Junction Suite 352');
INSERT INTO employee_phoneno VALUES ('N-00000411', '+1-(760)-094-5452');
INSERT INTO nurse_registered VALUES ('N-00000411');
INSERT INTO employee VALUES ('N-00000412', 'Megan', 'Patton', 'Nurse');
INSERT INTO nurse VALUES ('N-00000412', '1970/6/12');
INSERT INTO employee_address VALUES ('N-00000412', 'West Elizabeth', '850 Frank Plaza');
INSERT INTO employee_phoneno VALUES ('N-00000412', '+1-(391)-443-3893');
INSERT INTO nurse_midwife VALUES ('N-00000412');
INSERT INTO employee VALUES ('N-00000413', 'Cheryl', 'Schaefer', 'Nurse');
INSERT INTO nurse VALUES ('N-00000413', '1953/12/9');
INSERT INTO employee_address VALUES ('N-00000413', 'West William', '1601 Stephen Fort');
INSERT INTO employee_phoneno VALUES ('N-00000413', '+1-(993)-093-9171');
INSERT INTO nurse_enrolled VALUES ('N-00000413');
INSERT INTO employee VALUES ('N-00000414', 'Zoe', 'Wood', 'Nurse');
INSERT INTO nurse VALUES ('N-00000414', '2007/9/2');
INSERT INTO employee_address VALUES ('N-00000414', 'Port Dakota', '278 Lang Burgs');
INSERT INTO employee_phoneno VALUES ('N-00000414', '+1-(563)-113-6494');
INSERT INTO nurse_registered VALUES ('N-00000414');
INSERT INTO employee VALUES ('N-00000415', 'Jocelyn', 'Frank', 'Nurse');
INSERT INTO nurse VALUES ('N-00000415', '1943/6/10');
INSERT INTO employee_address VALUES ('N-00000415', 'Rossland', '484 Troy Harbor');
INSERT INTO employee_phoneno VALUES ('N-00000415', '+1-(162)-166-4098');
INSERT INTO nurse_midwife VALUES ('N-00000415');
INSERT INTO employee VALUES ('N-00000416', 'Nathan', 'Hernandez', 'Nurse');
INSERT INTO nurse VALUES ('N-00000416', '2005/6/15');
INSERT INTO employee_address VALUES ('N-00000416', 'Lake Anthonyfort', '980 Mitchell Ports Apt. 765');
INSERT INTO employee_phoneno VALUES ('N-00000416', '+1-(596)-859-8978');
INSERT INTO nurse_enrolled VALUES ('N-00000416');
INSERT INTO employee VALUES ('N-00000417', 'Kristin', 'Powell', 'Nurse');
INSERT INTO nurse VALUES ('N-00000417', '2001/2/16');
INSERT INTO employee_address VALUES ('N-00000417', 'South Erin', '132 Proctor Stream Apt. 963');
INSERT INTO employee_phoneno VALUES ('N-00000417', '+1-(376)-248-2670');
INSERT INTO nurse_registered VALUES ('N-00000417');
INSERT INTO employee VALUES ('N-00000418', 'Juan', 'Martinez', 'Nurse');
INSERT INTO nurse VALUES ('N-00000418', '1964/4/21');
INSERT INTO employee_address VALUES ('N-00000418', 'Lynnport', '3285 Richard Meadow');
INSERT INTO employee_phoneno VALUES ('N-00000418', '+1-(202)-125-8188');
INSERT INTO nurse_midwife VALUES ('N-00000418');
INSERT INTO employee VALUES ('N-00000419', 'Isaac', 'Potts', 'Nurse');
INSERT INTO nurse VALUES ('N-00000419', '2003/9/15');
INSERT INTO employee_address VALUES ('N-00000419', 'Pricemouth', '6492 Brittney Fords');
INSERT INTO employee_phoneno VALUES ('N-00000419', '+1-(279)-773-6539');
INSERT INTO nurse_enrolled VALUES ('N-00000419');
INSERT INTO employee VALUES ('N-00000420', 'Dean', 'Thomas', 'Nurse');
INSERT INTO nurse VALUES ('N-00000420', '2006/10/2');
INSERT INTO employee_address VALUES ('N-00000420', 'North Arthurside', '761 Thompson Lake');
INSERT INTO employee_phoneno VALUES ('N-00000420', '+1-(829)-572-9519');
INSERT INTO nurse_registered VALUES ('N-00000420');
INSERT INTO employee VALUES ('N-00000421', 'Eric', 'Reynolds', 'Nurse');
INSERT INTO nurse VALUES ('N-00000421', '1962/3/13');
INSERT INTO employee_address VALUES ('N-00000421', 'North Jose', '8661 Rebecca Forges');
INSERT INTO employee_phoneno VALUES ('N-00000421', '+1-(379)-351-2691');
INSERT INTO nurse_midwife VALUES ('N-00000421');
INSERT INTO employee VALUES ('N-00000422', 'Patricia', 'Morse', 'Nurse');
INSERT INTO nurse VALUES ('N-00000422', '2003/11/15');
INSERT INTO employee_address VALUES ('N-00000422', 'Kylebury', '1584 Charles Causeway');
INSERT INTO employee_phoneno VALUES ('N-00000422', '+1-(913)-096-6297');
INSERT INTO nurse_enrolled VALUES ('N-00000422');
INSERT INTO employee VALUES ('N-00000423', 'Kevin', 'Meza', 'Nurse');
INSERT INTO nurse VALUES ('N-00000423', '2011/3/6');
INSERT INTO employee_address VALUES ('N-00000423', 'East Petermouth', '133 Allen Mountain Suite 864');
INSERT INTO employee_phoneno VALUES ('N-00000423', '+1-(502)-363-7548');
INSERT INTO nurse_registered VALUES ('N-00000423');
INSERT INTO employee VALUES ('N-00000424', 'Jose', 'Ray', 'Nurse');
INSERT INTO nurse VALUES ('N-00000424', '2001/1/3');
INSERT INTO employee_address VALUES ('N-00000424', 'South Todd', '901 Ralph Vista Suite 228');
INSERT INTO employee_phoneno VALUES ('N-00000424', '+1-(478)-718-9593');
INSERT INTO nurse_midwife VALUES ('N-00000424');
INSERT INTO employee VALUES ('N-00000425', 'Jaclyn', 'Nicholson', 'Nurse');
INSERT INTO nurse VALUES ('N-00000425', '2015/10/28');
INSERT INTO employee_address VALUES ('N-00000425', 'Melanieville', '9130 Hicks Street Apt. 643');
INSERT INTO employee_phoneno VALUES ('N-00000425', '+1-(737)-470-3598');
INSERT INTO nurse_enrolled VALUES ('N-00000425');
INSERT INTO employee VALUES ('N-00000426', 'Luis', 'Greene', 'Nurse');
INSERT INTO nurse VALUES ('N-00000426', '1986/12/0');
INSERT INTO employee_address VALUES ('N-00000426', 'Staceyside', '24322 Michael Passage');
INSERT INTO employee_phoneno VALUES ('N-00000426', '+1-(182)-343-7321');
INSERT INTO nurse_registered VALUES ('N-00000426');
INSERT INTO employee VALUES ('N-00000427', 'Donna', 'Byrd', 'Nurse');
INSERT INTO nurse VALUES ('N-00000427', '1978/3/24');
INSERT INTO employee_address VALUES ('N-00000427', 'New Thomasfurt', '488 Michael Ports Suite 113');
INSERT INTO employee_phoneno VALUES ('N-00000427', '+1-(674)-440-3593');
INSERT INTO nurse_midwife VALUES ('N-00000427');
INSERT INTO employee VALUES ('N-00000428', 'Susan', 'Hopkins', 'Nurse');
INSERT INTO nurse VALUES ('N-00000428', '2012/3/12');
INSERT INTO employee_address VALUES ('N-00000428', 'Jacktown', '0534 Jackson Lodge');
INSERT INTO employee_phoneno VALUES ('N-00000428', '+1-(221)-041-6396');
INSERT INTO nurse_enrolled VALUES ('N-00000428');
INSERT INTO employee VALUES ('N-00000429', 'John', 'Lopez', 'Nurse');
INSERT INTO nurse VALUES ('N-00000429', '1976/4/28');
INSERT INTO employee_address VALUES ('N-00000429', 'Lake Lori', '686 Joel Alley Suite 440');
INSERT INTO employee_phoneno VALUES ('N-00000429', '+1-(646)-302-4691');
INSERT INTO nurse_registered VALUES ('N-00000429');
INSERT INTO employee VALUES ('N-00000430', 'Oscar', 'Taylor', 'Nurse');
INSERT INTO nurse VALUES ('N-00000430', '1999/7/30');
INSERT INTO employee_address VALUES ('N-00000430', 'Coopertown', '9840 Wendy Creek');
INSERT INTO employee_phoneno VALUES ('N-00000430', '+1-(236)-869-6369');
INSERT INTO nurse_midwife VALUES ('N-00000430');
INSERT INTO employee VALUES ('N-00000431', 'Kimberly', 'Weber', 'Nurse');
INSERT INTO nurse VALUES ('N-00000431', '2001/10/16');
INSERT INTO employee_address VALUES ('N-00000431', 'North Gerald', '11983 Nicole Lights');
INSERT INTO employee_phoneno VALUES ('N-00000431', '+1-(963)-778-7883');
INSERT INTO nurse_enrolled VALUES ('N-00000431');
INSERT INTO employee VALUES ('N-00000432', 'Elizabeth', 'Miller', 'Nurse');
INSERT INTO nurse VALUES ('N-00000432', '1968/6/1');
INSERT INTO employee_address VALUES ('N-00000432', 'Port Michael', '46416 Scott Square Suite 751');
INSERT INTO employee_phoneno VALUES ('N-00000432', '+1-(923)-875-6818');
INSERT INTO nurse_registered VALUES ('N-00000432');
INSERT INTO employee VALUES ('N-00000433', 'Bryce', 'Carson', 'Nurse');
INSERT INTO nurse VALUES ('N-00000433', '1960/7/0');
INSERT INTO employee_address VALUES ('N-00000433', 'Chaneystad', '3981 Dawn Place Apt. 850');
INSERT INTO employee_phoneno VALUES ('N-00000433', '+1-(800)-557-5685');
INSERT INTO nurse_midwife VALUES ('N-00000433');
INSERT INTO employee VALUES ('N-00000434', 'Michael', 'Miller', 'Nurse');
INSERT INTO nurse VALUES ('N-00000434', '2013/6/19');
INSERT INTO employee_address VALUES ('N-00000434', 'Simmonsfurt', '4513 Alan Overpass');
INSERT INTO employee_phoneno VALUES ('N-00000434', '+1-(710)-209-5359');
INSERT INTO nurse_enrolled VALUES ('N-00000434');
INSERT INTO employee VALUES ('N-00000435', 'Teresa', 'Huber', 'Nurse');
INSERT INTO nurse VALUES ('N-00000435', '2008/11/13');
INSERT INTO employee_address VALUES ('N-00000435', 'East Sandra', '02964 Austin Creek');
INSERT INTO employee_phoneno VALUES ('N-00000435', '+1-(702)-082-3466');
INSERT INTO nurse_registered VALUES ('N-00000435');
INSERT INTO employee VALUES ('N-00000436', 'Jennifer', 'Hess', 'Nurse');
INSERT INTO nurse VALUES ('N-00000436', '1952/2/22');
INSERT INTO employee_address VALUES ('N-00000436', 'New Nathan', '27735 Gregory Inlet Apt. 655');
INSERT INTO employee_phoneno VALUES ('N-00000436', '+1-(775)-893-8397');
INSERT INTO nurse_midwife VALUES ('N-00000436');
INSERT INTO employee VALUES ('N-00000437', 'Eugene', 'Estrada', 'Nurse');
INSERT INTO nurse VALUES ('N-00000437', '2015/0/21');
INSERT INTO employee_address VALUES ('N-00000437', 'Moorehaven', '9160 Ronald Circle Apt. 844');
INSERT INTO employee_phoneno VALUES ('N-00000437', '+1-(576)-909-6098');
INSERT INTO nurse_enrolled VALUES ('N-00000437');
INSERT INTO employee VALUES ('N-00000438', 'Lisa', 'Garcia', 'Nurse');
INSERT INTO nurse VALUES ('N-00000438', '1962/9/10');
INSERT INTO employee_address VALUES ('N-00000438', 'Cunninghamville', '519 Hunt Manors');
INSERT INTO employee_phoneno VALUES ('N-00000438', '+1-(663)-496-5115');
INSERT INTO nurse_registered VALUES ('N-00000438');
INSERT INTO employee VALUES ('N-00000439', 'Joshua', 'Archer', 'Nurse');
INSERT INTO nurse VALUES ('N-00000439', '1978/10/21');
INSERT INTO employee_address VALUES ('N-00000439', 'West Jeffrey', '0533 Velasquez Flats Suite 363');
INSERT INTO employee_phoneno VALUES ('N-00000439', '+1-(494)-856-1544');
INSERT INTO nurse_midwife VALUES ('N-00000439');
INSERT INTO employee VALUES ('N-00000440', 'David', 'Hull', 'Nurse');
INSERT INTO nurse VALUES ('N-00000440', '1987/4/28');
INSERT INTO employee_address VALUES ('N-00000440', 'New Jasonton', '4768 Burns Views Suite 703');
INSERT INTO employee_phoneno VALUES ('N-00000440', '+1-(827)-066-2211');
INSERT INTO nurse_enrolled VALUES ('N-00000440');
INSERT INTO employee VALUES ('N-00000441', 'Mary', 'Kelly', 'Nurse');
INSERT INTO nurse VALUES ('N-00000441', '1995/8/7');
INSERT INTO employee_address VALUES ('N-00000441', 'Jaredbury', '4909 Alvarez Course');
INSERT INTO employee_phoneno VALUES ('N-00000441', '+1-(732)-418-4300');
INSERT INTO nurse_registered VALUES ('N-00000441');
INSERT INTO employee VALUES ('N-00000442', 'Randy', 'Gonzales', 'Nurse');
INSERT INTO nurse VALUES ('N-00000442', '1981/5/1');
INSERT INTO employee_address VALUES ('N-00000442', 'Lake Jerryview', '2199 Brooke Rapid');
INSERT INTO employee_phoneno VALUES ('N-00000442', '+1-(891)-774-8741');
INSERT INTO nurse_midwife VALUES ('N-00000442');
INSERT INTO employee VALUES ('N-00000443', 'John', 'Lowery', 'Nurse');
INSERT INTO nurse VALUES ('N-00000443', '2007/10/29');
INSERT INTO employee_address VALUES ('N-00000443', 'West Larryview', '29576 Ann Unions');
INSERT INTO employee_phoneno VALUES ('N-00000443', '+1-(196)-655-2545');
INSERT INTO nurse_enrolled VALUES ('N-00000443');
INSERT INTO employee VALUES ('N-00000444', 'Christopher', 'Cortez', 'Nurse');
INSERT INTO nurse VALUES ('N-00000444', '2015/8/11');
INSERT INTO employee_address VALUES ('N-00000444', 'Stephensbury', '1776 Mendez Ramp');
INSERT INTO employee_phoneno VALUES ('N-00000444', '+1-(943)-650-8179');
INSERT INTO nurse_registered VALUES ('N-00000444');
INSERT INTO employee VALUES ('N-00000445', 'Albert', 'Sloan', 'Nurse');
INSERT INTO nurse VALUES ('N-00000445', '1973/6/25');
INSERT INTO employee_address VALUES ('N-00000445', 'Port Rickyland', '5407 Mitchell Squares Suite 875');
INSERT INTO employee_phoneno VALUES ('N-00000445', '+1-(786)-976-3600');
INSERT INTO nurse_midwife VALUES ('N-00000445');
INSERT INTO employee VALUES ('N-00000446', 'Maxwell', 'Gomez', 'Nurse');
INSERT INTO nurse VALUES ('N-00000446', '1998/7/18');
INSERT INTO employee_address VALUES ('N-00000446', 'Chamberston', '16142 King Meadow');
INSERT INTO employee_phoneno VALUES ('N-00000446', '+1-(935)-362-4702');
INSERT INTO nurse_enrolled VALUES ('N-00000446');
INSERT INTO employee VALUES ('N-00000447', 'Melissa', 'West', 'Nurse');
INSERT INTO nurse VALUES ('N-00000447', '2007/11/28');
INSERT INTO employee_address VALUES ('N-00000447', 'New Sarah', '4924 Yu Rapid Suite 277');
INSERT INTO employee_phoneno VALUES ('N-00000447', '+1-(960)-979-2619');
INSERT INTO nurse_registered VALUES ('N-00000447');
INSERT INTO employee VALUES ('N-00000448', 'Douglas', 'Morales', 'Nurse');
INSERT INTO nurse VALUES ('N-00000448', '2001/2/25');
INSERT INTO employee_address VALUES ('N-00000448', 'South Amanda', '281 Barker Neck Suite 805');
INSERT INTO employee_phoneno VALUES ('N-00000448', '+1-(778)-822-5157');
INSERT INTO nurse_midwife VALUES ('N-00000448');
INSERT INTO employee VALUES ('N-00000449', 'Emily', 'Galloway', 'Nurse');
INSERT INTO nurse VALUES ('N-00000449', '1997/0/10');
INSERT INTO employee_address VALUES ('N-00000449', 'North Destinyview', '610 Michael Village');
INSERT INTO employee_phoneno VALUES ('N-00000449', '+1-(475)-090-3515');
INSERT INTO nurse_enrolled VALUES ('N-00000449');
INSERT INTO employee VALUES ('N-00000450', 'Rachel', 'Morris', 'Nurse');
INSERT INTO nurse VALUES ('N-00000450', '1950/10/27');
INSERT INTO employee_address VALUES ('N-00000450', 'West Alexandraton', '6319 Stone Springs Apt. 283');
INSERT INTO employee_phoneno VALUES ('N-00000450', '+1-(735)-932-3369');
INSERT INTO nurse_registered VALUES ('N-00000450');
INSERT INTO employee VALUES ('N-00000451', 'Nathaniel', 'Townsend', 'Nurse');
INSERT INTO nurse VALUES ('N-00000451', '1958/10/1');
INSERT INTO employee_address VALUES ('N-00000451', 'Kelliland', '878 Kyle Drives');
INSERT INTO employee_phoneno VALUES ('N-00000451', '+1-(463)-241-9913');
INSERT INTO nurse_midwife VALUES ('N-00000451');
INSERT INTO employee VALUES ('N-00000452', 'Alyssa', 'Taylor', 'Nurse');
INSERT INTO nurse VALUES ('N-00000452', '1999/4/14');
INSERT INTO employee_address VALUES ('N-00000452', 'North Nicole', '941 Amanda Drive Apt. 658');
INSERT INTO employee_phoneno VALUES ('N-00000452', '+1-(636)-023-2655');
INSERT INTO nurse_enrolled VALUES ('N-00000452');
INSERT INTO employee VALUES ('N-00000453', 'Kathy', 'Foster', 'Nurse');
INSERT INTO nurse VALUES ('N-00000453', '1967/10/6');
INSERT INTO employee_address VALUES ('N-00000453', 'Port Tonyport', '4217 Christina Overpass Suite 067');
INSERT INTO employee_phoneno VALUES ('N-00000453', '+1-(972)-114-5236');
INSERT INTO nurse_registered VALUES ('N-00000453');
INSERT INTO employee VALUES ('N-00000454', 'Thomas', 'Ross', 'Nurse');
INSERT INTO nurse VALUES ('N-00000454', '1983/10/3');
INSERT INTO employee_address VALUES ('N-00000454', 'Jennifermouth', '0823 Ochoa Stream Apt. 340');
INSERT INTO employee_phoneno VALUES ('N-00000454', '+1-(731)-016-0362');
INSERT INTO nurse_midwife VALUES ('N-00000454');
INSERT INTO employee VALUES ('N-00000455', 'Mary', 'West', 'Nurse');
INSERT INTO nurse VALUES ('N-00000455', '1956/12/13');
INSERT INTO employee_address VALUES ('N-00000455', 'New Danielle', '81607 Dixon Circles');
INSERT INTO employee_phoneno VALUES ('N-00000455', '+1-(811)-155-7557');
INSERT INTO nurse_enrolled VALUES ('N-00000455');
INSERT INTO employee VALUES ('N-00000456', 'Robin', 'Montgomery', 'Nurse');
INSERT INTO nurse VALUES ('N-00000456', '1982/4/20');
INSERT INTO employee_address VALUES ('N-00000456', 'North Benjaminburgh', '396 Douglas Prairie');
INSERT INTO employee_phoneno VALUES ('N-00000456', '+1-(969)-047-2852');
INSERT INTO nurse_registered VALUES ('N-00000456');
INSERT INTO employee VALUES ('N-00000457', 'Darryl', 'Gill', 'Nurse');
INSERT INTO nurse VALUES ('N-00000457', '1961/8/13');
INSERT INTO employee_address VALUES ('N-00000457', 'Lake Karenport', '97921 Bates Ville');
INSERT INTO employee_phoneno VALUES ('N-00000457', '+1-(278)-473-5382');
INSERT INTO nurse_midwife VALUES ('N-00000457');
INSERT INTO employee VALUES ('N-00000458', 'Rebecca', 'Miranda', 'Nurse');
INSERT INTO nurse VALUES ('N-00000458', '1956/10/0');
INSERT INTO employee_address VALUES ('N-00000458', 'Dianamouth', '10410 Mathews Park');
INSERT INTO employee_phoneno VALUES ('N-00000458', '+1-(237)-709-6371');
INSERT INTO nurse_enrolled VALUES ('N-00000458');
INSERT INTO employee VALUES ('N-00000459', 'David', 'Burch', 'Nurse');
INSERT INTO nurse VALUES ('N-00000459', '1968/2/8');
INSERT INTO employee_address VALUES ('N-00000459', 'Jonathanfurt', '6433 Jessica Hollow');
INSERT INTO employee_phoneno VALUES ('N-00000459', '+1-(972)-762-9996');
INSERT INTO nurse_registered VALUES ('N-00000459');
INSERT INTO employee VALUES ('N-00000460', 'Pamela', 'Woods', 'Nurse');
INSERT INTO nurse VALUES ('N-00000460', '1991/5/17');
INSERT INTO employee_address VALUES ('N-00000460', 'South Kimberly', '132 Henry Radial');
INSERT INTO employee_phoneno VALUES ('N-00000460', '+1-(762)-900-0300');
INSERT INTO nurse_midwife VALUES ('N-00000460');
INSERT INTO employee VALUES ('N-00000461', 'Tracie', 'Smith', 'Nurse');
INSERT INTO nurse VALUES ('N-00000461', '2015/2/12');
INSERT INTO employee_address VALUES ('N-00000461', 'Port Sandraburgh', '547 Gross Harbors');
INSERT INTO employee_phoneno VALUES ('N-00000461', '+1-(453)-327-0143');
INSERT INTO nurse_enrolled VALUES ('N-00000461');
INSERT INTO employee VALUES ('N-00000462', 'Michelle', 'Roth', 'Nurse');
INSERT INTO nurse VALUES ('N-00000462', '1963/1/30');
INSERT INTO employee_address VALUES ('N-00000462', 'North Raymondside', '10522 Vazquez Village Suite 674');
INSERT INTO employee_phoneno VALUES ('N-00000462', '+1-(554)-219-7475');
INSERT INTO nurse_registered VALUES ('N-00000462');
INSERT INTO employee VALUES ('N-00000463', 'Anthony', 'Malone', 'Nurse');
INSERT INTO nurse VALUES ('N-00000463', '1943/1/12');
INSERT INTO employee_address VALUES ('N-00000463', 'Port Johnmouth', '1494 Mathews Inlet Apt. 550');
INSERT INTO employee_phoneno VALUES ('N-00000463', '+1-(433)-817-9519');
INSERT INTO nurse_midwife VALUES ('N-00000463');
INSERT INTO employee VALUES ('N-00000464', 'Sarah', 'Alexander', 'Nurse');
INSERT INTO nurse VALUES ('N-00000464', '1950/9/21');
INSERT INTO employee_address VALUES ('N-00000464', 'New Tammy', '6835 Dale Causeway Apt. 723');
INSERT INTO employee_phoneno VALUES ('N-00000464', '+1-(820)-416-9282');
INSERT INTO nurse_enrolled VALUES ('N-00000464');
INSERT INTO employee VALUES ('N-00000465', 'Thomas', 'Harris', 'Nurse');
INSERT INTO nurse VALUES ('N-00000465', '2001/3/17');
INSERT INTO employee_address VALUES ('N-00000465', 'Scottfort', '79546 Danny Vista');
INSERT INTO employee_phoneno VALUES ('N-00000465', '+1-(680)-727-2951');
INSERT INTO nurse_registered VALUES ('N-00000465');
INSERT INTO employee VALUES ('N-00000466', 'Patricia', 'Short', 'Nurse');
INSERT INTO nurse VALUES ('N-00000466', '1946/7/29');
INSERT INTO employee_address VALUES ('N-00000466', 'Lake Andrew', '6683 Bradley Rue Suite 117');
INSERT INTO employee_phoneno VALUES ('N-00000466', '+1-(577)-993-1626');
INSERT INTO nurse_midwife VALUES ('N-00000466');
INSERT INTO employee VALUES ('N-00000467', 'Adam', 'Perez', 'Nurse');
INSERT INTO nurse VALUES ('N-00000467', '1989/12/5');
INSERT INTO employee_address VALUES ('N-00000467', 'Raymondtown', '5136 Jonathan Turnpike Suite 389');
INSERT INTO employee_phoneno VALUES ('N-00000467', '+1-(304)-883-6669');
INSERT INTO nurse_enrolled VALUES ('N-00000467');
INSERT INTO employee VALUES ('N-00000468', 'Megan', 'Cline', 'Nurse');
INSERT INTO nurse VALUES ('N-00000468', '1983/11/18');
INSERT INTO employee_address VALUES ('N-00000468', 'Lake Kimberly', '381 Leslie Manor Apt. 166');
INSERT INTO employee_phoneno VALUES ('N-00000468', '+1-(577)-282-1469');
INSERT INTO nurse_registered VALUES ('N-00000468');
INSERT INTO employee VALUES ('N-00000469', 'Kevin', 'Jackson', 'Nurse');
INSERT INTO nurse VALUES ('N-00000469', '1952/0/27');
INSERT INTO employee_address VALUES ('N-00000469', 'Richardtown', '420 Henderson Drives Suite 714');
INSERT INTO employee_phoneno VALUES ('N-00000469', '+1-(885)-495-6721');
INSERT INTO nurse_midwife VALUES ('N-00000469');
INSERT INTO employee VALUES ('N-00000470', 'Kimberly', 'Adkins', 'Nurse');
INSERT INTO nurse VALUES ('N-00000470', '1980/4/14');
INSERT INTO employee_address VALUES ('N-00000470', 'North Marc', '654 Erickson Rapid Suite 450');
INSERT INTO employee_phoneno VALUES ('N-00000470', '+1-(343)-028-3881');
INSERT INTO nurse_enrolled VALUES ('N-00000470');
INSERT INTO employee VALUES ('N-00000471', 'Linda', 'Jones', 'Nurse');
INSERT INTO nurse VALUES ('N-00000471', '2003/0/22');
INSERT INTO employee_address VALUES ('N-00000471', 'New Derrickport', '2942 Rachael Knolls Apt. 854');
INSERT INTO employee_phoneno VALUES ('N-00000471', '+1-(648)-527-5147');
INSERT INTO nurse_registered VALUES ('N-00000471');
INSERT INTO employee VALUES ('N-00000472', 'David', 'Walter', 'Nurse');
INSERT INTO nurse VALUES ('N-00000472', '1976/10/19');
INSERT INTO employee_address VALUES ('N-00000472', 'South Wesley', '459 Tammy Estates');
INSERT INTO employee_phoneno VALUES ('N-00000472', '+1-(939)-617-9337');
INSERT INTO nurse_midwife VALUES ('N-00000472');
INSERT INTO employee VALUES ('N-00000473', 'Janet', 'Rice', 'Nurse');
INSERT INTO nurse VALUES ('N-00000473', '1954/3/26');
INSERT INTO employee_address VALUES ('N-00000473', 'Lake Robertburgh', '062 Jasmine Stravenue Suite 980');
INSERT INTO employee_phoneno VALUES ('N-00000473', '+1-(913)-575-2996');
INSERT INTO nurse_enrolled VALUES ('N-00000473');
INSERT INTO employee VALUES ('N-00000474', 'Joy', 'Huerta', 'Nurse');
INSERT INTO nurse VALUES ('N-00000474', '1949/6/15');
INSERT INTO employee_address VALUES ('N-00000474', 'Lake Georgeborough', '12599 Wolf Ways Apt. 758');
INSERT INTO employee_phoneno VALUES ('N-00000474', '+1-(754)-582-6489');
INSERT INTO nurse_registered VALUES ('N-00000474');
INSERT INTO employee VALUES ('N-00000475', 'Andrew', 'Williams', 'Nurse');
INSERT INTO nurse VALUES ('N-00000475', '1958/3/29');
INSERT INTO employee_address VALUES ('N-00000475', 'Gomezton', '8751 Montgomery Estate');
INSERT INTO employee_phoneno VALUES ('N-00000475', '+1-(199)-314-4971');
INSERT INTO nurse_midwife VALUES ('N-00000475');
INSERT INTO employee VALUES ('N-00000476', 'Sophia', 'Oconnell', 'Nurse');
INSERT INTO nurse VALUES ('N-00000476', '1993/9/3');
INSERT INTO employee_address VALUES ('N-00000476', 'East Isaiahview', '194 Robert Stream');
INSERT INTO employee_phoneno VALUES ('N-00000476', '+1-(233)-245-5869');
INSERT INTO nurse_enrolled VALUES ('N-00000476');
INSERT INTO employee VALUES ('N-00000477', 'Alexander', 'Zhang', 'Nurse');
INSERT INTO nurse VALUES ('N-00000477', '1943/9/16');
INSERT INTO employee_address VALUES ('N-00000477', 'Andrewport', '274 Raymond Ports Apt. 834');
INSERT INTO employee_phoneno VALUES ('N-00000477', '+1-(525)-941-8612');
INSERT INTO nurse_registered VALUES ('N-00000477');
INSERT INTO employee VALUES ('N-00000478', 'Larry', 'Davis', 'Nurse');
INSERT INTO nurse VALUES ('N-00000478', '1942/9/9');
INSERT INTO employee_address VALUES ('N-00000478', 'Durhamstad', '98211 Kramer Lakes');
INSERT INTO employee_phoneno VALUES ('N-00000478', '+1-(783)-064-1736');
INSERT INTO nurse_midwife VALUES ('N-00000478');
INSERT INTO employee VALUES ('N-00000479', 'Michelle', 'Cannon', 'Nurse');
INSERT INTO nurse VALUES ('N-00000479', '2017/5/18');
INSERT INTO employee_address VALUES ('N-00000479', 'Bellfurt', '406 Horton Village');
INSERT INTO employee_phoneno VALUES ('N-00000479', '+1-(816)-975-7045');
INSERT INTO nurse_enrolled VALUES ('N-00000479');
INSERT INTO employee VALUES ('N-00000480', 'Regina', 'Ray', 'Nurse');
INSERT INTO nurse VALUES ('N-00000480', '1958/2/23');
INSERT INTO employee_address VALUES ('N-00000480', 'West Ethan', '536 Lewis Loop');
INSERT INTO employee_phoneno VALUES ('N-00000480', '+1-(489)-346-0170');
INSERT INTO nurse_registered VALUES ('N-00000480');
INSERT INTO employee VALUES ('N-00000481', 'Collin', 'Dixon', 'Nurse');
INSERT INTO nurse VALUES ('N-00000481', '1947/7/9');
INSERT INTO employee_address VALUES ('N-00000481', 'Amberfurt', '4907 Michelle Village Apt. 435');
INSERT INTO employee_phoneno VALUES ('N-00000481', '+1-(980)-134-8054');
INSERT INTO nurse_midwife VALUES ('N-00000481');
INSERT INTO employee VALUES ('N-00000482', 'Danielle', 'Roberts', 'Nurse');
INSERT INTO nurse VALUES ('N-00000482', '1984/5/19');
INSERT INTO employee_address VALUES ('N-00000482', 'North Jaredside', '971 Evan Mall Apt. 944');
INSERT INTO employee_phoneno VALUES ('N-00000482', '+1-(643)-678-3670');
INSERT INTO nurse_enrolled VALUES ('N-00000482');
INSERT INTO employee VALUES ('N-00000483', 'Bradley', 'Douglas', 'Nurse');
INSERT INTO nurse VALUES ('N-00000483', '1948/7/24');
INSERT INTO employee_address VALUES ('N-00000483', 'Parkertown', '790 Matthew Turnpike Apt. 534');
INSERT INTO employee_phoneno VALUES ('N-00000483', '+1-(292)-247-7486');
INSERT INTO nurse_registered VALUES ('N-00000483');
INSERT INTO employee VALUES ('N-00000484', 'Patrick', 'Ray', 'Nurse');
INSERT INTO nurse VALUES ('N-00000484', '1967/10/8');
INSERT INTO employee_address VALUES ('N-00000484', 'East Joseview', '9768 Melissa Harbor');
INSERT INTO employee_phoneno VALUES ('N-00000484', '+1-(377)-444-4364');
INSERT INTO nurse_midwife VALUES ('N-00000484');
INSERT INTO employee VALUES ('N-00000485', 'Jon', 'Chang', 'Nurse');
INSERT INTO nurse VALUES ('N-00000485', '1976/2/16');
INSERT INTO employee_address VALUES ('N-00000485', 'Garzabury', '31965 Megan Streets Apt. 988');
INSERT INTO employee_phoneno VALUES ('N-00000485', '+1-(837)-349-5415');
INSERT INTO nurse_enrolled VALUES ('N-00000485');
INSERT INTO employee VALUES ('N-00000486', 'Carrie', 'Henry', 'Nurse');
INSERT INTO nurse VALUES ('N-00000486', '1954/1/26');
INSERT INTO employee_address VALUES ('N-00000486', 'Thompsonchester', '0427 Forbes Crest Apt. 657');
INSERT INTO employee_phoneno VALUES ('N-00000486', '+1-(514)-619-5577');
INSERT INTO nurse_registered VALUES ('N-00000486');
INSERT INTO employee VALUES ('N-00000487', 'Ann', 'Sloan', 'Nurse');
INSERT INTO nurse VALUES ('N-00000487', '1954/9/1');
INSERT INTO employee_address VALUES ('N-00000487', 'Port Christopher', '40653 Brooke Gateway');
INSERT INTO employee_phoneno VALUES ('N-00000487', '+1-(676)-233-5470');
INSERT INTO nurse_midwife VALUES ('N-00000487');
INSERT INTO employee VALUES ('N-00000488', 'Janet', 'Rosales', 'Nurse');
INSERT INTO nurse VALUES ('N-00000488', '2009/11/12');
INSERT INTO employee_address VALUES ('N-00000488', 'Martinezberg', '6675 Shannon Roads Suite 438');
INSERT INTO employee_phoneno VALUES ('N-00000488', '+1-(938)-101-4252');
INSERT INTO nurse_enrolled VALUES ('N-00000488');
INSERT INTO employee VALUES ('N-00000489', 'Bridget', 'Campbell', 'Nurse');
INSERT INTO nurse VALUES ('N-00000489', '1961/10/9');
INSERT INTO employee_address VALUES ('N-00000489', 'New Joshua', '108 Allen Branch');
INSERT INTO employee_phoneno VALUES ('N-00000489', '+1-(319)-877-2487');
INSERT INTO nurse_registered VALUES ('N-00000489');
INSERT INTO employee VALUES ('N-00000490', 'Robert', 'Morgan', 'Nurse');
INSERT INTO nurse VALUES ('N-00000490', '1952/12/23');
INSERT INTO employee_address VALUES ('N-00000490', 'Port Kimberly', '97859 Todd Groves');
INSERT INTO employee_phoneno VALUES ('N-00000490', '+1-(375)-495-5565');
INSERT INTO nurse_midwife VALUES ('N-00000490');
INSERT INTO employee VALUES ('N-00000491', 'Chris', 'Jacobs', 'Nurse');
INSERT INTO nurse VALUES ('N-00000491', '2014/10/24');
INSERT INTO employee_address VALUES ('N-00000491', 'Marquezfort', '79692 Molly Locks Suite 933');
INSERT INTO employee_phoneno VALUES ('N-00000491', '+1-(149)-119-6581');
INSERT INTO nurse_enrolled VALUES ('N-00000491');
INSERT INTO employee VALUES ('N-00000492', 'Sue', 'Huerta', 'Nurse');
INSERT INTO nurse VALUES ('N-00000492', '1942/10/16');
INSERT INTO employee_address VALUES ('N-00000492', 'East Williammouth', '220 Carla Lock Apt. 087');
INSERT INTO employee_phoneno VALUES ('N-00000492', '+1-(786)-565-5373');
INSERT INTO nurse_registered VALUES ('N-00000492');
INSERT INTO employee VALUES ('N-00000493', 'Amy', 'Wilkinson', 'Nurse');
INSERT INTO nurse VALUES ('N-00000493', '1999/6/25');
INSERT INTO employee_address VALUES ('N-00000493', 'Maryville', '4300 Rachel Pike');
INSERT INTO employee_phoneno VALUES ('N-00000493', '+1-(492)-925-2231');
INSERT INTO nurse_midwife VALUES ('N-00000493');
INSERT INTO employee VALUES ('N-00000494', 'Gabriella', 'Decker', 'Nurse');
INSERT INTO nurse VALUES ('N-00000494', '1965/1/0');
INSERT INTO employee_address VALUES ('N-00000494', 'Ronaldtown', '9789 Higgins Burgs Suite 440');
INSERT INTO employee_phoneno VALUES ('N-00000494', '+1-(963)-680-6952');
INSERT INTO nurse_enrolled VALUES ('N-00000494');
INSERT INTO employee VALUES ('N-00000495', 'Catherine', 'Harrell', 'Nurse');
INSERT INTO nurse VALUES ('N-00000495', '1974/0/18');
INSERT INTO employee_address VALUES ('N-00000495', 'Weaverville', '507 Angela Point Apt. 979');
INSERT INTO employee_phoneno VALUES ('N-00000495', '+1-(178)-273-8261');
INSERT INTO nurse_registered VALUES ('N-00000495');
INSERT INTO employee VALUES ('N-00000496', 'Linda', 'Braun', 'Nurse');
INSERT INTO nurse VALUES ('N-00000496', '2010/1/12');
INSERT INTO employee_address VALUES ('N-00000496', 'Bryanberg', '45773 Sean Valley Suite 487');
INSERT INTO employee_phoneno VALUES ('N-00000496', '+1-(492)-284-2212');
INSERT INTO nurse_midwife VALUES ('N-00000496');
INSERT INTO employee VALUES ('N-00000497', 'James', 'Arias', 'Nurse');
INSERT INTO nurse VALUES ('N-00000497', '2015/8/9');
INSERT INTO employee_address VALUES ('N-00000497', 'Dianeshire', '645 Simmons Corner');
INSERT INTO employee_phoneno VALUES ('N-00000497', '+1-(613)-907-9033');
INSERT INTO nurse_enrolled VALUES ('N-00000497');
INSERT INTO employee VALUES ('N-00000498', 'Christopher', 'Miller', 'Nurse');
INSERT INTO nurse VALUES ('N-00000498', '1980/9/19');
INSERT INTO employee_address VALUES ('N-00000498', 'New Shawnberg', '63223 Garcia Mill');
INSERT INTO employee_phoneno VALUES ('N-00000498', '+1-(101)-194-7434');
INSERT INTO nurse_registered VALUES ('N-00000498');
INSERT INTO employee VALUES ('N-00000499', 'Laura', 'Johnson', 'Nurse');
INSERT INTO nurse VALUES ('N-00000499', '1976/7/8');
INSERT INTO employee_address VALUES ('N-00000499', 'Lake Alan', '063 Ortiz Walks Suite 289');
INSERT INTO employee_phoneno VALUES ('N-00000499', '+1-(956)-453-5630');
INSERT INTO nurse_midwife VALUES ('N-00000499');
INSERT INTO employee VALUES ('N-00000500', 'Jeffrey', 'Mcmahon', 'Nurse');
INSERT INTO nurse VALUES ('N-00000500', '2001/2/18');
INSERT INTO employee_address VALUES ('N-00000500', 'South Bobbyfort', '9341 Destiny Lane Apt. 201');
INSERT INTO employee_phoneno VALUES ('N-00000500', '+1-(770)-191-9353');
INSERT INTO nurse_enrolled VALUES ('N-00000500');

INSERT INTO patient_doctor VALUES ('P-00000001', 'D-00000001');
INSERT INTO patient_doctor VALUES ('P-00000002', 'D-00000001');
INSERT INTO patient_doctor VALUES ('P-00000003', 'D-00000001');
INSERT INTO patient_doctor VALUES ('P-00000004', 'D-00000001');
INSERT INTO patient_doctor VALUES ('P-00000005', 'D-00000001');
INSERT INTO patient_doctor VALUES ('P-00000006', 'D-00000001');
INSERT INTO patient_doctor VALUES ('P-00000007', 'D-00000001');
INSERT INTO patient_doctor VALUES ('P-00000008', 'D-00000001');
INSERT INTO patient_doctor VALUES ('P-00000009', 'D-00000001');
INSERT INTO patient_doctor VALUES ('P-00000010', 'D-00000001');
INSERT INTO patient_doctor VALUES ('P-00000011', 'D-00000001');
INSERT INTO patient_doctor VALUES ('P-00000012', 'D-00000001');
INSERT INTO patient_doctor VALUES ('P-00000013', 'D-00000001');
INSERT INTO patient_doctor VALUES ('P-00000014', 'D-00000001');
INSERT INTO patient_doctor VALUES ('P-00000015', 'D-00000001');
INSERT INTO patient_doctor VALUES ('P-00000016', 'D-00000001');
INSERT INTO patient_doctor VALUES ('P-00000017', 'D-00000001');
INSERT INTO patient_doctor VALUES ('P-00000018', 'D-00000001');
INSERT INTO patient_doctor VALUES ('P-00000019', 'D-00000001');
INSERT INTO patient_doctor VALUES ('P-00000020', 'D-00000001');
INSERT INTO patient_doctor VALUES ('P-00000021', 'D-00000001');
INSERT INTO patient_doctor VALUES ('P-00000022', 'D-00000001');
INSERT INTO patient_doctor VALUES ('P-00000023', 'D-00000001');
INSERT INTO patient_doctor VALUES ('P-00000024', 'D-00000001');
INSERT INTO patient_doctor VALUES ('P-00000025', 'D-00000001');
INSERT INTO patient_doctor VALUES ('P-00000026', 'D-00000001');
INSERT INTO patient_doctor VALUES ('P-00000027', 'D-00000001');
INSERT INTO patient_doctor VALUES ('P-00000028', 'D-00000001');
INSERT INTO patient_doctor VALUES ('P-00000029', 'D-00000001');
INSERT INTO patient_doctor VALUES ('P-00000030', 'D-00000001');
INSERT INTO patient_doctor VALUES ('P-00000031', 'D-00000001');
INSERT INTO patient_doctor VALUES ('P-00000032', 'D-00000001');
INSERT INTO patient_doctor VALUES ('P-00000033', 'D-00000001');
INSERT INTO patient_doctor VALUES ('P-00000034', 'D-00000001');
INSERT INTO patient_doctor VALUES ('P-00000035', 'D-00000001');
INSERT INTO patient_doctor VALUES ('P-00000036', 'D-00000001');
INSERT INTO patient_doctor VALUES ('P-00000037', 'D-00000001');
INSERT INTO patient_doctor VALUES ('P-00000038', 'D-00000001');
INSERT INTO patient_doctor VALUES ('P-00000039', 'D-00000001');
INSERT INTO patient_doctor VALUES ('P-00000040', 'D-00000001');
INSERT INTO patient_doctor VALUES ('P-00000041', 'D-00000001');
INSERT INTO patient_doctor VALUES ('P-00000042', 'D-00000001');
INSERT INTO patient_doctor VALUES ('P-00000043', 'D-00000001');
INSERT INTO patient_doctor VALUES ('P-00000044', 'D-00000001');
INSERT INTO patient_doctor VALUES ('P-00000045', 'D-00000001');
INSERT INTO patient_doctor VALUES ('P-00000046', 'D-00000001');
INSERT INTO patient_doctor VALUES ('P-00000047', 'D-00000001');
INSERT INTO patient_doctor VALUES ('P-00000048', 'D-00000001');
INSERT INTO patient_doctor VALUES ('P-00000049', 'D-00000001');
INSERT INTO patient_doctor VALUES ('P-00000050', 'D-00000001');
INSERT INTO patient_doctor VALUES ('P-00000051', 'D-00000001');
INSERT INTO patient_doctor VALUES ('P-00000052', 'D-00000001');
INSERT INTO patient_doctor VALUES ('P-00000053', 'D-00000001');
INSERT INTO patient_doctor VALUES ('P-00000054', 'D-00000001');
INSERT INTO patient_doctor VALUES ('P-00000055', 'D-00000001');
INSERT INTO patient_doctor VALUES ('P-00000056', 'D-00000001');
INSERT INTO patient_doctor VALUES ('P-00000057', 'D-00000001');
INSERT INTO patient_doctor VALUES ('P-00000058', 'D-00000001');
INSERT INTO patient_doctor VALUES ('P-00000059', 'D-00000001');
INSERT INTO patient_doctor VALUES ('P-00000060', 'D-00000001');
INSERT INTO patient_doctor VALUES ('P-00000061', 'D-00000001');
INSERT INTO patient_doctor VALUES ('P-00000062', 'D-00000001');
INSERT INTO patient_doctor VALUES ('P-00000063', 'D-00000001');
INSERT INTO patient_doctor VALUES ('P-00000064', 'D-00000001');
INSERT INTO patient_doctor VALUES ('P-00000065', 'D-00000001');
INSERT INTO patient_doctor VALUES ('P-00000066', 'D-00000001');
INSERT INTO patient_doctor VALUES ('P-00000067', 'D-00000001');
INSERT INTO patient_doctor VALUES ('P-00000068', 'D-00000001');
INSERT INTO patient_doctor VALUES ('P-00000069', 'D-00000001');
INSERT INTO patient_doctor VALUES ('P-00000070', 'D-00000001');
INSERT INTO patient_doctor VALUES ('P-00000071', 'D-00000001');
INSERT INTO patient_doctor VALUES ('P-00000072', 'D-00000001');
INSERT INTO patient_doctor VALUES ('P-00000073', 'D-00000001');
INSERT INTO patient_doctor VALUES ('P-00000074', 'D-00000001');
INSERT INTO patient_doctor VALUES ('P-00000075', 'D-00000001');
INSERT INTO patient_doctor VALUES ('P-00000076', 'D-00000001');
INSERT INTO patient_doctor VALUES ('P-00000077', 'D-00000001');
INSERT INTO patient_doctor VALUES ('P-00000078', 'D-00000001');
INSERT INTO patient_doctor VALUES ('P-00000079', 'D-00000001');
INSERT INTO patient_doctor VALUES ('P-00000080', 'D-00000001');
INSERT INTO patient_doctor VALUES ('P-00000081', 'D-00000001');
INSERT INTO patient_doctor VALUES ('P-00000082', 'D-00000001');
INSERT INTO patient_doctor VALUES ('P-00000083', 'D-00000001');
INSERT INTO patient_doctor VALUES ('P-00000084', 'D-00000001');
INSERT INTO patient_doctor VALUES ('P-00000085', 'D-00000001');
INSERT INTO patient_doctor VALUES ('P-00000086', 'D-00000001');
INSERT INTO patient_doctor VALUES ('P-00000087', 'D-00000001');
INSERT INTO patient_doctor VALUES ('P-00000088', 'D-00000001');
INSERT INTO patient_doctor VALUES ('P-00000089', 'D-00000001');
INSERT INTO patient_doctor VALUES ('P-00000090', 'D-00000001');
INSERT INTO patient_doctor VALUES ('P-00000091', 'D-00000001');
INSERT INTO patient_doctor VALUES ('P-00000092', 'D-00000001');
INSERT INTO patient_doctor VALUES ('P-00000093', 'D-00000001');
INSERT INTO patient_doctor VALUES ('P-00000094', 'D-00000001');
INSERT INTO patient_doctor VALUES ('P-00000095', 'D-00000001');
INSERT INTO patient_doctor VALUES ('P-00000096', 'D-00000001');
INSERT INTO patient_doctor VALUES ('P-00000097', 'D-00000001');
INSERT INTO patient_doctor VALUES ('P-00000098', 'D-00000001');
INSERT INTO patient_doctor VALUES ('P-00000099', 'D-00000001');
INSERT INTO patient_doctor VALUES ('P-00000100', 'D-00000001');
INSERT INTO patient_doctor VALUES ('P-00000101', 'D-00000001');
INSERT INTO patient_doctor VALUES ('P-00000102', 'D-00000001');
INSERT INTO patient_doctor VALUES ('P-00000103', 'D-00000001');
INSERT INTO patient_doctor VALUES ('P-00000104', 'D-00000001');
INSERT INTO patient_doctor VALUES ('P-00000105', 'D-00000001');
INSERT INTO patient_doctor VALUES ('P-00000106', 'D-00000001');
INSERT INTO patient_doctor VALUES ('P-00000107', 'D-00000001');
INSERT INTO patient_doctor VALUES ('P-00000108', 'D-00000001');
INSERT INTO patient_doctor VALUES ('P-00000109', 'D-00000001');
INSERT INTO patient_doctor VALUES ('P-00000110', 'D-00000001');
INSERT INTO patient_doctor VALUES ('P-00000111', 'D-00000001');
INSERT INTO patient_doctor VALUES ('P-00000112', 'D-00000001');
INSERT INTO patient_doctor VALUES ('P-00000113', 'D-00000001');
INSERT INTO patient_doctor VALUES ('P-00000114', 'D-00000001');
INSERT INTO patient_doctor VALUES ('P-00000115', 'D-00000001');
INSERT INTO patient_doctor VALUES ('P-00000116', 'D-00000001');
INSERT INTO patient_doctor VALUES ('P-00000117', 'D-00000001');
INSERT INTO patient_doctor VALUES ('P-00000118', 'D-00000001');
INSERT INTO patient_doctor VALUES ('P-00000119', 'D-00000001');
INSERT INTO patient_doctor VALUES ('P-00000120', 'D-00000001');
INSERT INTO patient_doctor VALUES ('P-00000121', 'D-00000001');
INSERT INTO patient_doctor VALUES ('P-00000122', 'D-00000001');
INSERT INTO patient_doctor VALUES ('P-00000123', 'D-00000001');
INSERT INTO patient_doctor VALUES ('P-00000124', 'D-00000001');
INSERT INTO patient_doctor VALUES ('P-00000125', 'D-00000001');
INSERT INTO patient_doctor VALUES ('P-00000126', 'D-00000001');
INSERT INTO patient_doctor VALUES ('P-00000127', 'D-00000001');
INSERT INTO patient_doctor VALUES ('P-00000128', 'D-00000001');
INSERT INTO patient_doctor VALUES ('P-00000129', 'D-00000001');
INSERT INTO patient_doctor VALUES ('P-00000130', 'D-00000001');
INSERT INTO patient_doctor VALUES ('P-00000131', 'D-00000001');
INSERT INTO patient_doctor VALUES ('P-00000132', 'D-00000001');
INSERT INTO patient_doctor VALUES ('P-00000133', 'D-00000001');
INSERT INTO patient_doctor VALUES ('P-00000134', 'D-00000001');
INSERT INTO patient_doctor VALUES ('P-00000135', 'D-00000001');
INSERT INTO patient_doctor VALUES ('P-00000136', 'D-00000001');
INSERT INTO patient_doctor VALUES ('P-00000137', 'D-00000001');
INSERT INTO patient_doctor VALUES ('P-00000138', 'D-00000001');
INSERT INTO patient_doctor VALUES ('P-00000139', 'D-00000001');
INSERT INTO patient_doctor VALUES ('P-00000140', 'D-00000001');
INSERT INTO patient_doctor VALUES ('P-00000141', 'D-00000001');
INSERT INTO patient_doctor VALUES ('P-00000142', 'D-00000001');
INSERT INTO patient_doctor VALUES ('P-00000143', 'D-00000001');
INSERT INTO patient_doctor VALUES ('P-00000144', 'D-00000001');
INSERT INTO patient_doctor VALUES ('P-00000145', 'D-00000001');
INSERT INTO patient_doctor VALUES ('P-00000146', 'D-00000001');
INSERT INTO patient_doctor VALUES ('P-00000147', 'D-00000001');
INSERT INTO patient_doctor VALUES ('P-00000148', 'D-00000001');
INSERT INTO patient_doctor VALUES ('P-00000149', 'D-00000001');
INSERT INTO patient_doctor VALUES ('P-00000150', 'D-00000001');
INSERT INTO patient_doctor VALUES ('P-00000151', 'D-00000001');
INSERT INTO patient_doctor VALUES ('P-00000152', 'D-00000001');
INSERT INTO patient_doctor VALUES ('P-00000153', 'D-00000001');
INSERT INTO patient_doctor VALUES ('P-00000154', 'D-00000001');
INSERT INTO patient_doctor VALUES ('P-00000155', 'D-00000001');
INSERT INTO patient_doctor VALUES ('P-00000156', 'D-00000001');
INSERT INTO patient_doctor VALUES ('P-00000157', 'D-00000001');
INSERT INTO patient_doctor VALUES ('P-00000158', 'D-00000001');
INSERT INTO patient_doctor VALUES ('P-00000159', 'D-00000001');
INSERT INTO patient_doctor VALUES ('P-00000160', 'D-00000001');
INSERT INTO patient_doctor VALUES ('P-00000161', 'D-00000001');
INSERT INTO patient_doctor VALUES ('P-00000162', 'D-00000001');
INSERT INTO patient_doctor VALUES ('P-00000163', 'D-00000001');
INSERT INTO patient_doctor VALUES ('P-00000164', 'D-00000001');
INSERT INTO patient_doctor VALUES ('P-00000165', 'D-00000001');
INSERT INTO patient_doctor VALUES ('P-00000166', 'D-00000001');
INSERT INTO patient_doctor VALUES ('P-00000167', 'D-00000001');
INSERT INTO patient_doctor VALUES ('P-00000168', 'D-00000001');
INSERT INTO patient_doctor VALUES ('P-00000169', 'D-00000001');
INSERT INTO patient_doctor VALUES ('P-00000170', 'D-00000001');
INSERT INTO patient_doctor VALUES ('P-00000171', 'D-00000001');
INSERT INTO patient_doctor VALUES ('P-00000172', 'D-00000001');
INSERT INTO patient_doctor VALUES ('P-00000173', 'D-00000001');
INSERT INTO patient_doctor VALUES ('P-00000174', 'D-00000001');
INSERT INTO patient_doctor VALUES ('P-00000175', 'D-00000001');
INSERT INTO patient_doctor VALUES ('P-00000176', 'D-00000001');
INSERT INTO patient_doctor VALUES ('P-00000177', 'D-00000001');
INSERT INTO patient_doctor VALUES ('P-00000178', 'D-00000001');
INSERT INTO patient_doctor VALUES ('P-00000179', 'D-00000001');
INSERT INTO patient_doctor VALUES ('P-00000180', 'D-00000001');
INSERT INTO patient_doctor VALUES ('P-00000181', 'D-00000001');
INSERT INTO patient_doctor VALUES ('P-00000182', 'D-00000001');
INSERT INTO patient_doctor VALUES ('P-00000183', 'D-00000001');
INSERT INTO patient_doctor VALUES ('P-00000184', 'D-00000001');
INSERT INTO patient_doctor VALUES ('P-00000185', 'D-00000001');
INSERT INTO patient_doctor VALUES ('P-00000186', 'D-00000001');
INSERT INTO patient_doctor VALUES ('P-00000187', 'D-00000001');
INSERT INTO patient_doctor VALUES ('P-00000188', 'D-00000001');
INSERT INTO patient_doctor VALUES ('P-00000189', 'D-00000001');
INSERT INTO patient_doctor VALUES ('P-00000190', 'D-00000001');
INSERT INTO patient_doctor VALUES ('P-00000191', 'D-00000001');
INSERT INTO patient_doctor VALUES ('P-00000192', 'D-00000001');
INSERT INTO patient_doctor VALUES ('P-00000193', 'D-00000001');
INSERT INTO patient_doctor VALUES ('P-00000194', 'D-00000001');
INSERT INTO patient_doctor VALUES ('P-00000195', 'D-00000001');
INSERT INTO patient_doctor VALUES ('P-00000196', 'D-00000001');
INSERT INTO patient_doctor VALUES ('P-00000197', 'D-00000001');
INSERT INTO patient_doctor VALUES ('P-00000198', 'D-00000001');
INSERT INTO patient_doctor VALUES ('P-00000199', 'D-00000001');
INSERT INTO patient_doctor VALUES ('P-00000200', 'D-00000001');
INSERT INTO patient_doctor VALUES ('P-00000201', 'D-00000001');
INSERT INTO patient_doctor VALUES ('P-00000202', 'D-00000001');
INSERT INTO patient_doctor VALUES ('P-00000203', 'D-00000001');
INSERT INTO patient_doctor VALUES ('P-00000204', 'D-00000001');
INSERT INTO patient_doctor VALUES ('P-00000205', 'D-00000001');
INSERT INTO patient_doctor VALUES ('P-00000206', 'D-00000001');
INSERT INTO patient_doctor VALUES ('P-00000207', 'D-00000001');
INSERT INTO patient_doctor VALUES ('P-00000208', 'D-00000001');
INSERT INTO patient_doctor VALUES ('P-00000209', 'D-00000001');
INSERT INTO patient_doctor VALUES ('P-00000210', 'D-00000001');
INSERT INTO patient_doctor VALUES ('P-00000211', 'D-00000001');
INSERT INTO patient_doctor VALUES ('P-00000212', 'D-00000001');
INSERT INTO patient_doctor VALUES ('P-00000213', 'D-00000001');
INSERT INTO patient_doctor VALUES ('P-00000214', 'D-00000001');
INSERT INTO patient_doctor VALUES ('P-00000215', 'D-00000001');
INSERT INTO patient_doctor VALUES ('P-00000216', 'D-00000001');
INSERT INTO patient_doctor VALUES ('P-00000217', 'D-00000001');
INSERT INTO patient_doctor VALUES ('P-00000218', 'D-00000001');
INSERT INTO patient_doctor VALUES ('P-00000219', 'D-00000001');
INSERT INTO patient_doctor VALUES ('P-00000220', 'D-00000001');
INSERT INTO patient_doctor VALUES ('P-00000221', 'D-00000001');
INSERT INTO patient_doctor VALUES ('P-00000222', 'D-00000001');
INSERT INTO patient_doctor VALUES ('P-00000223', 'D-00000001');
INSERT INTO patient_doctor VALUES ('P-00000224', 'D-00000001');
INSERT INTO patient_doctor VALUES ('P-00000225', 'D-00000001');
INSERT INTO patient_doctor VALUES ('P-00000226', 'D-00000001');
INSERT INTO patient_doctor VALUES ('P-00000227', 'D-00000001');
INSERT INTO patient_doctor VALUES ('P-00000228', 'D-00000001');
INSERT INTO patient_doctor VALUES ('P-00000229', 'D-00000001');
INSERT INTO patient_doctor VALUES ('P-00000230', 'D-00000001');
INSERT INTO patient_doctor VALUES ('P-00000231', 'D-00000001');
INSERT INTO patient_doctor VALUES ('P-00000232', 'D-00000001');
INSERT INTO patient_doctor VALUES ('P-00000233', 'D-00000001');
INSERT INTO patient_doctor VALUES ('P-00000234', 'D-00000001');
INSERT INTO patient_doctor VALUES ('P-00000235', 'D-00000001');
INSERT INTO patient_doctor VALUES ('P-00000236', 'D-00000001');
INSERT INTO patient_doctor VALUES ('P-00000237', 'D-00000001');
INSERT INTO patient_doctor VALUES ('P-00000238', 'D-00000001');
INSERT INTO patient_doctor VALUES ('P-00000239', 'D-00000001');
INSERT INTO patient_doctor VALUES ('P-00000240', 'D-00000001');
INSERT INTO patient_doctor VALUES ('P-00000241', 'D-00000001');
INSERT INTO patient_doctor VALUES ('P-00000242', 'D-00000001');
INSERT INTO patient_doctor VALUES ('P-00000243', 'D-00000001');
INSERT INTO patient_doctor VALUES ('P-00000244', 'D-00000001');
INSERT INTO patient_doctor VALUES ('P-00000245', 'D-00000001');
INSERT INTO patient_doctor VALUES ('P-00000246', 'D-00000001');
INSERT INTO patient_doctor VALUES ('P-00000247', 'D-00000001');
INSERT INTO patient_doctor VALUES ('P-00000248', 'D-00000001');
INSERT INTO patient_doctor VALUES ('P-00000249', 'D-00000001');
INSERT INTO patient_doctor VALUES ('P-00000250', 'D-00000001');
INSERT INTO patient_doctor VALUES ('P-00000251', 'D-00000001');
INSERT INTO patient_doctor VALUES ('P-00000252', 'D-00000001');
INSERT INTO patient_doctor VALUES ('P-00000253', 'D-00000001');
INSERT INTO patient_doctor VALUES ('P-00000254', 'D-00000001');
INSERT INTO patient_doctor VALUES ('P-00000255', 'D-00000001');
INSERT INTO patient_doctor VALUES ('P-00000256', 'D-00000001');
INSERT INTO patient_doctor VALUES ('P-00000257', 'D-00000001');
INSERT INTO patient_doctor VALUES ('P-00000258', 'D-00000001');
INSERT INTO patient_doctor VALUES ('P-00000259', 'D-00000001');
INSERT INTO patient_doctor VALUES ('P-00000260', 'D-00000001');
INSERT INTO patient_doctor VALUES ('P-00000261', 'D-00000001');
INSERT INTO patient_doctor VALUES ('P-00000262', 'D-00000001');
INSERT INTO patient_doctor VALUES ('P-00000263', 'D-00000001');
INSERT INTO patient_doctor VALUES ('P-00000264', 'D-00000001');
INSERT INTO patient_doctor VALUES ('P-00000265', 'D-00000001');
INSERT INTO patient_doctor VALUES ('P-00000266', 'D-00000001');
INSERT INTO patient_doctor VALUES ('P-00000267', 'D-00000001');
INSERT INTO patient_doctor VALUES ('P-00000268', 'D-00000001');
INSERT INTO patient_doctor VALUES ('P-00000269', 'D-00000001');
INSERT INTO patient_doctor VALUES ('P-00000270', 'D-00000001');
INSERT INTO patient_doctor VALUES ('P-00000271', 'D-00000001');
INSERT INTO patient_doctor VALUES ('P-00000272', 'D-00000001');
INSERT INTO patient_doctor VALUES ('P-00000273', 'D-00000001');
INSERT INTO patient_doctor VALUES ('P-00000274', 'D-00000001');
INSERT INTO patient_doctor VALUES ('P-00000275', 'D-00000001');
INSERT INTO patient_doctor VALUES ('P-00000276', 'D-00000001');
INSERT INTO patient_doctor VALUES ('P-00000277', 'D-00000001');
INSERT INTO patient_doctor VALUES ('P-00000278', 'D-00000001');
INSERT INTO patient_doctor VALUES ('P-00000279', 'D-00000001');
INSERT INTO patient_doctor VALUES ('P-00000280', 'D-00000001');
INSERT INTO patient_doctor VALUES ('P-00000281', 'D-00000001');
INSERT INTO patient_doctor VALUES ('P-00000282', 'D-00000001');
INSERT INTO patient_doctor VALUES ('P-00000283', 'D-00000001');
INSERT INTO patient_doctor VALUES ('P-00000284', 'D-00000001');
INSERT INTO patient_doctor VALUES ('P-00000285', 'D-00000001');
INSERT INTO patient_doctor VALUES ('P-00000286', 'D-00000001');
INSERT INTO patient_doctor VALUES ('P-00000287', 'D-00000001');
INSERT INTO patient_doctor VALUES ('P-00000288', 'D-00000001');
INSERT INTO patient_doctor VALUES ('P-00000289', 'D-00000001');
INSERT INTO patient_doctor VALUES ('P-00000290', 'D-00000001');
INSERT INTO patient_doctor VALUES ('P-00000291', 'D-00000001');
INSERT INTO patient_doctor VALUES ('P-00000292', 'D-00000001');
INSERT INTO patient_doctor VALUES ('P-00000293', 'D-00000001');
INSERT INTO patient_doctor VALUES ('P-00000294', 'D-00000001');
INSERT INTO patient_doctor VALUES ('P-00000295', 'D-00000001');
INSERT INTO patient_doctor VALUES ('P-00000296', 'D-00000001');
INSERT INTO patient_doctor VALUES ('P-00000297', 'D-00000001');
INSERT INTO patient_doctor VALUES ('P-00000298', 'D-00000001');
INSERT INTO patient_doctor VALUES ('P-00000299', 'D-00000001');
INSERT INTO patient_doctor VALUES ('P-00000300', 'D-00000001');
INSERT INTO patient_doctor VALUES ('P-00000301', 'D-00000001');
INSERT INTO patient_doctor VALUES ('P-00000302', 'D-00000001');
INSERT INTO patient_doctor VALUES ('P-00000303', 'D-00000001');
INSERT INTO patient_doctor VALUES ('P-00000304', 'D-00000001');
INSERT INTO patient_doctor VALUES ('P-00000305', 'D-00000001');
INSERT INTO patient_doctor VALUES ('P-00000306', 'D-00000001');
INSERT INTO patient_doctor VALUES ('P-00000307', 'D-00000001');
INSERT INTO patient_doctor VALUES ('P-00000308', 'D-00000001');
INSERT INTO patient_doctor VALUES ('P-00000309', 'D-00000001');
INSERT INTO patient_doctor VALUES ('P-00000310', 'D-00000001');
INSERT INTO patient_doctor VALUES ('P-00000311', 'D-00000001');
INSERT INTO patient_doctor VALUES ('P-00000312', 'D-00000001');
INSERT INTO patient_doctor VALUES ('P-00000313', 'D-00000001');
INSERT INTO patient_doctor VALUES ('P-00000314', 'D-00000001');
INSERT INTO patient_doctor VALUES ('P-00000315', 'D-00000001');
INSERT INTO patient_doctor VALUES ('P-00000316', 'D-00000001');
INSERT INTO patient_doctor VALUES ('P-00000317', 'D-00000001');
INSERT INTO patient_doctor VALUES ('P-00000318', 'D-00000001');
INSERT INTO patient_doctor VALUES ('P-00000319', 'D-00000001');
INSERT INTO patient_doctor VALUES ('P-00000320', 'D-00000001');
INSERT INTO patient_doctor VALUES ('P-00000321', 'D-00000001');
INSERT INTO patient_doctor VALUES ('P-00000322', 'D-00000001');
INSERT INTO patient_doctor VALUES ('P-00000323', 'D-00000001');
INSERT INTO patient_doctor VALUES ('P-00000324', 'D-00000001');
INSERT INTO patient_doctor VALUES ('P-00000325', 'D-00000001');
INSERT INTO patient_doctor VALUES ('P-00000326', 'D-00000001');
INSERT INTO patient_doctor VALUES ('P-00000327', 'D-00000001');
INSERT INTO patient_doctor VALUES ('P-00000328', 'D-00000001');
INSERT INTO patient_doctor VALUES ('P-00000329', 'D-00000001');
INSERT INTO patient_doctor VALUES ('P-00000330', 'D-00000001');
INSERT INTO patient_doctor VALUES ('P-00000331', 'D-00000001');
INSERT INTO patient_doctor VALUES ('P-00000332', 'D-00000001');
INSERT INTO patient_doctor VALUES ('P-00000333', 'D-00000001');
INSERT INTO patient_doctor VALUES ('P-00000334', 'D-00000001');
INSERT INTO patient_doctor VALUES ('P-00000335', 'D-00000001');
INSERT INTO patient_doctor VALUES ('P-00000336', 'D-00000001');
INSERT INTO patient_doctor VALUES ('P-00000337', 'D-00000001');
INSERT INTO patient_doctor VALUES ('P-00000338', 'D-00000001');
INSERT INTO patient_doctor VALUES ('P-00000339', 'D-00000001');
INSERT INTO patient_doctor VALUES ('P-00000340', 'D-00000001');
INSERT INTO patient_doctor VALUES ('P-00000341', 'D-00000001');
INSERT INTO patient_doctor VALUES ('P-00000342', 'D-00000001');
INSERT INTO patient_doctor VALUES ('P-00000343', 'D-00000001');
INSERT INTO patient_doctor VALUES ('P-00000344', 'D-00000001');
INSERT INTO patient_doctor VALUES ('P-00000345', 'D-00000001');
INSERT INTO patient_doctor VALUES ('P-00000346', 'D-00000001');
INSERT INTO patient_doctor VALUES ('P-00000347', 'D-00000001');
INSERT INTO patient_doctor VALUES ('P-00000348', 'D-00000001');
INSERT INTO patient_doctor VALUES ('P-00000349', 'D-00000001');
INSERT INTO patient_doctor VALUES ('P-00000350', 'D-00000001');
INSERT INTO patient_doctor VALUES ('P-00000351', 'D-00000001');
INSERT INTO patient_doctor VALUES ('P-00000352', 'D-00000001');
INSERT INTO patient_doctor VALUES ('P-00000353', 'D-00000001');
INSERT INTO patient_doctor VALUES ('P-00000354', 'D-00000001');
INSERT INTO patient_doctor VALUES ('P-00000355', 'D-00000001');
INSERT INTO patient_doctor VALUES ('P-00000356', 'D-00000001');
INSERT INTO patient_doctor VALUES ('P-00000357', 'D-00000001');
INSERT INTO patient_doctor VALUES ('P-00000358', 'D-00000001');
INSERT INTO patient_doctor VALUES ('P-00000359', 'D-00000001');
INSERT INTO patient_doctor VALUES ('P-00000360', 'D-00000001');
INSERT INTO patient_doctor VALUES ('P-00000361', 'D-00000001');
INSERT INTO patient_doctor VALUES ('P-00000362', 'D-00000001');
INSERT INTO patient_doctor VALUES ('P-00000363', 'D-00000001');
INSERT INTO patient_doctor VALUES ('P-00000364', 'D-00000001');
INSERT INTO patient_doctor VALUES ('P-00000365', 'D-00000001');
INSERT INTO patient_doctor VALUES ('P-00000366', 'D-00000001');
INSERT INTO patient_doctor VALUES ('P-00000367', 'D-00000001');
INSERT INTO patient_doctor VALUES ('P-00000368', 'D-00000001');
INSERT INTO patient_doctor VALUES ('P-00000369', 'D-00000001');
INSERT INTO patient_doctor VALUES ('P-00000370', 'D-00000001');
INSERT INTO patient_doctor VALUES ('P-00000371', 'D-00000001');
INSERT INTO patient_doctor VALUES ('P-00000372', 'D-00000001');
INSERT INTO patient_doctor VALUES ('P-00000373', 'D-00000001');
INSERT INTO patient_doctor VALUES ('P-00000374', 'D-00000001');
INSERT INTO patient_doctor VALUES ('P-00000375', 'D-00000001');
INSERT INTO patient_doctor VALUES ('P-00000376', 'D-00000001');
INSERT INTO patient_doctor VALUES ('P-00000377', 'D-00000001');
INSERT INTO patient_doctor VALUES ('P-00000378', 'D-00000001');
INSERT INTO patient_doctor VALUES ('P-00000379', 'D-00000001');
INSERT INTO patient_doctor VALUES ('P-00000380', 'D-00000001');
INSERT INTO patient_doctor VALUES ('P-00000381', 'D-00000001');
INSERT INTO patient_doctor VALUES ('P-00000382', 'D-00000001');
INSERT INTO patient_doctor VALUES ('P-00000383', 'D-00000001');
INSERT INTO patient_doctor VALUES ('P-00000384', 'D-00000001');
INSERT INTO patient_doctor VALUES ('P-00000385', 'D-00000001');
INSERT INTO patient_doctor VALUES ('P-00000386', 'D-00000001');
INSERT INTO patient_doctor VALUES ('P-00000387', 'D-00000001');
INSERT INTO patient_doctor VALUES ('P-00000388', 'D-00000001');
INSERT INTO patient_doctor VALUES ('P-00000389', 'D-00000001');
INSERT INTO patient_doctor VALUES ('P-00000390', 'D-00000001');
INSERT INTO patient_doctor VALUES ('P-00000391', 'D-00000001');
INSERT INTO patient_doctor VALUES ('P-00000392', 'D-00000001');
INSERT INTO patient_doctor VALUES ('P-00000393', 'D-00000001');
INSERT INTO patient_doctor VALUES ('P-00000394', 'D-00000001');
INSERT INTO patient_doctor VALUES ('P-00000395', 'D-00000001');
INSERT INTO patient_doctor VALUES ('P-00000396', 'D-00000001');
INSERT INTO patient_doctor VALUES ('P-00000397', 'D-00000001');
INSERT INTO patient_doctor VALUES ('P-00000398', 'D-00000001');
INSERT INTO patient_doctor VALUES ('P-00000399', 'D-00000001');
INSERT INTO patient_doctor VALUES ('P-00000400', 'D-00000001');
INSERT INTO patient_doctor VALUES ('P-00000401', 'D-00000001');
INSERT INTO patient_doctor VALUES ('P-00000402', 'D-00000001');
INSERT INTO patient_doctor VALUES ('P-00000403', 'D-00000001');
INSERT INTO patient_doctor VALUES ('P-00000404', 'D-00000001');
INSERT INTO patient_doctor VALUES ('P-00000405', 'D-00000001');
INSERT INTO patient_doctor VALUES ('P-00000406', 'D-00000001');
INSERT INTO patient_doctor VALUES ('P-00000407', 'D-00000001');
INSERT INTO patient_doctor VALUES ('P-00000408', 'D-00000001');
INSERT INTO patient_doctor VALUES ('P-00000409', 'D-00000001');
INSERT INTO patient_doctor VALUES ('P-00000410', 'D-00000001');
INSERT INTO patient_doctor VALUES ('P-00000411', 'D-00000001');
INSERT INTO patient_doctor VALUES ('P-00000412', 'D-00000001');
INSERT INTO patient_doctor VALUES ('P-00000413', 'D-00000001');
INSERT INTO patient_doctor VALUES ('P-00000414', 'D-00000001');
INSERT INTO patient_doctor VALUES ('P-00000415', 'D-00000001');
INSERT INTO patient_doctor VALUES ('P-00000416', 'D-00000001');
INSERT INTO patient_doctor VALUES ('P-00000417', 'D-00000001');
INSERT INTO patient_doctor VALUES ('P-00000418', 'D-00000001');
INSERT INTO patient_doctor VALUES ('P-00000419', 'D-00000001');
INSERT INTO patient_doctor VALUES ('P-00000420', 'D-00000001');
INSERT INTO patient_doctor VALUES ('P-00000421', 'D-00000001');
INSERT INTO patient_doctor VALUES ('P-00000422', 'D-00000001');
INSERT INTO patient_doctor VALUES ('P-00000423', 'D-00000001');
INSERT INTO patient_doctor VALUES ('P-00000424', 'D-00000001');
INSERT INTO patient_doctor VALUES ('P-00000425', 'D-00000001');
INSERT INTO patient_doctor VALUES ('P-00000426', 'D-00000001');
INSERT INTO patient_doctor VALUES ('P-00000427', 'D-00000001');
INSERT INTO patient_doctor VALUES ('P-00000428', 'D-00000001');
INSERT INTO patient_doctor VALUES ('P-00000429', 'D-00000001');
INSERT INTO patient_doctor VALUES ('P-00000430', 'D-00000001');
INSERT INTO patient_doctor VALUES ('P-00000431', 'D-00000001');
INSERT INTO patient_doctor VALUES ('P-00000432', 'D-00000001');
INSERT INTO patient_doctor VALUES ('P-00000433', 'D-00000001');
INSERT INTO patient_doctor VALUES ('P-00000434', 'D-00000001');
INSERT INTO patient_doctor VALUES ('P-00000435', 'D-00000001');
INSERT INTO patient_doctor VALUES ('P-00000436', 'D-00000001');
INSERT INTO patient_doctor VALUES ('P-00000437', 'D-00000001');
INSERT INTO patient_doctor VALUES ('P-00000438', 'D-00000001');
INSERT INTO patient_doctor VALUES ('P-00000439', 'D-00000001');
INSERT INTO patient_doctor VALUES ('P-00000440', 'D-00000001');
INSERT INTO patient_doctor VALUES ('P-00000441', 'D-00000001');
INSERT INTO patient_doctor VALUES ('P-00000442', 'D-00000001');
INSERT INTO patient_doctor VALUES ('P-00000443', 'D-00000001');
INSERT INTO patient_doctor VALUES ('P-00000444', 'D-00000001');
INSERT INTO patient_doctor VALUES ('P-00000445', 'D-00000001');
INSERT INTO patient_doctor VALUES ('P-00000446', 'D-00000001');
INSERT INTO patient_doctor VALUES ('P-00000447', 'D-00000001');
INSERT INTO patient_doctor VALUES ('P-00000448', 'D-00000001');
INSERT INTO patient_doctor VALUES ('P-00000449', 'D-00000001');
INSERT INTO patient_doctor VALUES ('P-00000450', 'D-00000001');
INSERT INTO patient_doctor VALUES ('P-00000451', 'D-00000001');
INSERT INTO patient_doctor VALUES ('P-00000452', 'D-00000001');
INSERT INTO patient_doctor VALUES ('P-00000453', 'D-00000001');
INSERT INTO patient_doctor VALUES ('P-00000454', 'D-00000001');
INSERT INTO patient_doctor VALUES ('P-00000455', 'D-00000001');
INSERT INTO patient_doctor VALUES ('P-00000456', 'D-00000001');
INSERT INTO patient_doctor VALUES ('P-00000457', 'D-00000001');
INSERT INTO patient_doctor VALUES ('P-00000458', 'D-00000001');
INSERT INTO patient_doctor VALUES ('P-00000459', 'D-00000001');
INSERT INTO patient_doctor VALUES ('P-00000460', 'D-00000001');
INSERT INTO patient_doctor VALUES ('P-00000461', 'D-00000001');
INSERT INTO patient_doctor VALUES ('P-00000462', 'D-00000001');
INSERT INTO patient_doctor VALUES ('P-00000463', 'D-00000001');
INSERT INTO patient_doctor VALUES ('P-00000464', 'D-00000001');
INSERT INTO patient_doctor VALUES ('P-00000465', 'D-00000001');
INSERT INTO patient_doctor VALUES ('P-00000466', 'D-00000001');
INSERT INTO patient_doctor VALUES ('P-00000467', 'D-00000001');
INSERT INTO patient_doctor VALUES ('P-00000468', 'D-00000001');
INSERT INTO patient_doctor VALUES ('P-00000469', 'D-00000001');
INSERT INTO patient_doctor VALUES ('P-00000470', 'D-00000001');
INSERT INTO patient_doctor VALUES ('P-00000471', 'D-00000001');
INSERT INTO patient_doctor VALUES ('P-00000472', 'D-00000001');
INSERT INTO patient_doctor VALUES ('P-00000473', 'D-00000001');
INSERT INTO patient_doctor VALUES ('P-00000474', 'D-00000001');
INSERT INTO patient_doctor VALUES ('P-00000475', 'D-00000001');
INSERT INTO patient_doctor VALUES ('P-00000476', 'D-00000001');
INSERT INTO patient_doctor VALUES ('P-00000477', 'D-00000001');
INSERT INTO patient_doctor VALUES ('P-00000478', 'D-00000001');
INSERT INTO patient_doctor VALUES ('P-00000479', 'D-00000001');
INSERT INTO patient_doctor VALUES ('P-00000480', 'D-00000001');
INSERT INTO patient_doctor VALUES ('P-00000481', 'D-00000001');
INSERT INTO patient_doctor VALUES ('P-00000482', 'D-00000001');
INSERT INTO patient_doctor VALUES ('P-00000483', 'D-00000001');
INSERT INTO patient_doctor VALUES ('P-00000484', 'D-00000001');
INSERT INTO patient_doctor VALUES ('P-00000485', 'D-00000001');
INSERT INTO patient_doctor VALUES ('P-00000486', 'D-00000001');
INSERT INTO patient_doctor VALUES ('P-00000487', 'D-00000001');
INSERT INTO patient_doctor VALUES ('P-00000488', 'D-00000001');
INSERT INTO patient_doctor VALUES ('P-00000489', 'D-00000001');
INSERT INTO patient_doctor VALUES ('P-00000490', 'D-00000001');
INSERT INTO patient_doctor VALUES ('P-00000491', 'D-00000001');
INSERT INTO patient_doctor VALUES ('P-00000492', 'D-00000001');
INSERT INTO patient_doctor VALUES ('P-00000493', 'D-00000001');
INSERT INTO patient_doctor VALUES ('P-00000494', 'D-00000001');
INSERT INTO patient_doctor VALUES ('P-00000495', 'D-00000001');
INSERT INTO patient_doctor VALUES ('P-00000496', 'D-00000001');
INSERT INTO patient_doctor VALUES ('P-00000497', 'D-00000001');
INSERT INTO patient_doctor VALUES ('P-00000498', 'D-00000001');
INSERT INTO patient_doctor VALUES ('P-00000499', 'D-00000001');
INSERT INTO patient_doctor VALUES ('P-00000500', 'D-00000001');

INSERT INTO diagnosis VALUES ('DG-00000001', 'influenza');
INSERT INTO diagnosis VALUES ('DG-00000002', 'thyroid fever');
INSERT INTO diagnosis VALUES ('DG-00000003', 'chicken pox');
INSERT INTO diagnosis VALUES ('DG-00000004', 'measels');
INSERT INTO diagnosis VALUES ('DG-00000005', 'HIV');
INSERT INTO diagnosis VALUES ('DG-00000006', 'Hepatitis');
INSERT INTO diagnosis VALUES ('DG-00000007', 'broken bone');
INSERT INTO diagnosis VALUES ('DG-00000008', 'bone fracture');
INSERT INTO diagnosis VALUES ('DG-00000009', 'sprain ligament');
INSERT INTO diagnosis VALUES ('DG-00000010', 'food poisoning');
INSERT INTO diagnosis VALUES ('DG-00000011', 'lead poisoning');
INSERT INTO diagnosis VALUES ('DG-00000012', 'venom poisoning');
INSERT INTO diagnosis VALUES ('DG-00000013', 'liver failure');
INSERT INTO diagnosis VALUES ('DG-00000014', 'heart attack');
INSERT INTO diagnosis VALUES ('DG-00000015', 'lung cancer');
INSERT INTO diagnosis VALUES ('DG-00000016', 'collapsed lung');

INSERT INTO disease VALUES ('VIR-00000001', 'pulmanary disfunction');
INSERT INTO disease VALUES ('VIR-00000002', 'cardiac atrophy');
INSERT INTO disease VALUES ('VIR-00000003', 'acute paralysis');
INSERT INTO disease VALUES ('VIR-00000004', 'neural disfunction');
INSERT INTO disease VALUES ('VIR-00000005', 'auto-immune distress');

INSERT INTO medication VALUES ('MED-00000001', 'antibiotics Type A', 5458);
INSERT INTO medication VALUES ('MED-00000002', 'antibiotics Type B', 3205);
INSERT INTO medication VALUES ('MED-00000003', 'antibiotics Type C', 7677);
INSERT INTO medication VALUES ('MED-00000004', 'painkiller Lvl 1', 5881);
INSERT INTO medication VALUES ('MED-00000005', 'painkiller Lvl 2', 5090);
INSERT INTO medication VALUES ('MED-00000006', 'painkiller Lvl 3blood thinners', 4718);
INSERT INTO medication VALUES ('MED-00000007', 'clotting agent', 7396);
INSERT INTO medication VALUES ('MED-00000008', 'protein', 3008);
INSERT INTO medication VALUES ('MED-00000009', 'vitamin A', 7832);
INSERT INTO medication VALUES ('MED-00000010', 'vitamin B', 7634);
INSERT INTO medication VALUES ('MED-00000011', 'vitamin C', 5115);
INSERT INTO medication VALUES ('MED-00000012', 'vitamin D', 6788);
INSERT INTO medication VALUES ('MED-00000013', 'vitamin E', 1227);
INSERT INTO medication VALUES ('MED-00000014', 'calcium', 8792);
INSERT INTO medication VALUES ('MED-00000015', 'water', 9546);

INSERT INTO procedures VALUES ('PRO-00000001', 'surgery');
INSERT INTO procedures VALUES ('PRO-00000002', 'solution injection');
INSERT INTO procedures VALUES ('PRO-00000003', 'observation');
INSERT INTO procedures VALUES ('PRO-00000004', 'blood transfusion');
INSERT INTO procedures VALUES ('PRO-00000005', 'ressusitation');
INSERT INTO procedures VALUES ('PRO-00000006', 'incubation');
INSERT INTO procedures VALUES ('PRO-00000007', 'routine medication');

INSERT INTO treatment VALUES ('TRM-00000001', 'Routine Plan', 'Heavy');
INSERT INTO treatment VALUES ('TRM-00000002', 'Routine Plan & Observation', 'Light');
INSERT INTO treatment VALUES ('TRM-00000003', 'Emergency Operation', 'Light');
INSERT INTO treatment VALUES ('TRM-00000004', 'Transfer to Another Ward', 'Light');
INSERT INTO treatment VALUES ('TRM-00000005', 'Transfer to Another Hospital', 'Heavy');

INSERT INTO vitals VALUES ('VIT-00000001', 'heart rate', 'Normal');
INSERT INTO vitals VALUES ('VIT-00000002', 'temperature', 'Normal');
INSERT INTO vitals VALUES ('VIT-00000003', ' brain activity', 'Normal');
INSERT INTO vitals VALUES ('VIT-00000004', 'muscle reaction', 'Normal');
INSERT INTO vitals VALUES ('VIT-00000005', 'eye sensitivity', 'Low');
INSERT INTO vitals VALUES ('VIT-00000006', 'ear sensitivity', 'High');
INSERT INTO vitals VALUES ('VIT-00000007', 'skin sensitivity', 'Low');

INSERT INTO medication_disease VALUES ('MED-00000006', 'VIR-00000001');
INSERT INTO medication_disease VALUES ('MED-00000014', 'VIR-00000002');
INSERT INTO medication_disease VALUES ('MED-00000004', 'VIR-00000002');
INSERT INTO medication_disease VALUES ('MED-00000002', 'VIR-00000002');
INSERT INTO medication_disease VALUES ('MED-00000011', 'VIR-00000002');
INSERT INTO medication_disease VALUES ('MED-00000011', 'VIR-00000002');
INSERT INTO medication_disease VALUES ('MED-00000013', 'VIR-00000002');
INSERT INTO medication_disease VALUES ('MED-00000002', 'VIR-00000003');
INSERT INTO medication_disease VALUES ('MED-00000015', 'VIR-00000003');
INSERT INTO medication_disease VALUES ('MED-00000001', 'VIR-00000003');
INSERT INTO medication_disease VALUES ('MED-00000015', 'VIR-00000003');
INSERT INTO medication_disease VALUES ('MED-00000004', 'VIR-00000003');
INSERT INTO medication_disease VALUES ('MED-00000009', 'VIR-00000004');
INSERT INTO medication_disease VALUES ('MED-00000011', 'VIR-00000004');
INSERT INTO medication_disease VALUES ('MED-00000008', 'VIR-00000004');
INSERT INTO medication_disease VALUES ('MED-00000011', 'VIR-00000004');
INSERT INTO medication_disease VALUES ('MED-00000014', 'VIR-00000004');
INSERT INTO medication_disease VALUES ('MED-00000013', 'VIR-00000004');
INSERT INTO medication_disease VALUES ('MED-00000003', 'VIR-00000005');

INSERT INTO record VALUES ('P-00000001', 'N-00000083', 'DG-00000005', 'VIR-00000003', 'VIT-00000007', '2016/2/7');
INSERT INTO medication_given VALUES ('P-00000001', 'MED-00000015', 'N-00000083');
INSERT INTO record VALUES ('P-00000002', 'N-00000190', 'DG-00000013', 'VIR-00000005', 'VIT-00000004', '2016/5/2');
INSERT INTO medication_given VALUES ('P-00000002', 'MED-00000009', 'N-00000190');
INSERT INTO record VALUES ('P-00000003', 'N-00000093', 'DG-00000002', 'VIR-00000004', 'VIT-00000002', '2014/10/6');
INSERT INTO medication_given VALUES ('P-00000003', 'MED-00000004', 'N-00000093');
INSERT INTO record VALUES ('P-00000004', 'N-00000284', 'DG-00000012', 'VIR-00000002', 'VIT-00000003', '2013/4/26');
INSERT INTO medication_given VALUES ('P-00000004', 'MED-00000010', 'N-00000284');
INSERT INTO record VALUES ('P-00000005', 'N-00000014', 'DG-00000002', 'VIR-00000004', 'VIT-00000005', '2013/6/29');
INSERT INTO medication_given VALUES ('P-00000005', 'MED-00000011', 'N-00000014');
INSERT INTO record VALUES ('P-00000006', 'D-00000025', 'DG-00000016', 'VIR-00000004', 'VIT-00000007', '2016/5/22');
INSERT INTO treatment_given VALUES ('P-00000006', 'TRM-00000002', 'Standard', '2009/3/8');
INSERT INTO record VALUES ('P-00000007', 'N-00000050', 'DG-00000016', 'VIR-00000002', 'VIT-00000006', '2017/7/18');
INSERT INTO medication_given VALUES ('P-00000007', 'MED-00000010', 'N-00000050');
INSERT INTO record VALUES ('P-00000008', 'D-00000309', 'DG-00000016', 'VIR-00000002', 'VIT-00000002', '2010/0/18');
INSERT INTO treatment_given VALUES ('P-00000008', 'TRM-00000002', 'Standard', '2007/3/27');
INSERT INTO record VALUES ('P-00000009', 'N-00000039', 'DG-00000009', 'VIR-00000001', 'VIT-00000007', '2009/11/28');
INSERT INTO medication_given VALUES ('P-00000009', 'MED-00000008', 'N-00000039');
INSERT INTO record VALUES ('P-00000010', 'N-00000190', 'DG-00000008', 'VIR-00000003', 'VIT-00000003', '2017/5/5');
INSERT INTO medication_given VALUES ('P-00000010', 'MED-00000001', 'N-00000190');
INSERT INTO record VALUES ('P-00000011', 'N-00000068', 'DG-00000010', 'VIR-00000005', 'VIT-00000002', '2013/7/21');
INSERT INTO medication_given VALUES ('P-00000011', 'MED-00000004', 'N-00000068');
INSERT INTO record VALUES ('P-00000012', 'N-00000220', 'DG-00000002', 'VIR-00000005', 'VIT-00000005', '2008/8/17');
INSERT INTO medication_given VALUES ('P-00000012', 'MED-00000010', 'N-00000220');
INSERT INTO record VALUES ('P-00000013', 'D-00000259', 'DG-00000008', 'VIR-00000001', 'VIT-00000002', '2012/3/23');
INSERT INTO treatment_given VALUES ('P-00000013', 'TRM-00000003', 'Standard', '2007/8/20');
INSERT INTO record VALUES ('P-00000014', 'N-00000067', 'DG-00000012', 'VIR-00000002', 'VIT-00000003', '2015/1/26');
INSERT INTO medication_given VALUES ('P-00000014', 'MED-00000005', 'N-00000067');
INSERT INTO record VALUES ('P-00000015', 'D-00000364', 'DG-00000004', 'VIR-00000002', 'VIT-00000006', '2007/7/2');
INSERT INTO treatment_given VALUES ('P-00000015', 'TRM-00000002', 'Standard', '2010/3/7');
INSERT INTO record VALUES ('P-00000016', 'N-00000146', 'DG-00000013', 'VIR-00000001', 'VIT-00000007', '2007/6/14');
INSERT INTO medication_given VALUES ('P-00000016', 'MED-00000012', 'N-00000146');
INSERT INTO record VALUES ('P-00000017', 'N-00000111', 'DG-00000012', 'VIR-00000003', 'VIT-00000002', '2012/1/25');
INSERT INTO medication_given VALUES ('P-00000017', 'MED-00000012', 'N-00000111');
INSERT INTO record VALUES ('P-00000018', 'D-00000357', 'DG-00000005', 'VIR-00000004', 'VIT-00000004', '2015/2/20');
INSERT INTO treatment_given VALUES ('P-00000018', 'TRM-00000004', 'Standard', '2014/1/23');
INSERT INTO record VALUES ('P-00000019', 'N-00000324', 'DG-00000005', 'VIR-00000005', 'VIT-00000007', '2007/7/0');
INSERT INTO medication_given VALUES ('P-00000019', 'MED-00000013', 'N-00000324');
INSERT INTO record VALUES ('P-00000020', 'D-00000421', 'DG-00000011', 'VIR-00000001', 'VIT-00000006', '2012/6/17');
INSERT INTO treatment_given VALUES ('P-00000020', 'TRM-00000001', 'Standard', '2015/7/17');
INSERT INTO record VALUES ('P-00000021', 'N-00000254', 'DG-00000016', 'VIR-00000004', 'VIT-00000004', '2017/5/14');
INSERT INTO medication_given VALUES ('P-00000021', 'MED-00000014', 'N-00000254');
INSERT INTO record VALUES ('P-00000022', 'N-00000150', 'DG-00000002', 'VIR-00000003', 'VIT-00000006', '2015/11/7');
INSERT INTO medication_given VALUES ('P-00000022', 'MED-00000012', 'N-00000150');
INSERT INTO record VALUES ('P-00000023', 'N-00000108', 'DG-00000015', 'VIR-00000004', 'VIT-00000006', '2014/4/22');
INSERT INTO medication_given VALUES ('P-00000023', 'MED-00000008', 'N-00000108');
INSERT INTO record VALUES ('P-00000024', 'N-00000279', 'DG-00000003', 'VIR-00000003', 'VIT-00000006', '2010/6/18');
INSERT INTO medication_given VALUES ('P-00000024', 'MED-00000004', 'N-00000279');
INSERT INTO record VALUES ('P-00000025', 'N-00000124', 'DG-00000008', 'VIR-00000003', 'VIT-00000005', '2017/1/20');
INSERT INTO medication_given VALUES ('P-00000025', 'MED-00000012', 'N-00000124');
INSERT INTO record VALUES ('P-00000026', 'N-00000262', 'DG-00000008', 'VIR-00000001', 'VIT-00000004', '2014/12/20');
INSERT INTO medication_given VALUES ('P-00000026', 'MED-00000012', 'N-00000262');
INSERT INTO record VALUES ('P-00000027', 'D-00000303', 'DG-00000010', 'VIR-00000001', 'VIT-00000006', '2010/2/28');
INSERT INTO treatment_given VALUES ('P-00000027', 'TRM-00000005', 'Standard', '2013/1/30');
INSERT INTO record VALUES ('P-00000028', 'D-00000219', 'DG-00000015', 'VIR-00000002', 'VIT-00000007', '2015/4/11');
INSERT INTO treatment_given VALUES ('P-00000028', 'TRM-00000003', 'Standard', '2011/3/17');
INSERT INTO record VALUES ('P-00000029', 'N-00000233', 'DG-00000007', 'VIR-00000001', 'VIT-00000003', '2007/1/0');
INSERT INTO medication_given VALUES ('P-00000029', 'MED-00000006', 'N-00000233');
INSERT INTO record VALUES ('P-00000030', 'N-00000186', 'DG-00000010', 'VIR-00000005', 'VIT-00000003', '2011/3/9');
INSERT INTO medication_given VALUES ('P-00000030', 'MED-00000011', 'N-00000186');
INSERT INTO record VALUES ('P-00000031', 'N-00000200', 'DG-00000009', 'VIR-00000003', 'VIT-00000007', '2017/8/6');
INSERT INTO medication_given VALUES ('P-00000031', 'MED-00000015', 'N-00000200');
INSERT INTO record VALUES ('P-00000032', 'N-00000089', 'DG-00000007', 'VIR-00000001', 'VIT-00000006', '2010/5/21');
INSERT INTO medication_given VALUES ('P-00000032', 'MED-00000013', 'N-00000089');
INSERT INTO record VALUES ('P-00000033', 'N-00000167', 'DG-00000014', 'VIR-00000002', 'VIT-00000002', '2015/12/3');
INSERT INTO medication_given VALUES ('P-00000033', 'MED-00000012', 'N-00000167');
INSERT INTO record VALUES ('P-00000034', 'D-00000415', 'DG-00000004', 'VIR-00000005', 'VIT-00000002', '2013/3/28');
INSERT INTO treatment_given VALUES ('P-00000034', 'TRM-00000003', 'Standard', '2008/5/2');
INSERT INTO record VALUES ('P-00000035', 'N-00000048', 'DG-00000006', 'VIR-00000001', 'VIT-00000005', '2007/6/29');
INSERT INTO medication_given VALUES ('P-00000035', 'MED-00000007', 'N-00000048');
INSERT INTO record VALUES ('P-00000036', 'N-00000144', 'DG-00000006', 'VIR-00000004', 'VIT-00000002', '2008/5/28');
INSERT INTO medication_given VALUES ('P-00000036', 'MED-00000012', 'N-00000144');
INSERT INTO record VALUES ('P-00000037', 'N-00000043', 'DG-00000003', 'VIR-00000005', 'VIT-00000005', '2017/2/3');
INSERT INTO medication_given VALUES ('P-00000037', 'MED-00000015', 'N-00000043');
INSERT INTO record VALUES ('P-00000038', 'N-00000311', 'DG-00000010', 'VIR-00000004', 'VIT-00000007', '2013/11/27');
INSERT INTO medication_given VALUES ('P-00000038', 'MED-00000012', 'N-00000311');
INSERT INTO record VALUES ('P-00000039', 'D-00000415', 'DG-00000004', 'VIR-00000002', 'VIT-00000007', '2009/12/10');
INSERT INTO treatment_given VALUES ('P-00000039', 'TRM-00000004', 'Standard', '2014/10/13');
INSERT INTO record VALUES ('P-00000040', 'D-00000291', 'DG-00000005', 'VIR-00000003', 'VIT-00000006', '2011/5/13');
INSERT INTO treatment_given VALUES ('P-00000040', 'TRM-00000003', 'Standard', '2014/0/25');
INSERT INTO record VALUES ('P-00000041', 'D-00000453', 'DG-00000004', 'VIR-00000001', 'VIT-00000001', '2015/2/4');
INSERT INTO treatment_given VALUES ('P-00000041', 'TRM-00000004', 'Standard', '2014/4/2');
INSERT INTO record VALUES ('P-00000042', 'N-00000101', 'DG-00000011', 'VIR-00000004', 'VIT-00000001', '2013/0/14');
INSERT INTO medication_given VALUES ('P-00000042', 'MED-00000001', 'N-00000101');
INSERT INTO record VALUES ('P-00000043', 'N-00000182', 'DG-00000013', 'VIR-00000002', 'VIT-00000005', '2014/9/3');
INSERT INTO medication_given VALUES ('P-00000043', 'MED-00000009', 'N-00000182');
INSERT INTO record VALUES ('P-00000044', 'N-00000205', 'DG-00000002', 'VIR-00000002', 'VIT-00000007', '2010/6/13');
INSERT INTO medication_given VALUES ('P-00000044', 'MED-00000012', 'N-00000205');
INSERT INTO record VALUES ('P-00000045', 'N-00000195', 'DG-00000001', 'VIR-00000005', 'VIT-00000005', '2007/12/1');
INSERT INTO medication_given VALUES ('P-00000045', 'MED-00000005', 'N-00000195');
INSERT INTO record VALUES ('P-00000046', 'D-00000249', 'DG-00000004', 'VIR-00000005', 'VIT-00000003', '2014/10/0');
INSERT INTO treatment_given VALUES ('P-00000046', 'TRM-00000005', 'Standard', '2010/6/11');
INSERT INTO record VALUES ('P-00000047', 'N-00000093', 'DG-00000002', 'VIR-00000002', 'VIT-00000001', '2016/9/6');
INSERT INTO medication_given VALUES ('P-00000047', 'MED-00000003', 'N-00000093');
INSERT INTO record VALUES ('P-00000048', 'N-00000004', 'DG-00000011', 'VIR-00000004', 'VIT-00000006', '2013/2/15');
INSERT INTO medication_given VALUES ('P-00000048', 'MED-00000010', 'N-00000004');
INSERT INTO record VALUES ('P-00000049', 'N-00000085', 'DG-00000012', 'VIR-00000004', 'VIT-00000006', '2017/6/22');
INSERT INTO medication_given VALUES ('P-00000049', 'MED-00000008', 'N-00000085');
INSERT INTO record VALUES ('P-00000050', 'N-00000094', 'DG-00000009', 'VIR-00000004', 'VIT-00000004', '2009/12/23');
INSERT INTO medication_given VALUES ('P-00000050', 'MED-00000001', 'N-00000094');
INSERT INTO record VALUES ('P-00000051', 'D-00000286', 'DG-00000013', 'VIR-00000002', 'VIT-00000005', '2012/1/20');
INSERT INTO treatment_given VALUES ('P-00000051', 'TRM-00000002', 'Standard', '2012/1/23');
INSERT INTO record VALUES ('P-00000052', 'N-00000234', 'DG-00000003', 'VIR-00000001', 'VIT-00000002', '2015/9/25');
INSERT INTO medication_given VALUES ('P-00000052', 'MED-00000012', 'N-00000234');
INSERT INTO record VALUES ('P-00000053', 'D-00000097', 'DG-00000001', 'VIR-00000004', 'VIT-00000001', '2015/12/17');
INSERT INTO treatment_given VALUES ('P-00000053', 'TRM-00000001', 'Standard', '2017/12/27');
INSERT INTO record VALUES ('P-00000054', 'N-00000086', 'DG-00000016', 'VIR-00000002', 'VIT-00000003', '2014/5/26');
INSERT INTO medication_given VALUES ('P-00000054', 'MED-00000007', 'N-00000086');
INSERT INTO record VALUES ('P-00000055', 'N-00000021', 'DG-00000014', 'VIR-00000004', 'VIT-00000002', '2009/5/24');
INSERT INTO medication_given VALUES ('P-00000055', 'MED-00000006', 'N-00000021');
INSERT INTO record VALUES ('P-00000056', 'D-00000285', 'DG-00000015', 'VIR-00000004', 'VIT-00000002', '2012/3/4');
INSERT INTO treatment_given VALUES ('P-00000056', 'TRM-00000002', 'Standard', '2016/12/17');
INSERT INTO record VALUES ('P-00000057', 'N-00000045', 'DG-00000011', 'VIR-00000003', 'VIT-00000007', '2017/8/10');
INSERT INTO medication_given VALUES ('P-00000057', 'MED-00000003', 'N-00000045');
INSERT INTO record VALUES ('P-00000058', 'N-00000108', 'DG-00000010', 'VIR-00000003', 'VIT-00000004', '2017/3/8');
INSERT INTO medication_given VALUES ('P-00000058', 'MED-00000003', 'N-00000108');
INSERT INTO record VALUES ('P-00000059', 'N-00000324', 'DG-00000014', 'VIR-00000001', 'VIT-00000006', '2011/12/19');
INSERT INTO medication_given VALUES ('P-00000059', 'MED-00000007', 'N-00000324');
INSERT INTO record VALUES ('P-00000060', 'D-00000457', 'DG-00000002', 'VIR-00000003', 'VIT-00000007', '2014/1/15');
INSERT INTO treatment_given VALUES ('P-00000060', 'TRM-00000005', 'Standard', '2009/11/18');
INSERT INTO record VALUES ('P-00000061', 'D-00000051', 'DG-00000006', 'VIR-00000001', 'VIT-00000003', '2014/6/5');
INSERT INTO treatment_given VALUES ('P-00000061', 'TRM-00000001', 'Standard', '2014/10/30');
INSERT INTO record VALUES ('P-00000062', 'N-00000148', 'DG-00000007', 'VIR-00000002', 'VIT-00000002', '2008/9/18');
INSERT INTO medication_given VALUES ('P-00000062', 'MED-00000006', 'N-00000148');
INSERT INTO record VALUES ('P-00000063', 'D-00000108', 'DG-00000001', 'VIR-00000004', 'VIT-00000004', '2015/9/16');
INSERT INTO treatment_given VALUES ('P-00000063', 'TRM-00000005', 'Standard', '2009/5/23');
INSERT INTO record VALUES ('P-00000064', 'D-00000312', 'DG-00000007', 'VIR-00000001', 'VIT-00000007', '2016/1/18');
INSERT INTO treatment_given VALUES ('P-00000064', 'TRM-00000001', 'Standard', '2009/8/18');
INSERT INTO record VALUES ('P-00000065', 'D-00000225', 'DG-00000001', 'VIR-00000002', 'VIT-00000007', '2011/8/0');
INSERT INTO treatment_given VALUES ('P-00000065', 'TRM-00000003', 'Standard', '2013/9/3');
INSERT INTO record VALUES ('P-00000066', 'N-00000131', 'DG-00000009', 'VIR-00000004', 'VIT-00000003', '2017/11/6');
INSERT INTO medication_given VALUES ('P-00000066', 'MED-00000008', 'N-00000131');
INSERT INTO record VALUES ('P-00000067', 'N-00000216', 'DG-00000016', 'VIR-00000001', 'VIT-00000004', '2013/4/1');
INSERT INTO medication_given VALUES ('P-00000067', 'MED-00000003', 'N-00000216');
INSERT INTO record VALUES ('P-00000068', 'N-00000249', 'DG-00000009', 'VIR-00000002', 'VIT-00000001', '2015/2/11');
INSERT INTO medication_given VALUES ('P-00000068', 'MED-00000007', 'N-00000249');
INSERT INTO record VALUES ('P-00000069', 'N-00000275', 'DG-00000006', 'VIR-00000003', 'VIT-00000001', '2007/3/19');
INSERT INTO medication_given VALUES ('P-00000069', 'MED-00000013', 'N-00000275');
INSERT INTO record VALUES ('P-00000070', 'D-00000144', 'DG-00000015', 'VIR-00000002', 'VIT-00000006', '2017/5/14');
INSERT INTO treatment_given VALUES ('P-00000070', 'TRM-00000002', 'Standard', '2013/11/26');
INSERT INTO record VALUES ('P-00000071', 'N-00000278', 'DG-00000003', 'VIR-00000001', 'VIT-00000005', '2013/12/8');
INSERT INTO medication_given VALUES ('P-00000071', 'MED-00000013', 'N-00000278');
INSERT INTO record VALUES ('P-00000072', 'D-00000192', 'DG-00000010', 'VIR-00000005', 'VIT-00000001', '2008/3/28');
INSERT INTO treatment_given VALUES ('P-00000072', 'TRM-00000003', 'Standard', '2014/1/11');
INSERT INTO record VALUES ('P-00000073', 'N-00000026', 'DG-00000008', 'VIR-00000002', 'VIT-00000002', '2016/11/24');
INSERT INTO medication_given VALUES ('P-00000073', 'MED-00000015', 'N-00000026');
INSERT INTO record VALUES ('P-00000074', 'N-00000007', 'DG-00000009', 'VIR-00000001', 'VIT-00000002', '2011/6/10');
INSERT INTO medication_given VALUES ('P-00000074', 'MED-00000008', 'N-00000007');
INSERT INTO record VALUES ('P-00000075', 'D-00000100', 'DG-00000012', 'VIR-00000002', 'VIT-00000005', '2017/6/24');
INSERT INTO treatment_given VALUES ('P-00000075', 'TRM-00000001', 'Standard', '2016/6/1');
INSERT INTO record VALUES ('P-00000076', 'N-00000026', 'DG-00000010', 'VIR-00000001', 'VIT-00000003', '2014/4/26');
INSERT INTO medication_given VALUES ('P-00000076', 'MED-00000013', 'N-00000026');
INSERT INTO record VALUES ('P-00000077', 'N-00000298', 'DG-00000015', 'VIR-00000002', 'VIT-00000006', '2013/6/0');
INSERT INTO medication_given VALUES ('P-00000077', 'MED-00000008', 'N-00000298');
INSERT INTO record VALUES ('P-00000078', 'D-00000052', 'DG-00000012', 'VIR-00000005', 'VIT-00000002', '2008/6/24');
INSERT INTO treatment_given VALUES ('P-00000078', 'TRM-00000004', 'Standard', '2017/11/6');
INSERT INTO record VALUES ('P-00000079', 'N-00000095', 'DG-00000005', 'VIR-00000005', 'VIT-00000001', '2017/7/3');
INSERT INTO medication_given VALUES ('P-00000079', 'MED-00000011', 'N-00000095');
INSERT INTO record VALUES ('P-00000080', 'N-00000264', 'DG-00000007', 'VIR-00000003', 'VIT-00000003', '2015/10/18');
INSERT INTO medication_given VALUES ('P-00000080', 'MED-00000014', 'N-00000264');
INSERT INTO record VALUES ('P-00000081', 'N-00000067', 'DG-00000014', 'VIR-00000003', 'VIT-00000001', '2008/6/9');
INSERT INTO medication_given VALUES ('P-00000081', 'MED-00000005', 'N-00000067');
INSERT INTO record VALUES ('P-00000082', 'D-00000159', 'DG-00000015', 'VIR-00000003', 'VIT-00000003', '2016/6/0');
INSERT INTO treatment_given VALUES ('P-00000082', 'TRM-00000003', 'Standard', '2007/12/29');
INSERT INTO record VALUES ('P-00000083', 'N-00000227', 'DG-00000014', 'VIR-00000003', 'VIT-00000002', '2017/10/25');
INSERT INTO medication_given VALUES ('P-00000083', 'MED-00000003', 'N-00000227');
INSERT INTO record VALUES ('P-00000084', 'N-00000108', 'DG-00000011', 'VIR-00000005', 'VIT-00000001', '2009/8/9');
INSERT INTO medication_given VALUES ('P-00000084', 'MED-00000012', 'N-00000108');
INSERT INTO record VALUES ('P-00000085', 'N-00000021', 'DG-00000007', 'VIR-00000001', 'VIT-00000004', '2017/2/9');
INSERT INTO medication_given VALUES ('P-00000085', 'MED-00000007', 'N-00000021');
INSERT INTO record VALUES ('P-00000086', 'N-00000277', 'DG-00000001', 'VIR-00000001', 'VIT-00000007', '2009/1/19');
INSERT INTO medication_given VALUES ('P-00000086', 'MED-00000013', 'N-00000277');
INSERT INTO record VALUES ('P-00000087', 'D-00000241', 'DG-00000005', 'VIR-00000005', 'VIT-00000003', '2015/7/27');
INSERT INTO treatment_given VALUES ('P-00000087', 'TRM-00000005', 'Standard', '2009/11/27');
INSERT INTO record VALUES ('P-00000088', 'D-00000478', 'DG-00000001', 'VIR-00000001', 'VIT-00000004', '2015/8/11');
INSERT INTO treatment_given VALUES ('P-00000088', 'TRM-00000002', 'Standard', '2015/2/21');
INSERT INTO record VALUES ('P-00000089', 'N-00000041', 'DG-00000008', 'VIR-00000004', 'VIT-00000007', '2016/12/20');
INSERT INTO medication_given VALUES ('P-00000089', 'MED-00000004', 'N-00000041');
INSERT INTO record VALUES ('P-00000090', 'N-00000320', 'DG-00000009', 'VIR-00000003', 'VIT-00000007', '2017/1/3');
INSERT INTO medication_given VALUES ('P-00000090', 'MED-00000010', 'N-00000320');
INSERT INTO record VALUES ('P-00000091', 'N-00000240', 'DG-00000005', 'VIR-00000005', 'VIT-00000006', '2017/8/20');
INSERT INTO medication_given VALUES ('P-00000091', 'MED-00000012', 'N-00000240');
INSERT INTO record VALUES ('P-00000092', 'N-00000093', 'DG-00000006', 'VIR-00000004', 'VIT-00000004', '2007/8/23');
INSERT INTO medication_given VALUES ('P-00000092', 'MED-00000007', 'N-00000093');
INSERT INTO record VALUES ('P-00000093', 'D-00000391', 'DG-00000004', 'VIR-00000003', 'VIT-00000001', '2011/6/22');
INSERT INTO treatment_given VALUES ('P-00000093', 'TRM-00000001', 'Standard', '2015/9/23');
INSERT INTO record VALUES ('P-00000094', 'N-00000150', 'DG-00000008', 'VIR-00000005', 'VIT-00000004', '2012/8/28');
INSERT INTO medication_given VALUES ('P-00000094', 'MED-00000015', 'N-00000150');
INSERT INTO record VALUES ('P-00000095', 'D-00000102', 'DG-00000006', 'VIR-00000001', 'VIT-00000001', '2009/4/2');
INSERT INTO treatment_given VALUES ('P-00000095', 'TRM-00000001', 'Standard', '2008/0/27');
INSERT INTO record VALUES ('P-00000096', 'N-00000014', 'DG-00000011', 'VIR-00000001', 'VIT-00000007', '2008/12/24');
INSERT INTO medication_given VALUES ('P-00000096', 'MED-00000014', 'N-00000014');
INSERT INTO record VALUES ('P-00000097', 'N-00000082', 'DG-00000010', 'VIR-00000003', 'VIT-00000004', '2016/6/6');
INSERT INTO medication_given VALUES ('P-00000097', 'MED-00000001', 'N-00000082');
INSERT INTO record VALUES ('P-00000098', 'D-00000418', 'DG-00000015', 'VIR-00000005', 'VIT-00000003', '2012/12/26');
INSERT INTO treatment_given VALUES ('P-00000098', 'TRM-00000002', 'Standard', '2013/7/12');
INSERT INTO record VALUES ('P-00000099', 'N-00000005', 'DG-00000010', 'VIR-00000003', 'VIT-00000002', '2007/12/27');
INSERT INTO medication_given VALUES ('P-00000099', 'MED-00000004', 'N-00000005');
INSERT INTO record VALUES ('P-00000100', 'N-00000299', 'DG-00000012', 'VIR-00000002', 'VIT-00000006', '2010/0/27');
INSERT INTO medication_given VALUES ('P-00000100', 'MED-00000006', 'N-00000299');
INSERT INTO record VALUES ('P-00000101', 'N-00000154', 'DG-00000003', 'VIR-00000003', 'VIT-00000003', '2011/4/8');
INSERT INTO medication_given VALUES ('P-00000101', 'MED-00000004', 'N-00000154');
INSERT INTO record VALUES ('P-00000102', 'N-00000333', 'DG-00000015', 'VIR-00000001', 'VIT-00000003', '2016/10/13');
INSERT INTO medication_given VALUES ('P-00000102', 'MED-00000015', 'N-00000333');
INSERT INTO record VALUES ('P-00000103', 'N-00000299', 'DG-00000006', 'VIR-00000004', 'VIT-00000005', '2009/7/25');
INSERT INTO medication_given VALUES ('P-00000103', 'MED-00000005', 'N-00000299');
INSERT INTO record VALUES ('P-00000104', 'D-00000307', 'DG-00000006', 'VIR-00000003', 'VIT-00000001', '2011/7/6');
INSERT INTO treatment_given VALUES ('P-00000104', 'TRM-00000004', 'Standard', '2009/5/2');
INSERT INTO record VALUES ('P-00000105', 'N-00000232', 'DG-00000012', 'VIR-00000005', 'VIT-00000007', '2014/3/1');
INSERT INTO medication_given VALUES ('P-00000105', 'MED-00000005', 'N-00000232');
INSERT INTO record VALUES ('P-00000106', 'N-00000025', 'DG-00000013', 'VIR-00000002', 'VIT-00000003', '2015/0/18');
INSERT INTO medication_given VALUES ('P-00000106', 'MED-00000002', 'N-00000025');
INSERT INTO record VALUES ('P-00000107', 'N-00000328', 'DG-00000008', 'VIR-00000003', 'VIT-00000001', '2008/9/29');
INSERT INTO medication_given VALUES ('P-00000107', 'MED-00000004', 'N-00000328');
INSERT INTO record VALUES ('P-00000108', 'N-00000056', 'DG-00000016', 'VIR-00000004', 'VIT-00000002', '2010/5/29');
INSERT INTO medication_given VALUES ('P-00000108', 'MED-00000003', 'N-00000056');
INSERT INTO record VALUES ('P-00000109', 'N-00000156', 'DG-00000010', 'VIR-00000001', 'VIT-00000007', '2013/0/16');
INSERT INTO medication_given VALUES ('P-00000109', 'MED-00000012', 'N-00000156');
INSERT INTO record VALUES ('P-00000110', 'N-00000116', 'DG-00000004', 'VIR-00000002', 'VIT-00000002', '2015/8/4');
INSERT INTO medication_given VALUES ('P-00000110', 'MED-00000011', 'N-00000116');
INSERT INTO record VALUES ('P-00000111', 'N-00000128', 'DG-00000016', 'VIR-00000002', 'VIT-00000003', '2010/12/8');
INSERT INTO medication_given VALUES ('P-00000111', 'MED-00000011', 'N-00000128');
INSERT INTO record VALUES ('P-00000112', 'D-00000103', 'DG-00000006', 'VIR-00000001', 'VIT-00000001', '2007/7/30');
INSERT INTO treatment_given VALUES ('P-00000112', 'TRM-00000004', 'Standard', '2011/8/13');
INSERT INTO record VALUES ('P-00000113', 'N-00000172', 'DG-00000015', 'VIR-00000001', 'VIT-00000003', '2016/3/6');
INSERT INTO medication_given VALUES ('P-00000113', 'MED-00000011', 'N-00000172');
INSERT INTO record VALUES ('P-00000114', 'N-00000210', 'DG-00000014', 'VIR-00000001', 'VIT-00000001', '2008/4/27');
INSERT INTO medication_given VALUES ('P-00000114', 'MED-00000005', 'N-00000210');
INSERT INTO record VALUES ('P-00000115', 'D-00000114', 'DG-00000012', 'VIR-00000003', 'VIT-00000004', '2010/3/16');
INSERT INTO treatment_given VALUES ('P-00000115', 'TRM-00000004', 'Standard', '2015/5/15');
INSERT INTO record VALUES ('P-00000116', 'N-00000269', 'DG-00000012', 'VIR-00000004', 'VIT-00000006', '2016/3/20');
INSERT INTO medication_given VALUES ('P-00000116', 'MED-00000014', 'N-00000269');
INSERT INTO record VALUES ('P-00000117', 'D-00000303', 'DG-00000004', 'VIR-00000002', 'VIT-00000003', '2010/5/17');
INSERT INTO treatment_given VALUES ('P-00000117', 'TRM-00000004', 'Standard', '2016/0/20');
INSERT INTO record VALUES ('P-00000118', 'N-00000150', 'DG-00000008', 'VIR-00000003', 'VIT-00000002', '2017/1/24');
INSERT INTO medication_given VALUES ('P-00000118', 'MED-00000009', 'N-00000150');
INSERT INTO record VALUES ('P-00000119', 'N-00000300', 'DG-00000001', 'VIR-00000002', 'VIT-00000004', '2012/12/3');
INSERT INTO medication_given VALUES ('P-00000119', 'MED-00000012', 'N-00000300');
INSERT INTO record VALUES ('P-00000120', 'N-00000028', 'DG-00000004', 'VIR-00000001', 'VIT-00000001', '2007/9/22');
INSERT INTO medication_given VALUES ('P-00000120', 'MED-00000013', 'N-00000028');
INSERT INTO record VALUES ('P-00000121', 'N-00000053', 'DG-00000012', 'VIR-00000001', 'VIT-00000001', '2017/3/19');
INSERT INTO medication_given VALUES ('P-00000121', 'MED-00000009', 'N-00000053');
INSERT INTO record VALUES ('P-00000122', 'N-00000299', 'DG-00000004', 'VIR-00000004', 'VIT-00000001', '2007/10/17');
INSERT INTO medication_given VALUES ('P-00000122', 'MED-00000003', 'N-00000299');
INSERT INTO record VALUES ('P-00000123', 'D-00000375', 'DG-00000012', 'VIR-00000002', 'VIT-00000003', '2016/2/6');
INSERT INTO treatment_given VALUES ('P-00000123', 'TRM-00000002', 'Standard', '2007/11/20');
INSERT INTO record VALUES ('P-00000124', 'N-00000297', 'DG-00000003', 'VIR-00000005', 'VIT-00000001', '2011/6/12');
INSERT INTO medication_given VALUES ('P-00000124', 'MED-00000007', 'N-00000297');
INSERT INTO record VALUES ('P-00000125', 'D-00000178', 'DG-00000007', 'VIR-00000004', 'VIT-00000001', '2012/10/26');
INSERT INTO treatment_given VALUES ('P-00000125', 'TRM-00000003', 'Standard', '2012/10/14');
INSERT INTO record VALUES ('P-00000126', 'N-00000168', 'DG-00000004', 'VIR-00000002', 'VIT-00000006', '2011/5/2');
INSERT INTO medication_given VALUES ('P-00000126', 'MED-00000011', 'N-00000168');
INSERT INTO record VALUES ('P-00000127', 'N-00000204', 'DG-00000003', 'VIR-00000001', 'VIT-00000001', '2016/3/5');
INSERT INTO medication_given VALUES ('P-00000127', 'MED-00000015', 'N-00000204');
INSERT INTO record VALUES ('P-00000128', 'N-00000159', 'DG-00000003', 'VIR-00000004', 'VIT-00000003', '2015/6/2');
INSERT INTO medication_given VALUES ('P-00000128', 'MED-00000010', 'N-00000159');
INSERT INTO record VALUES ('P-00000129', 'N-00000165', 'DG-00000010', 'VIR-00000003', 'VIT-00000003', '2015/6/8');
INSERT INTO medication_given VALUES ('P-00000129', 'MED-00000011', 'N-00000165');
INSERT INTO record VALUES ('P-00000130', 'N-00000074', 'DG-00000005', 'VIR-00000001', 'VIT-00000006', '2008/9/4');
INSERT INTO medication_given VALUES ('P-00000130', 'MED-00000003', 'N-00000074');
INSERT INTO record VALUES ('P-00000131', 'N-00000031', 'DG-00000005', 'VIR-00000003', 'VIT-00000005', '2011/4/12');
INSERT INTO medication_given VALUES ('P-00000131', 'MED-00000011', 'N-00000031');
INSERT INTO record VALUES ('P-00000132', 'N-00000137', 'DG-00000011', 'VIR-00000004', 'VIT-00000006', '2010/0/29');
INSERT INTO medication_given VALUES ('P-00000132', 'MED-00000001', 'N-00000137');
INSERT INTO record VALUES ('P-00000133', 'D-00000222', 'DG-00000009', 'VIR-00000003', 'VIT-00000001', '2014/8/17');
INSERT INTO treatment_given VALUES ('P-00000133', 'TRM-00000003', 'Standard', '2015/1/18');
INSERT INTO record VALUES ('P-00000134', 'N-00000120', 'DG-00000002', 'VIR-00000005', 'VIT-00000005', '2017/7/23');
INSERT INTO medication_given VALUES ('P-00000134', 'MED-00000011', 'N-00000120');
INSERT INTO record VALUES ('P-00000135', 'N-00000280', 'DG-00000001', 'VIR-00000002', 'VIT-00000001', '2015/9/29');
INSERT INTO medication_given VALUES ('P-00000135', 'MED-00000002', 'N-00000280');
INSERT INTO record VALUES ('P-00000136', 'D-00000220', 'DG-00000008', 'VIR-00000005', 'VIT-00000005', '2014/10/26');
INSERT INTO treatment_given VALUES ('P-00000136', 'TRM-00000002', 'Standard', '2007/11/8');
INSERT INTO record VALUES ('P-00000137', 'D-00000199', 'DG-00000001', 'VIR-00000003', 'VIT-00000007', '2009/4/6');
INSERT INTO treatment_given VALUES ('P-00000137', 'TRM-00000001', 'Standard', '2017/12/14');
INSERT INTO record VALUES ('P-00000138', 'D-00000438', 'DG-00000002', 'VIR-00000005', 'VIT-00000007', '2010/12/17');
INSERT INTO treatment_given VALUES ('P-00000138', 'TRM-00000001', 'Standard', '2013/4/4');
INSERT INTO record VALUES ('P-00000139', 'D-00000366', 'DG-00000006', 'VIR-00000002', 'VIT-00000007', '2007/5/8');
INSERT INTO treatment_given VALUES ('P-00000139', 'TRM-00000004', 'Standard', '2007/8/19');
INSERT INTO record VALUES ('P-00000140', 'D-00000198', 'DG-00000008', 'VIR-00000001', 'VIT-00000006', '2010/1/3');
INSERT INTO treatment_given VALUES ('P-00000140', 'TRM-00000004', 'Standard', '2008/6/20');
INSERT INTO record VALUES ('P-00000141', 'N-00000300', 'DG-00000014', 'VIR-00000005', 'VIT-00000003', '2016/5/25');
INSERT INTO medication_given VALUES ('P-00000141', 'MED-00000010', 'N-00000300');
INSERT INTO record VALUES ('P-00000142', 'N-00000198', 'DG-00000003', 'VIR-00000002', 'VIT-00000002', '2010/8/25');
INSERT INTO medication_given VALUES ('P-00000142', 'MED-00000001', 'N-00000198');
INSERT INTO record VALUES ('P-00000143', 'N-00000257', 'DG-00000011', 'VIR-00000002', 'VIT-00000003', '2007/5/29');
INSERT INTO medication_given VALUES ('P-00000143', 'MED-00000002', 'N-00000257');
INSERT INTO record VALUES ('P-00000144', 'N-00000147', 'DG-00000009', 'VIR-00000002', 'VIT-00000004', '2012/12/8');
INSERT INTO medication_given VALUES ('P-00000144', 'MED-00000013', 'N-00000147');
INSERT INTO record VALUES ('P-00000145', 'D-00000094', 'DG-00000003', 'VIR-00000001', 'VIT-00000007', '2010/8/29');
INSERT INTO treatment_given VALUES ('P-00000145', 'TRM-00000005', 'Standard', '2014/0/16');
INSERT INTO record VALUES ('P-00000146', 'D-00000183', 'DG-00000004', 'VIR-00000005', 'VIT-00000002', '2017/4/22');
INSERT INTO treatment_given VALUES ('P-00000146', 'TRM-00000005', 'Standard', '2009/3/18');
INSERT INTO record VALUES ('P-00000147', 'N-00000285', 'DG-00000006', 'VIR-00000005', 'VIT-00000002', '2009/10/19');
INSERT INTO medication_given VALUES ('P-00000147', 'MED-00000011', 'N-00000285');
INSERT INTO record VALUES ('P-00000148', 'N-00000278', 'DG-00000002', 'VIR-00000003', 'VIT-00000004', '2016/5/17');
INSERT INTO medication_given VALUES ('P-00000148', 'MED-00000015', 'N-00000278');
INSERT INTO record VALUES ('P-00000149', 'N-00000152', 'DG-00000009', 'VIR-00000002', 'VIT-00000003', '2009/10/10');
INSERT INTO medication_given VALUES ('P-00000149', 'MED-00000013', 'N-00000152');
INSERT INTO record VALUES ('P-00000150', 'N-00000121', 'DG-00000005', 'VIR-00000004', 'VIT-00000003', '2010/6/1');
INSERT INTO medication_given VALUES ('P-00000150', 'MED-00000002', 'N-00000121');
INSERT INTO record VALUES ('P-00000151', 'D-00000427', 'DG-00000005', 'VIR-00000002', 'VIT-00000005', '2017/1/2');
INSERT INTO treatment_given VALUES ('P-00000151', 'TRM-00000003', 'Standard', '2015/6/25');
INSERT INTO record VALUES ('P-00000152', 'D-00000316', 'DG-00000009', 'VIR-00000001', 'VIT-00000006', '2011/0/14');
INSERT INTO treatment_given VALUES ('P-00000152', 'TRM-00000005', 'Standard', '2015/10/2');
INSERT INTO record VALUES ('P-00000153', 'N-00000177', 'DG-00000011', 'VIR-00000003', 'VIT-00000006', '2017/7/4');
INSERT INTO medication_given VALUES ('P-00000153', 'MED-00000005', 'N-00000177');
INSERT INTO record VALUES ('P-00000154', 'N-00000183', 'DG-00000012', 'VIR-00000004', 'VIT-00000007', '2011/2/9');
INSERT INTO medication_given VALUES ('P-00000154', 'MED-00000003', 'N-00000183');
INSERT INTO record VALUES ('P-00000155', 'N-00000102', 'DG-00000001', 'VIR-00000002', 'VIT-00000007', '2010/9/22');
INSERT INTO medication_given VALUES ('P-00000155', 'MED-00000008', 'N-00000102');
INSERT INTO record VALUES ('P-00000156', 'D-00000024', 'DG-00000009', 'VIR-00000005', 'VIT-00000006', '2007/1/11');
INSERT INTO treatment_given VALUES ('P-00000156', 'TRM-00000005', 'Standard', '2009/11/28');
INSERT INTO record VALUES ('P-00000157', 'N-00000219', 'DG-00000012', 'VIR-00000002', 'VIT-00000005', '2007/9/4');
INSERT INTO medication_given VALUES ('P-00000157', 'MED-00000011', 'N-00000219');
INSERT INTO record VALUES ('P-00000158', 'N-00000273', 'DG-00000002', 'VIR-00000003', 'VIT-00000006', '2015/4/18');
INSERT INTO medication_given VALUES ('P-00000158', 'MED-00000009', 'N-00000273');
INSERT INTO record VALUES ('P-00000159', 'N-00000064', 'DG-00000003', 'VIR-00000005', 'VIT-00000005', '2013/10/23');
INSERT INTO medication_given VALUES ('P-00000159', 'MED-00000011', 'N-00000064');
INSERT INTO record VALUES ('P-00000160', 'N-00000221', 'DG-00000007', 'VIR-00000004', 'VIT-00000001', '2015/9/24');
INSERT INTO medication_given VALUES ('P-00000160', 'MED-00000001', 'N-00000221');
INSERT INTO record VALUES ('P-00000161', 'N-00000290', 'DG-00000005', 'VIR-00000002', 'VIT-00000003', '2009/11/23');
INSERT INTO medication_given VALUES ('P-00000161', 'MED-00000002', 'N-00000290');
INSERT INTO record VALUES ('P-00000162', 'N-00000302', 'DG-00000013', 'VIR-00000005', 'VIT-00000001', '2010/11/22');
INSERT INTO medication_given VALUES ('P-00000162', 'MED-00000007', 'N-00000302');
INSERT INTO record VALUES ('P-00000163', 'N-00000264', 'DG-00000009', 'VIR-00000002', 'VIT-00000002', '2016/2/10');
INSERT INTO medication_given VALUES ('P-00000163', 'MED-00000003', 'N-00000264');
INSERT INTO record VALUES ('P-00000164', 'N-00000236', 'DG-00000011', 'VIR-00000002', 'VIT-00000003', '2015/6/5');
INSERT INTO medication_given VALUES ('P-00000164', 'MED-00000010', 'N-00000236');
INSERT INTO record VALUES ('P-00000165', 'N-00000205', 'DG-00000010', 'VIR-00000005', 'VIT-00000004', '2015/0/8');
INSERT INTO medication_given VALUES ('P-00000165', 'MED-00000013', 'N-00000205');
INSERT INTO record VALUES ('P-00000166', 'D-00000370', 'DG-00000005', 'VIR-00000004', 'VIT-00000007', '2009/12/19');
INSERT INTO treatment_given VALUES ('P-00000166', 'TRM-00000004', 'Standard', '2007/2/3');
INSERT INTO record VALUES ('P-00000167', 'D-00000459', 'DG-00000001', 'VIR-00000005', 'VIT-00000003', '2016/10/27');
INSERT INTO treatment_given VALUES ('P-00000167', 'TRM-00000004', 'Standard', '2015/6/9');
INSERT INTO record VALUES ('P-00000168', 'D-00000180', 'DG-00000013', 'VIR-00000003', 'VIT-00000003', '2015/7/20');
INSERT INTO treatment_given VALUES ('P-00000168', 'TRM-00000002', 'Standard', '2009/7/10');
INSERT INTO record VALUES ('P-00000169', 'D-00000226', 'DG-00000009', 'VIR-00000001', 'VIT-00000005', '2010/11/18');
INSERT INTO treatment_given VALUES ('P-00000169', 'TRM-00000001', 'Standard', '2012/5/18');
INSERT INTO record VALUES ('P-00000170', 'D-00000289', 'DG-00000004', 'VIR-00000004', 'VIT-00000001', '2011/2/21');
INSERT INTO treatment_given VALUES ('P-00000170', 'TRM-00000005', 'Standard', '2016/11/27');
INSERT INTO record VALUES ('P-00000171', 'N-00000109', 'DG-00000003', 'VIR-00000001', 'VIT-00000002', '2008/9/16');
INSERT INTO medication_given VALUES ('P-00000171', 'MED-00000009', 'N-00000109');
INSERT INTO record VALUES ('P-00000172', 'N-00000299', 'DG-00000016', 'VIR-00000005', 'VIT-00000002', '2017/1/16');
INSERT INTO medication_given VALUES ('P-00000172', 'MED-00000006', 'N-00000299');
INSERT INTO record VALUES ('P-00000173', 'D-00000001', 'DG-00000013', 'VIR-00000004', 'VIT-00000002', '2010/0/6');
INSERT INTO treatment_given VALUES ('P-00000173', 'TRM-00000001', 'Standard', '2009/5/2');
INSERT INTO record VALUES ('P-00000174', 'N-00000230', 'DG-00000003', 'VIR-00000004', 'VIT-00000004', '2009/7/27');
INSERT INTO medication_given VALUES ('P-00000174', 'MED-00000012', 'N-00000230');
INSERT INTO record VALUES ('P-00000175', 'N-00000192', 'DG-00000014', 'VIR-00000004', 'VIT-00000002', '2012/12/5');
INSERT INTO medication_given VALUES ('P-00000175', 'MED-00000012', 'N-00000192');
INSERT INTO record VALUES ('P-00000176', 'N-00000066', 'DG-00000010', 'VIR-00000002', 'VIT-00000005', '2010/12/4');
INSERT INTO medication_given VALUES ('P-00000176', 'MED-00000009', 'N-00000066');
INSERT INTO record VALUES ('P-00000177', 'D-00000436', 'DG-00000011', 'VIR-00000001', 'VIT-00000001', '2009/1/9');
INSERT INTO treatment_given VALUES ('P-00000177', 'TRM-00000001', 'Standard', '2014/5/15');
INSERT INTO record VALUES ('P-00000178', 'N-00000210', 'DG-00000001', 'VIR-00000002', 'VIT-00000002', '2009/0/24');
INSERT INTO medication_given VALUES ('P-00000178', 'MED-00000005', 'N-00000210');
INSERT INTO record VALUES ('P-00000179', 'D-00000078', 'DG-00000011', 'VIR-00000001', 'VIT-00000006', '2007/4/11');
INSERT INTO treatment_given VALUES ('P-00000179', 'TRM-00000005', 'Standard', '2007/1/17');
INSERT INTO record VALUES ('P-00000180', 'N-00000289', 'DG-00000003', 'VIR-00000001', 'VIT-00000005', '2014/8/12');
INSERT INTO medication_given VALUES ('P-00000180', 'MED-00000008', 'N-00000289');
INSERT INTO record VALUES ('P-00000181', 'D-00000466', 'DG-00000016', 'VIR-00000003', 'VIT-00000002', '2008/12/9');
INSERT INTO treatment_given VALUES ('P-00000181', 'TRM-00000001', 'Standard', '2007/1/30');
INSERT INTO record VALUES ('P-00000182', 'N-00000329', 'DG-00000004', 'VIR-00000003', 'VIT-00000003', '2008/3/28');
INSERT INTO medication_given VALUES ('P-00000182', 'MED-00000001', 'N-00000329');
INSERT INTO record VALUES ('P-00000183', 'N-00000203', 'DG-00000009', 'VIR-00000001', 'VIT-00000002', '2007/3/1');
INSERT INTO medication_given VALUES ('P-00000183', 'MED-00000013', 'N-00000203');
INSERT INTO record VALUES ('P-00000184', 'N-00000280', 'DG-00000009', 'VIR-00000001', 'VIT-00000002', '2012/4/23');
INSERT INTO medication_given VALUES ('P-00000184', 'MED-00000005', 'N-00000280');
INSERT INTO record VALUES ('P-00000185', 'N-00000073', 'DG-00000010', 'VIR-00000002', 'VIT-00000006', '2008/9/16');
INSERT INTO medication_given VALUES ('P-00000185', 'MED-00000005', 'N-00000073');
INSERT INTO record VALUES ('P-00000186', 'N-00000185', 'DG-00000008', 'VIR-00000003', 'VIT-00000002', '2015/12/1');
INSERT INTO medication_given VALUES ('P-00000186', 'MED-00000013', 'N-00000185');
INSERT INTO record VALUES ('P-00000187', 'D-00000232', 'DG-00000016', 'VIR-00000001', 'VIT-00000002', '2015/10/30');
INSERT INTO treatment_given VALUES ('P-00000187', 'TRM-00000005', 'Standard', '2009/10/10');
INSERT INTO record VALUES ('P-00000188', 'D-00000168', 'DG-00000013', 'VIR-00000004', 'VIT-00000007', '2014/0/1');
INSERT INTO treatment_given VALUES ('P-00000188', 'TRM-00000004', 'Standard', '2009/5/4');
INSERT INTO record VALUES ('P-00000189', 'N-00000240', 'DG-00000016', 'VIR-00000003', 'VIT-00000005', '2008/6/13');
INSERT INTO medication_given VALUES ('P-00000189', 'MED-00000013', 'N-00000240');
INSERT INTO record VALUES ('P-00000190', 'D-00000294', 'DG-00000004', 'VIR-00000002', 'VIT-00000006', '2011/3/0');
INSERT INTO treatment_given VALUES ('P-00000190', 'TRM-00000003', 'Standard', '2010/11/21');
INSERT INTO record VALUES ('P-00000191', 'N-00000093', 'DG-00000003', 'VIR-00000005', 'VIT-00000007', '2017/12/0');
INSERT INTO medication_given VALUES ('P-00000191', 'MED-00000003', 'N-00000093');
INSERT INTO record VALUES ('P-00000192', 'D-00000082', 'DG-00000010', 'VIR-00000002', 'VIT-00000003', '2011/3/27');
INSERT INTO treatment_given VALUES ('P-00000192', 'TRM-00000005', 'Standard', '2014/5/29');
INSERT INTO record VALUES ('P-00000193', 'N-00000090', 'DG-00000011', 'VIR-00000004', 'VIT-00000001', '2011/8/0');
INSERT INTO medication_given VALUES ('P-00000193', 'MED-00000005', 'N-00000090');
INSERT INTO record VALUES ('P-00000194', 'N-00000087', 'DG-00000014', 'VIR-00000002', 'VIT-00000006', '2013/10/30');
INSERT INTO medication_given VALUES ('P-00000194', 'MED-00000003', 'N-00000087');
INSERT INTO record VALUES ('P-00000195', 'N-00000106', 'DG-00000004', 'VIR-00000005', 'VIT-00000001', '2007/8/17');
INSERT INTO medication_given VALUES ('P-00000195', 'MED-00000014', 'N-00000106');
INSERT INTO record VALUES ('P-00000196', 'N-00000161', 'DG-00000007', 'VIR-00000003', 'VIT-00000004', '2012/3/30');
INSERT INTO medication_given VALUES ('P-00000196', 'MED-00000014', 'N-00000161');
INSERT INTO record VALUES ('P-00000197', 'N-00000086', 'DG-00000014', 'VIR-00000003', 'VIT-00000004', '2007/6/12');
INSERT INTO medication_given VALUES ('P-00000197', 'MED-00000012', 'N-00000086');
INSERT INTO record VALUES ('P-00000198', 'D-00000462', 'DG-00000014', 'VIR-00000002', 'VIT-00000004', '2008/4/19');
INSERT INTO treatment_given VALUES ('P-00000198', 'TRM-00000005', 'Standard', '2015/2/27');
INSERT INTO record VALUES ('P-00000199', 'N-00000167', 'DG-00000001', 'VIR-00000002', 'VIT-00000001', '2011/10/4');
INSERT INTO medication_given VALUES ('P-00000199', 'MED-00000013', 'N-00000167');
INSERT INTO record VALUES ('P-00000200', 'N-00000010', 'DG-00000009', 'VIR-00000003', 'VIT-00000006', '2007/6/12');
INSERT INTO medication_given VALUES ('P-00000200', 'MED-00000015', 'N-00000010');
INSERT INTO record VALUES ('P-00000201', 'D-00000469', 'DG-00000007', 'VIR-00000003', 'VIT-00000003', '2009/0/8');
INSERT INTO treatment_given VALUES ('P-00000201', 'TRM-00000002', 'Standard', '2008/4/10');
INSERT INTO record VALUES ('P-00000202', 'D-00000339', 'DG-00000015', 'VIR-00000002', 'VIT-00000004', '2007/9/14');
INSERT INTO treatment_given VALUES ('P-00000202', 'TRM-00000005', 'Standard', '2015/3/30');
INSERT INTO record VALUES ('P-00000203', 'N-00000230', 'DG-00000004', 'VIR-00000001', 'VIT-00000005', '2014/8/14');
INSERT INTO medication_given VALUES ('P-00000203', 'MED-00000010', 'N-00000230');
INSERT INTO record VALUES ('P-00000204', 'N-00000152', 'DG-00000005', 'VIR-00000003', 'VIT-00000004', '2012/11/3');
INSERT INTO medication_given VALUES ('P-00000204', 'MED-00000005', 'N-00000152');
INSERT INTO record VALUES ('P-00000205', 'D-00000390', 'DG-00000002', 'VIR-00000003', 'VIT-00000003', '2017/6/15');
INSERT INTO treatment_given VALUES ('P-00000205', 'TRM-00000001', 'Standard', '2011/5/27');
INSERT INTO record VALUES ('P-00000206', 'N-00000187', 'DG-00000012', 'VIR-00000003', 'VIT-00000002', '2016/9/25');
INSERT INTO medication_given VALUES ('P-00000206', 'MED-00000014', 'N-00000187');
INSERT INTO record VALUES ('P-00000207', 'N-00000230', 'DG-00000012', 'VIR-00000005', 'VIT-00000002', '2013/4/28');
INSERT INTO medication_given VALUES ('P-00000207', 'MED-00000015', 'N-00000230');
INSERT INTO record VALUES ('P-00000208', 'D-00000274', 'DG-00000011', 'VIR-00000004', 'VIT-00000007', '2014/2/2');
INSERT INTO treatment_given VALUES ('P-00000208', 'TRM-00000003', 'Standard', '2016/11/7');
INSERT INTO record VALUES ('P-00000209', 'N-00000083', 'DG-00000016', 'VIR-00000001', 'VIT-00000001', '2007/2/0');
INSERT INTO medication_given VALUES ('P-00000209', 'MED-00000008', 'N-00000083');
INSERT INTO record VALUES ('P-00000210', 'D-00000348', 'DG-00000008', 'VIR-00000001', 'VIT-00000001', '2009/7/13');
INSERT INTO treatment_given VALUES ('P-00000210', 'TRM-00000001', 'Standard', '2015/8/8');
INSERT INTO record VALUES ('P-00000211', 'N-00000237', 'DG-00000016', 'VIR-00000003', 'VIT-00000007', '2012/5/27');
INSERT INTO medication_given VALUES ('P-00000211', 'MED-00000011', 'N-00000237');
INSERT INTO record VALUES ('P-00000212', 'N-00000100', 'DG-00000015', 'VIR-00000005', 'VIT-00000003', '2011/0/0');
INSERT INTO medication_given VALUES ('P-00000212', 'MED-00000011', 'N-00000100');
INSERT INTO record VALUES ('P-00000213', 'N-00000168', 'DG-00000011', 'VIR-00000003', 'VIT-00000001', '2009/4/16');
INSERT INTO medication_given VALUES ('P-00000213', 'MED-00000013', 'N-00000168');
INSERT INTO record VALUES ('P-00000214', 'N-00000243', 'DG-00000012', 'VIR-00000004', 'VIT-00000007', '2015/10/2');
INSERT INTO medication_given VALUES ('P-00000214', 'MED-00000005', 'N-00000243');
INSERT INTO record VALUES ('P-00000215', 'D-00000369', 'DG-00000016', 'VIR-00000001', 'VIT-00000005', '2008/10/15');
INSERT INTO treatment_given VALUES ('P-00000215', 'TRM-00000001', 'Standard', '2009/0/12');
INSERT INTO record VALUES ('P-00000216', 'N-00000235', 'DG-00000003', 'VIR-00000002', 'VIT-00000001', '2007/12/28');
INSERT INTO medication_given VALUES ('P-00000216', 'MED-00000001', 'N-00000235');
INSERT INTO record VALUES ('P-00000217', 'N-00000128', 'DG-00000005', 'VIR-00000003', 'VIT-00000004', '2014/7/12');
INSERT INTO medication_given VALUES ('P-00000217', 'MED-00000007', 'N-00000128');
INSERT INTO record VALUES ('P-00000218', 'N-00000266', 'DG-00000014', 'VIR-00000005', 'VIT-00000004', '2016/11/4');
INSERT INTO medication_given VALUES ('P-00000218', 'MED-00000009', 'N-00000266');
INSERT INTO record VALUES ('P-00000219', 'D-00000184', 'DG-00000006', 'VIR-00000004', 'VIT-00000006', '2011/6/10');
INSERT INTO treatment_given VALUES ('P-00000219', 'TRM-00000004', 'Standard', '2014/9/20');
INSERT INTO record VALUES ('P-00000220', 'N-00000244', 'DG-00000007', 'VIR-00000002', 'VIT-00000005', '2008/2/23');
INSERT INTO medication_given VALUES ('P-00000220', 'MED-00000010', 'N-00000244');
INSERT INTO record VALUES ('P-00000221', 'D-00000075', 'DG-00000012', 'VIR-00000001', 'VIT-00000005', '2017/6/4');
INSERT INTO treatment_given VALUES ('P-00000221', 'TRM-00000003', 'Standard', '2014/4/24');
INSERT INTO record VALUES ('P-00000222', 'N-00000075', 'DG-00000007', 'VIR-00000003', 'VIT-00000002', '2011/3/14');
INSERT INTO medication_given VALUES ('P-00000222', 'MED-00000001', 'N-00000075');
INSERT INTO record VALUES ('P-00000223', 'N-00000033', 'DG-00000002', 'VIR-00000004', 'VIT-00000002', '2008/9/5');
INSERT INTO medication_given VALUES ('P-00000223', 'MED-00000012', 'N-00000033');
INSERT INTO record VALUES ('P-00000224', 'N-00000198', 'DG-00000004', 'VIR-00000004', 'VIT-00000005', '2011/1/30');
INSERT INTO medication_given VALUES ('P-00000224', 'MED-00000001', 'N-00000198');
INSERT INTO record VALUES ('P-00000225', 'N-00000266', 'DG-00000013', 'VIR-00000005', 'VIT-00000005', '2011/4/27');
INSERT INTO medication_given VALUES ('P-00000225', 'MED-00000001', 'N-00000266');
INSERT INTO record VALUES ('P-00000226', 'N-00000104', 'DG-00000016', 'VIR-00000003', 'VIT-00000002', '2009/10/13');
INSERT INTO medication_given VALUES ('P-00000226', 'MED-00000007', 'N-00000104');
INSERT INTO record VALUES ('P-00000227', 'D-00000064', 'DG-00000012', 'VIR-00000003', 'VIT-00000006', '2015/6/10');
INSERT INTO treatment_given VALUES ('P-00000227', 'TRM-00000003', 'Standard', '2015/3/4');
INSERT INTO record VALUES ('P-00000228', 'D-00000454', 'DG-00000012', 'VIR-00000005', 'VIT-00000002', '2013/1/13');
INSERT INTO treatment_given VALUES ('P-00000228', 'TRM-00000002', 'Standard', '2015/2/10');
INSERT INTO record VALUES ('P-00000229', 'N-00000277', 'DG-00000016', 'VIR-00000002', 'VIT-00000007', '2007/1/16');
INSERT INTO medication_given VALUES ('P-00000229', 'MED-00000006', 'N-00000277');
INSERT INTO record VALUES ('P-00000230', 'N-00000027', 'DG-00000008', 'VIR-00000005', 'VIT-00000006', '2007/6/24');
INSERT INTO medication_given VALUES ('P-00000230', 'MED-00000015', 'N-00000027');
INSERT INTO record VALUES ('P-00000231', 'D-00000399', 'DG-00000011', 'VIR-00000004', 'VIT-00000005', '2015/1/7');
INSERT INTO treatment_given VALUES ('P-00000231', 'TRM-00000005', 'Standard', '2016/5/2');
INSERT INTO record VALUES ('P-00000232', 'N-00000170', 'DG-00000005', 'VIR-00000004', 'VIT-00000003', '2011/0/16');
INSERT INTO medication_given VALUES ('P-00000232', 'MED-00000009', 'N-00000170');
INSERT INTO record VALUES ('P-00000233', 'N-00000224', 'DG-00000007', 'VIR-00000004', 'VIT-00000004', '2010/8/17');
INSERT INTO medication_given VALUES ('P-00000233', 'MED-00000008', 'N-00000224');
INSERT INTO record VALUES ('P-00000234', 'N-00000205', 'DG-00000013', 'VIR-00000001', 'VIT-00000006', '2012/11/13');
INSERT INTO medication_given VALUES ('P-00000234', 'MED-00000014', 'N-00000205');
INSERT INTO record VALUES ('P-00000235', 'N-00000057', 'DG-00000013', 'VIR-00000005', 'VIT-00000007', '2010/8/4');
INSERT INTO medication_given VALUES ('P-00000235', 'MED-00000008', 'N-00000057');
INSERT INTO record VALUES ('P-00000236', 'D-00000363', 'DG-00000007', 'VIR-00000005', 'VIT-00000006', '2009/7/6');
INSERT INTO treatment_given VALUES ('P-00000236', 'TRM-00000002', 'Standard', '2009/3/21');
INSERT INTO record VALUES ('P-00000237', 'D-00000034', 'DG-00000010', 'VIR-00000001', 'VIT-00000004', '2013/11/28');
INSERT INTO treatment_given VALUES ('P-00000237', 'TRM-00000003', 'Standard', '2010/1/20');
INSERT INTO record VALUES ('P-00000238', 'N-00000226', 'DG-00000010', 'VIR-00000002', 'VIT-00000004', '2015/4/11');
INSERT INTO medication_given VALUES ('P-00000238', 'MED-00000014', 'N-00000226');
INSERT INTO record VALUES ('P-00000239', 'N-00000009', 'DG-00000010', 'VIR-00000005', 'VIT-00000002', '2012/0/8');
INSERT INTO medication_given VALUES ('P-00000239', 'MED-00000011', 'N-00000009');
INSERT INTO record VALUES ('P-00000240', 'N-00000051', 'DG-00000001', 'VIR-00000004', 'VIT-00000006', '2014/7/22');
INSERT INTO medication_given VALUES ('P-00000240', 'MED-00000002', 'N-00000051');
INSERT INTO record VALUES ('P-00000241', 'D-00000127', 'DG-00000002', 'VIR-00000004', 'VIT-00000007', '2017/7/15');
INSERT INTO treatment_given VALUES ('P-00000241', 'TRM-00000001', 'Standard', '2011/0/29');
INSERT INTO record VALUES ('P-00000242', 'N-00000328', 'DG-00000013', 'VIR-00000005', 'VIT-00000006', '2009/6/17');
INSERT INTO medication_given VALUES ('P-00000242', 'MED-00000009', 'N-00000328');
INSERT INTO record VALUES ('P-00000243', 'N-00000237', 'DG-00000008', 'VIR-00000003', 'VIT-00000004', '2010/3/30');
INSERT INTO medication_given VALUES ('P-00000243', 'MED-00000002', 'N-00000237');
INSERT INTO record VALUES ('P-00000244', 'N-00000042', 'DG-00000014', 'VIR-00000002', 'VIT-00000006', '2013/0/1');
INSERT INTO medication_given VALUES ('P-00000244', 'MED-00000011', 'N-00000042');
INSERT INTO record VALUES ('P-00000245', 'N-00000256', 'DG-00000008', 'VIR-00000003', 'VIT-00000006', '2017/7/2');
INSERT INTO medication_given VALUES ('P-00000245', 'MED-00000007', 'N-00000256');
INSERT INTO record VALUES ('P-00000246', 'N-00000279', 'DG-00000015', 'VIR-00000004', 'VIT-00000006', '2013/8/24');
INSERT INTO medication_given VALUES ('P-00000246', 'MED-00000009', 'N-00000279');
INSERT INTO record VALUES ('P-00000247', 'N-00000205', 'DG-00000010', 'VIR-00000002', 'VIT-00000007', '2008/6/28');
INSERT INTO medication_given VALUES ('P-00000247', 'MED-00000009', 'N-00000205');
INSERT INTO record VALUES ('P-00000248', 'N-00000175', 'DG-00000008', 'VIR-00000004', 'VIT-00000005', '2011/7/9');
INSERT INTO medication_given VALUES ('P-00000248', 'MED-00000011', 'N-00000175');
INSERT INTO record VALUES ('P-00000249', 'D-00000148', 'DG-00000011', 'VIR-00000004', 'VIT-00000004', '2008/4/24');
INSERT INTO treatment_given VALUES ('P-00000249', 'TRM-00000002', 'Standard', '2008/0/12');
INSERT INTO record VALUES ('P-00000250', 'N-00000109', 'DG-00000008', 'VIR-00000004', 'VIT-00000006', '2009/8/24');
INSERT INTO medication_given VALUES ('P-00000250', 'MED-00000014', 'N-00000109');
INSERT INTO record VALUES ('P-00000251', 'N-00000245', 'DG-00000010', 'VIR-00000005', 'VIT-00000006', '2011/7/22');
INSERT INTO medication_given VALUES ('P-00000251', 'MED-00000009', 'N-00000245');
INSERT INTO record VALUES ('P-00000252', 'N-00000325', 'DG-00000001', 'VIR-00000002', 'VIT-00000004', '2013/4/10');
INSERT INTO medication_given VALUES ('P-00000252', 'MED-00000005', 'N-00000325');
INSERT INTO record VALUES ('P-00000253', 'N-00000089', 'DG-00000011', 'VIR-00000004', 'VIT-00000004', '2011/2/16');
INSERT INTO medication_given VALUES ('P-00000253', 'MED-00000015', 'N-00000089');
INSERT INTO record VALUES ('P-00000254', 'N-00000095', 'DG-00000009', 'VIR-00000004', 'VIT-00000004', '2007/6/15');
INSERT INTO medication_given VALUES ('P-00000254', 'MED-00000001', 'N-00000095');
INSERT INTO record VALUES ('P-00000255', 'N-00000165', 'DG-00000012', 'VIR-00000001', 'VIT-00000004', '2010/11/8');
INSERT INTO medication_given VALUES ('P-00000255', 'MED-00000015', 'N-00000165');
INSERT INTO record VALUES ('P-00000256', 'D-00000379', 'DG-00000014', 'VIR-00000003', 'VIT-00000003', '2016/0/1');
INSERT INTO treatment_given VALUES ('P-00000256', 'TRM-00000001', 'Standard', '2010/1/22');
INSERT INTO record VALUES ('P-00000257', 'N-00000192', 'DG-00000008', 'VIR-00000005', 'VIT-00000004', '2007/12/18');
INSERT INTO medication_given VALUES ('P-00000257', 'MED-00000010', 'N-00000192');
INSERT INTO record VALUES ('P-00000258', 'N-00000144', 'DG-00000002', 'VIR-00000003', 'VIT-00000006', '2011/5/11');
INSERT INTO medication_given VALUES ('P-00000258', 'MED-00000005', 'N-00000144');
INSERT INTO record VALUES ('P-00000259', 'D-00000172', 'DG-00000016', 'VIR-00000002', 'VIT-00000004', '2016/4/1');
INSERT INTO treatment_given VALUES ('P-00000259', 'TRM-00000002', 'Standard', '2016/10/15');
INSERT INTO record VALUES ('P-00000260', 'N-00000276', 'DG-00000008', 'VIR-00000004', 'VIT-00000002', '2014/8/1');
INSERT INTO medication_given VALUES ('P-00000260', 'MED-00000014', 'N-00000276');
INSERT INTO record VALUES ('P-00000261', 'N-00000133', 'DG-00000010', 'VIR-00000005', 'VIT-00000007', '2008/11/2');
INSERT INTO medication_given VALUES ('P-00000261', 'MED-00000007', 'N-00000133');
INSERT INTO record VALUES ('P-00000262', 'N-00000106', 'DG-00000003', 'VIR-00000003', 'VIT-00000006', '2016/8/26');
INSERT INTO medication_given VALUES ('P-00000262', 'MED-00000014', 'N-00000106');
INSERT INTO record VALUES ('P-00000263', 'N-00000045', 'DG-00000008', 'VIR-00000004', 'VIT-00000006', '2009/10/16');
INSERT INTO medication_given VALUES ('P-00000263', 'MED-00000006', 'N-00000045');
INSERT INTO record VALUES ('P-00000264', 'D-00000051', 'DG-00000002', 'VIR-00000005', 'VIT-00000002', '2014/10/29');
INSERT INTO treatment_given VALUES ('P-00000264', 'TRM-00000003', 'Standard', '2011/4/15');
INSERT INTO record VALUES ('P-00000265', 'D-00000091', 'DG-00000013', 'VIR-00000003', 'VIT-00000001', '2017/12/25');
INSERT INTO treatment_given VALUES ('P-00000265', 'TRM-00000005', 'Standard', '2016/0/27');
INSERT INTO record VALUES ('P-00000266', 'N-00000020', 'DG-00000006', 'VIR-00000003', 'VIT-00000004', '2009/2/7');
INSERT INTO medication_given VALUES ('P-00000266', 'MED-00000012', 'N-00000020');
INSERT INTO record VALUES ('P-00000267', 'N-00000128', 'DG-00000003', 'VIR-00000005', 'VIT-00000007', '2011/4/26');
INSERT INTO medication_given VALUES ('P-00000267', 'MED-00000015', 'N-00000128');
INSERT INTO record VALUES ('P-00000268', 'N-00000105', 'DG-00000004', 'VIR-00000005', 'VIT-00000005', '2014/12/26');
INSERT INTO medication_given VALUES ('P-00000268', 'MED-00000014', 'N-00000105');
INSERT INTO record VALUES ('P-00000269', 'D-00000412', 'DG-00000013', 'VIR-00000001', 'VIT-00000002', '2012/2/8');
INSERT INTO treatment_given VALUES ('P-00000269', 'TRM-00000005', 'Standard', '2015/12/27');
INSERT INTO record VALUES ('P-00000270', 'D-00000156', 'DG-00000009', 'VIR-00000001', 'VIT-00000003', '2008/3/15');
INSERT INTO treatment_given VALUES ('P-00000270', 'TRM-00000004', 'Standard', '2016/3/3');
INSERT INTO record VALUES ('P-00000271', 'N-00000080', 'DG-00000008', 'VIR-00000005', 'VIT-00000002', '2014/10/13');
INSERT INTO medication_given VALUES ('P-00000271', 'MED-00000010', 'N-00000080');
INSERT INTO record VALUES ('P-00000272', 'N-00000240', 'DG-00000003', 'VIR-00000002', 'VIT-00000005', '2013/10/4');
INSERT INTO medication_given VALUES ('P-00000272', 'MED-00000006', 'N-00000240');
INSERT INTO record VALUES ('P-00000273', 'N-00000048', 'DG-00000015', 'VIR-00000003', 'VIT-00000007', '2017/5/8');
INSERT INTO medication_given VALUES ('P-00000273', 'MED-00000003', 'N-00000048');
INSERT INTO record VALUES ('P-00000274', 'N-00000323', 'DG-00000002', 'VIR-00000002', 'VIT-00000004', '2012/7/17');
INSERT INTO medication_given VALUES ('P-00000274', 'MED-00000004', 'N-00000323');
INSERT INTO record VALUES ('P-00000275', 'N-00000092', 'DG-00000006', 'VIR-00000002', 'VIT-00000001', '2012/5/13');
INSERT INTO medication_given VALUES ('P-00000275', 'MED-00000005', 'N-00000092');
INSERT INTO record VALUES ('P-00000276', 'N-00000041', 'DG-00000004', 'VIR-00000002', 'VIT-00000002', '2010/6/1');
INSERT INTO medication_given VALUES ('P-00000276', 'MED-00000014', 'N-00000041');
INSERT INTO record VALUES ('P-00000277', 'N-00000160', 'DG-00000004', 'VIR-00000002', 'VIT-00000004', '2016/11/1');
INSERT INTO medication_given VALUES ('P-00000277', 'MED-00000013', 'N-00000160');
INSERT INTO record VALUES ('P-00000278', 'D-00000397', 'DG-00000015', 'VIR-00000002', 'VIT-00000007', '2014/6/17');
INSERT INTO treatment_given VALUES ('P-00000278', 'TRM-00000002', 'Standard', '2007/6/10');
INSERT INTO record VALUES ('P-00000279', 'N-00000072', 'DG-00000004', 'VIR-00000001', 'VIT-00000002', '2015/3/21');
INSERT INTO medication_given VALUES ('P-00000279', 'MED-00000001', 'N-00000072');
INSERT INTO record VALUES ('P-00000280', 'D-00000127', 'DG-00000009', 'VIR-00000002', 'VIT-00000005', '2010/0/10');
INSERT INTO treatment_given VALUES ('P-00000280', 'TRM-00000003', 'Standard', '2012/10/4');
INSERT INTO record VALUES ('P-00000281', 'N-00000004', 'DG-00000010', 'VIR-00000002', 'VIT-00000001', '2010/10/1');
INSERT INTO medication_given VALUES ('P-00000281', 'MED-00000004', 'N-00000004');
INSERT INTO record VALUES ('P-00000282', 'D-00000148', 'DG-00000003', 'VIR-00000002', 'VIT-00000005', '2013/11/28');
INSERT INTO treatment_given VALUES ('P-00000282', 'TRM-00000004', 'Standard', '2013/10/18');
INSERT INTO record VALUES ('P-00000283', 'D-00000024', 'DG-00000005', 'VIR-00000005', 'VIT-00000004', '2011/7/18');
INSERT INTO treatment_given VALUES ('P-00000283', 'TRM-00000005', 'Standard', '2010/3/2');
INSERT INTO record VALUES ('P-00000284', 'N-00000300', 'DG-00000001', 'VIR-00000005', 'VIT-00000002', '2009/10/12');
INSERT INTO medication_given VALUES ('P-00000284', 'MED-00000013', 'N-00000300');
INSERT INTO record VALUES ('P-00000285', 'N-00000111', 'DG-00000012', 'VIR-00000003', 'VIT-00000007', '2009/4/18');
INSERT INTO medication_given VALUES ('P-00000285', 'MED-00000015', 'N-00000111');
INSERT INTO record VALUES ('P-00000286', 'N-00000026', 'DG-00000010', 'VIR-00000003', 'VIT-00000002', '2012/3/14');
INSERT INTO medication_given VALUES ('P-00000286', 'MED-00000010', 'N-00000026');
INSERT INTO record VALUES ('P-00000287', 'D-00000346', 'DG-00000007', 'VIR-00000003', 'VIT-00000005', '2009/7/15');
INSERT INTO treatment_given VALUES ('P-00000287', 'TRM-00000005', 'Standard', '2017/2/1');
INSERT INTO record VALUES ('P-00000288', 'N-00000329', 'DG-00000006', 'VIR-00000002', 'VIT-00000007', '2010/10/30');
INSERT INTO medication_given VALUES ('P-00000288', 'MED-00000014', 'N-00000329');
INSERT INTO record VALUES ('P-00000289', 'D-00000391', 'DG-00000008', 'VIR-00000001', 'VIT-00000001', '2012/0/7');
INSERT INTO treatment_given VALUES ('P-00000289', 'TRM-00000001', 'Standard', '2009/11/25');
INSERT INTO record VALUES ('P-00000290', 'N-00000310', 'DG-00000015', 'VIR-00000004', 'VIT-00000004', '2013/12/15');
INSERT INTO medication_given VALUES ('P-00000290', 'MED-00000010', 'N-00000310');
INSERT INTO record VALUES ('P-00000291', 'D-00000006', 'DG-00000015', 'VIR-00000004', 'VIT-00000001', '2012/12/5');
INSERT INTO treatment_given VALUES ('P-00000291', 'TRM-00000003', 'Standard', '2014/9/11');
INSERT INTO record VALUES ('P-00000292', 'D-00000451', 'DG-00000004', 'VIR-00000005', 'VIT-00000007', '2007/4/27');
INSERT INTO treatment_given VALUES ('P-00000292', 'TRM-00000002', 'Standard', '2012/0/8');
INSERT INTO record VALUES ('P-00000293', 'D-00000253', 'DG-00000004', 'VIR-00000002', 'VIT-00000001', '2009/0/15');
INSERT INTO treatment_given VALUES ('P-00000293', 'TRM-00000001', 'Standard', '2013/8/4');
INSERT INTO record VALUES ('P-00000294', 'N-00000104', 'DG-00000009', 'VIR-00000001', 'VIT-00000004', '2015/8/5');
INSERT INTO medication_given VALUES ('P-00000294', 'MED-00000011', 'N-00000104');
INSERT INTO record VALUES ('P-00000295', 'N-00000109', 'DG-00000013', 'VIR-00000001', 'VIT-00000002', '2014/10/10');
INSERT INTO medication_given VALUES ('P-00000295', 'MED-00000011', 'N-00000109');
INSERT INTO record VALUES ('P-00000296', 'N-00000052', 'DG-00000009', 'VIR-00000001', 'VIT-00000003', '2008/3/30');
INSERT INTO medication_given VALUES ('P-00000296', 'MED-00000008', 'N-00000052');
INSERT INTO record VALUES ('P-00000297', 'D-00000222', 'DG-00000009', 'VIR-00000005', 'VIT-00000001', '2007/2/16');
INSERT INTO treatment_given VALUES ('P-00000297', 'TRM-00000003', 'Standard', '2015/7/22');
INSERT INTO record VALUES ('P-00000298', 'N-00000223', 'DG-00000005', 'VIR-00000005', 'VIT-00000006', '2007/2/24');
INSERT INTO medication_given VALUES ('P-00000298', 'MED-00000008', 'N-00000223');
INSERT INTO record VALUES ('P-00000299', 'D-00000333', 'DG-00000006', 'VIR-00000002', 'VIT-00000007', '2015/2/24');
INSERT INTO treatment_given VALUES ('P-00000299', 'TRM-00000002', 'Standard', '2014/1/17');
INSERT INTO record VALUES ('P-00000300', 'N-00000241', 'DG-00000015', 'VIR-00000002', 'VIT-00000004', '2012/3/30');
INSERT INTO medication_given VALUES ('P-00000300', 'MED-00000006', 'N-00000241');

